Race Date,Race Name,Product Rank,Product Name,Current Price,Previous Price,Price Change,Team Cumulative Placement,Team Placement Change,Ferrari Driver LEC Pos,Ferrari Driver HAM Pos
Mar 13 - 16,Louis Vuitton Australian GPMelbourne Grand Prix Circuit,1,LEGO,$21.99,N/A,N/A,18,N/A,8,10
Mar 13 - 16,Louis Vuitton Australian GPMelbourne Grand Prix Circuit,2,PUMA,$42.00,N/A,N/A,18,N/A,8,10
Mar 13 - 16,Louis Vuitton Australian GPMelbourne Grand Prix Circuit,3,PUMA,$62.50,$42.00,+$20.50,18,N/A,8,10
Mar 13 - 16,Louis Vuitton Australian GPMelbourne Grand Prix Circuit,4,PUMA,$50.93,$62.50,-$11.57,18,N/A,8,10
Mar 13 - 16,Louis Vuitton Australian GPMelbourne Grand Prix Circuit,5,Metal Tin Signs car Plate enzo Ferrari Bar Pub Cafe Home Decor Retro Poster Vintage Wall 6 x 12 inches,$9.99,N/A,N/A,18,N/A,8,10
Mar 13 - 16,Louis Vuitton Australian GPMelbourne Grand Prix Circuit,6,1:43 SFR Ferrari F1 Team Race Car (2023) with Helmet- Leclerc #16,$23.99,N/A,N/A,18,N/A,8,10
Mar 13 - 16,Louis Vuitton Australian GPMelbourne Grand Prix Circuit,7,Castore,$48.16,N/A,N/A,18,N/A,8,10
Mar 13 - 16,Louis Vuitton Australian GPMelbourne Grand Prix Circuit,8,PUMA,$32.82,$50.93,-$18.11,18,N/A,8,10
Mar 13 - 16,Louis Vuitton Australian GPMelbourne Grand Prix Circuit,9,PUMA,$54.50,$32.82,+$21.68,18,N/A,8,10
Mar 13 - 16,Louis Vuitton Australian GPMelbourne Grand Prix Circuit,10,Bburago,$18.40,N/A,N/A,18,N/A,8,10
Mar 13 - 16,Louis Vuitton Australian GPMelbourne Grand Prix Circuit,11,F1 Poster Wall Art Picture for Youth Room Office Formula 1 Decoration Merchandise Racing Gift (60x40cm),$21.84,N/A,N/A,18,N/A,8,10
Mar 13 - 16,Louis Vuitton Australian GPMelbourne Grand Prix Circuit,12,PUMA,$53.82,$54.50,-$0.68,18,N/A,8,10
Mar 13 - 16,Louis Vuitton Australian GPMelbourne Grand Prix Circuit,13,PUMA,$57.00,$53.82,+$3.18,18,N/A,8,10
Mar 13 - 16,Louis Vuitton Australian GPMelbourne Grand Prix Circuit,14,PUMA,$91.00,$57.00,+$34.00,18,N/A,8,10
Mar 13 - 16,Louis Vuitton Australian GPMelbourne Grand Prix Circuit,15,LEGO,$17.61,$21.99,-$4.38,18,N/A,8,10
Mar 13 - 16,Louis Vuitton Australian GPMelbourne Grand Prix Circuit,16,PUMA,$42.00,$91.00,-$49.00,18,N/A,8,10
Mar 13 - 16,Louis Vuitton Australian GPMelbourne Grand Prix Circuit,17,Castore,$49.00,$48.16,+$0.84,18,N/A,8,10
Mar 13 - 16,Louis Vuitton Australian GPMelbourne Grand Prix Circuit,18,Castore,$53.69,$49.00,+$4.69,18,N/A,8,10
Mar 13 - 16,Louis Vuitton Australian GPMelbourne Grand Prix Circuit,19,PUMA,$108.50,$42.00,+$66.50,18,N/A,8,10
Mar 13 - 16,Louis Vuitton Australian GPMelbourne Grand Prix Circuit,20,F1 Racing Parts Structure Cross Section Art Poster Canvas Wall Art Decorative Aesthetics24x36inch(60x90cm) Unframe-style,$38.98,N/A,N/A,18,N/A,8,10
Mar 20 - 23,Heineken Chinese GPShanghai International Circuit,1,LEGO,$21.99,$17.61,+$4.38,N/A,N/A,DQ,DQ
Mar 20 - 23,Heineken Chinese GPShanghai International Circuit,2,PUMA,$42.00,$108.50,-$66.50,N/A,N/A,DQ,DQ
Mar 20 - 23,Heineken Chinese GPShanghai International Circuit,3,PUMA,$62.50,$42.00,+$20.50,N/A,N/A,DQ,DQ
Mar 20 - 23,Heineken Chinese GPShanghai International Circuit,4,PUMA,$50.93,$62.50,-$11.57,N/A,N/A,DQ,DQ
Mar 20 - 23,Heineken Chinese GPShanghai International Circuit,5,Metal Tin Signs car Plate enzo Ferrari Bar Pub Cafe Home Decor Retro Poster Vintage Wall 6 x 12 inches,$9.99,$9.99,$0.00,N/A,N/A,DQ,DQ
Mar 20 - 23,Heineken Chinese GPShanghai International Circuit,6,1:43 SFR Ferrari F1 Team Race Car (2023) with Helmet- Leclerc #16,$23.99,$23.99,$0.00,N/A,N/A,DQ,DQ
Mar 20 - 23,Heineken Chinese GPShanghai International Circuit,7,Castore,$48.16,$53.69,-$5.53,N/A,N/A,DQ,DQ
Mar 20 - 23,Heineken Chinese GPShanghai International Circuit,8,PUMA,$32.82,$50.93,-$18.11,N/A,N/A,DQ,DQ
Mar 20 - 23,Heineken Chinese GPShanghai International Circuit,9,PUMA,$54.50,$32.82,+$21.68,N/A,N/A,DQ,DQ
Mar 20 - 23,Heineken Chinese GPShanghai International Circuit,10,Bburago,$18.40,$18.40,$0.00,N/A,N/A,DQ,DQ
Mar 20 - 23,Heineken Chinese GPShanghai International Circuit,11,F1 Poster Wall Art Picture for Youth Room Office Formula 1 Decoration Merchandise Racing Gift (60x40cm),$21.84,$21.84,$0.00,N/A,N/A,DQ,DQ
Mar 20 - 23,Heineken Chinese GPShanghai International Circuit,12,PUMA,$53.82,$54.50,-$0.68,N/A,N/A,DQ,DQ
Mar 20 - 23,Heineken Chinese GPShanghai International Circuit,13,PUMA,$57.00,$53.82,+$3.18,N/A,N/A,DQ,DQ
Mar 20 - 23,Heineken Chinese GPShanghai International Circuit,14,PUMA,$91.00,$57.00,+$34.00,N/A,N/A,DQ,DQ
Mar 20 - 23,Heineken Chinese GPShanghai International Circuit,15,LEGO,$17.61,$21.99,-$4.38,N/A,N/A,DQ,DQ
Mar 20 - 23,Heineken Chinese GPShanghai International Circuit,16,PUMA,$42.00,$91.00,-$49.00,N/A,N/A,DQ,DQ
Mar 20 - 23,Heineken Chinese GPShanghai International Circuit,17,Castore,$49.00,$48.16,+$0.84,N/A,N/A,DQ,DQ
Mar 20 - 23,Heineken Chinese GPShanghai International Circuit,18,Castore,$53.69,$49.00,+$4.69,N/A,N/A,DQ,DQ
Mar 20 - 23,Heineken Chinese GPShanghai International Circuit,19,PUMA,$108.50,$42.00,+$66.50,N/A,N/A,DQ,DQ
Mar 20 - 23,Heineken Chinese GPShanghai International Circuit,20,F1 Racing Parts Structure Cross Section Art Poster Canvas Wall Art Decorative Aesthetics24x36inch(60x90cm) Unframe-style,$38.98,$38.98,$0.00,N/A,N/A,DQ,DQ
Apr 3 - 6,Lenovo Japanese GPSuzuka International Racing Course,1,LEGO,$21.99,$17.61,+$4.38,11,-7,4,7
Apr 3 - 6,Lenovo Japanese GPSuzuka International Racing Course,2,PUMA,$42.00,$108.50,-$66.50,11,-7,4,7
Apr 3 - 6,Lenovo Japanese GPSuzuka International Racing Course,3,PUMA,$62.50,$42.00,+$20.50,11,-7,4,7
Apr 3 - 6,Lenovo Japanese GPSuzuka International Racing Course,4,PUMA,$50.93,$62.50,-$11.57,11,-7,4,7
Apr 3 - 6,Lenovo Japanese GPSuzuka International Racing Course,5,Metal Tin Signs car Plate enzo Ferrari Bar Pub Cafe Home Decor Retro Poster Vintage Wall 6 x 12 inches,$9.99,$9.99,$0.00,11,-7,4,7
Apr 3 - 6,Lenovo Japanese GPSuzuka International Racing Course,6,1:43 SFR Ferrari F1 Team Race Car (2023) with Helmet- Leclerc #16,$23.99,$23.99,$0.00,11,-7,4,7
Apr 3 - 6,Lenovo Japanese GPSuzuka International Racing Course,7,Castore,$48.16,$53.69,-$5.53,11,-7,4,7
Apr 3 - 6,Lenovo Japanese GPSuzuka International Racing Course,8,PUMA,$32.82,$50.93,-$18.11,11,-7,4,7
Apr 3 - 6,Lenovo Japanese GPSuzuka International Racing Course,9,PUMA,$54.50,$32.82,+$21.68,11,-7,4,7
Apr 3 - 6,Lenovo Japanese GPSuzuka International Racing Course,10,Bburago,$18.40,$18.40,$0.00,11,-7,4,7
Apr 3 - 6,Lenovo Japanese GPSuzuka International Racing Course,11,F1 Poster Wall Art Picture for Youth Room Office Formula 1 Decoration Merchandise Racing Gift (60x40cm),$21.84,$21.84,$0.00,11,-7,4,7
Apr 3 - 6,Lenovo Japanese GPSuzuka International Racing Course,12,PUMA,$53.82,$54.50,-$0.68,11,-7,4,7
Apr 3 - 6,Lenovo Japanese GPSuzuka International Racing Course,13,PUMA,$57.00,$53.82,+$3.18,11,-7,4,7
Apr 3 - 6,Lenovo Japanese GPSuzuka International Racing Course,14,PUMA,$91.00,$57.00,+$34.00,11,-7,4,7
Apr 3 - 6,Lenovo Japanese GPSuzuka International Racing Course,15,LEGO,$17.61,$21.99,-$4.38,11,-7,4,7
Apr 3 - 6,Lenovo Japanese GPSuzuka International Racing Course,16,PUMA,$42.00,$91.00,-$49.00,11,-7,4,7
Apr 3 - 6,Lenovo Japanese GPSuzuka International Racing Course,17,Castore,$49.00,$48.16,+$0.84,11,-7,4,7
Apr 3 - 6,Lenovo Japanese GPSuzuka International Racing Course,18,Castore,$53.69,$49.00,+$4.69,11,-7,4,7
Apr 3 - 6,Lenovo Japanese GPSuzuka International Racing Course,19,PUMA,$108.50,$42.00,+$66.50,11,-7,4,7
Apr 3 - 6,Lenovo Japanese GPSuzuka International Racing Course,20,F1 Racing Parts Structure Cross Section Art Poster Canvas Wall Art Decorative Aesthetics24x36inch(60x90cm) Unframe-style,$38.98,$38.98,$0.00,11,-7,4,7
Apr 11 - 13,Gulf Air Bahrain GPBahrain International Circuit,1,LEGO,$21.99,$17.61,+$4.38,9,-2,4,5
Apr 11 - 13,Gulf Air Bahrain GPBahrain International Circuit,2,PUMA,$42.00,$108.50,-$66.50,9,-2,4,5
Apr 11 - 13,Gulf Air Bahrain GPBahrain International Circuit,3,PUMA,$62.50,$42.00,+$20.50,9,-2,4,5
Apr 11 - 13,Gulf Air Bahrain GPBahrain International Circuit,4,PUMA,$50.93,$62.50,-$11.57,9,-2,4,5
Apr 11 - 13,Gulf Air Bahrain GPBahrain International Circuit,5,Metal Tin Signs car Plate enzo Ferrari Bar Pub Cafe Home Decor Retro Poster Vintage Wall 6 x 12 inches,$9.99,$9.99,$0.00,9,-2,4,5
Apr 11 - 13,Gulf Air Bahrain GPBahrain International Circuit,6,1:43 SFR Ferrari F1 Team Race Car (2023) with Helmet- Leclerc #16,$23.99,$23.99,$0.00,9,-2,4,5
Apr 11 - 13,Gulf Air Bahrain GPBahrain International Circuit,7,Castore,$48.16,$53.69,-$5.53,9,-2,4,5
Apr 11 - 13,Gulf Air Bahrain GPBahrain International Circuit,8,PUMA,$32.82,$50.93,-$18.11,9,-2,4,5
Apr 11 - 13,Gulf Air Bahrain GPBahrain International Circuit,9,PUMA,$54.50,$32.82,+$21.68,9,-2,4,5
Apr 11 - 13,Gulf Air Bahrain GPBahrain International Circuit,10,Bburago,$18.40,$18.40,$0.00,9,-2,4,5
Apr 11 - 13,Gulf Air Bahrain GPBahrain International Circuit,11,F1 Poster Wall Art Picture for Youth Room Office Formula 1 Decoration Merchandise Racing Gift (60x40cm),$21.84,$21.84,$0.00,9,-2,4,5
Apr 11 - 13,Gulf Air Bahrain GPBahrain International Circuit,12,PUMA,$53.82,$54.50,-$0.68,9,-2,4,5
Apr 11 - 13,Gulf Air Bahrain GPBahrain International Circuit,13,PUMA,$57.00,$53.82,+$3.18,9,-2,4,5
Apr 11 - 13,Gulf Air Bahrain GPBahrain International Circuit,14,PUMA,$91.00,$57.00,+$34.00,9,-2,4,5
Apr 11 - 13,Gulf Air Bahrain GPBahrain International Circuit,15,LEGO,$17.61,$21.99,-$4.38,9,-2,4,5
Apr 11 - 13,Gulf Air Bahrain GPBahrain International Circuit,16,PUMA,$42.00,$91.00,-$49.00,9,-2,4,5
Apr 11 - 13,Gulf Air Bahrain GPBahrain International Circuit,17,Castore,$49.00,$48.16,+$0.84,9,-2,4,5
Apr 11 - 13,Gulf Air Bahrain GPBahrain International Circuit,18,Castore,$53.69,$49.00,+$4.69,9,-2,4,5
Apr 11 - 13,Gulf Air Bahrain GPBahrain International Circuit,19,PUMA,$108.50,$42.00,+$66.50,9,-2,4,5
Apr 11 - 13,Gulf Air Bahrain GPBahrain International Circuit,20,F1 Racing Parts Structure Cross Section Art Poster Canvas Wall Art Decorative Aesthetics24x36inch(60x90cm) Unframe-style,$38.98,$38.98,$0.00,9,-2,4,5
Apr 18 - 20,STC Saudi Arabian GPJeddah Street Circuit,1,LEGO,$21.99,$17.61,+$4.38,10,+1,3,7
Apr 18 - 20,STC Saudi Arabian GPJeddah Street Circuit,2,PUMA,$42.00,$108.50,-$66.50,10,+1,3,7
Apr 18 - 20,STC Saudi Arabian GPJeddah Street Circuit,3,PUMA,$62.50,$42.00,+$20.50,10,+1,3,7
Apr 18 - 20,STC Saudi Arabian GPJeddah Street Circuit,4,PUMA,$50.93,$62.50,-$11.57,10,+1,3,7
Apr 18 - 20,STC Saudi Arabian GPJeddah Street Circuit,5,Metal Tin Signs car Plate enzo Ferrari Bar Pub Cafe Home Decor Retro Poster Vintage Wall 6 x 12 inches,$9.99,$9.99,$0.00,10,+1,3,7
Apr 18 - 20,STC Saudi Arabian GPJeddah Street Circuit,6,1:43 SFR Ferrari F1 Team Race Car (2023) with Helmet- Leclerc #16,$23.99,$23.99,$0.00,10,+1,3,7
Apr 18 - 20,STC Saudi Arabian GPJeddah Street Circuit,7,Castore,$48.16,$53.69,-$5.53,10,+1,3,7
Apr 18 - 20,STC Saudi Arabian GPJeddah Street Circuit,8,PUMA,$32.82,$50.93,-$18.11,10,+1,3,7
Apr 18 - 20,STC Saudi Arabian GPJeddah Street Circuit,9,PUMA,$54.50,$32.82,+$21.68,10,+1,3,7
Apr 18 - 20,STC Saudi Arabian GPJeddah Street Circuit,10,Bburago,$18.40,$18.40,$0.00,10,+1,3,7
Apr 18 - 20,STC Saudi Arabian GPJeddah Street Circuit,11,F1 Poster Wall Art Picture for Youth Room Office Formula 1 Decoration Merchandise Racing Gift (60x40cm),$21.84,$21.84,$0.00,10,+1,3,7
Apr 18 - 20,STC Saudi Arabian GPJeddah Street Circuit,12,PUMA,$53.82,$54.50,-$0.68,10,+1,3,7
Apr 18 - 20,STC Saudi Arabian GPJeddah Street Circuit,13,PUMA,$57.00,$53.82,+$3.18,10,+1,3,7
Apr 18 - 20,STC Saudi Arabian GPJeddah Street Circuit,14,PUMA,$91.00,$57.00,+$34.00,10,+1,3,7
Apr 18 - 20,STC Saudi Arabian GPJeddah Street Circuit,15,LEGO,$17.61,$21.99,-$4.38,10,+1,3,7
Apr 18 - 20,STC Saudi Arabian GPJeddah Street Circuit,16,PUMA,$42.00,$91.00,-$49.00,10,+1,3,7
Apr 18 - 20,STC Saudi Arabian GPJeddah Street Circuit,17,Castore,$49.00,$48.16,+$0.84,10,+1,3,7
Apr 18 - 20,STC Saudi Arabian GPJeddah Street Circuit,18,Castore,$53.69,$49.00,+$4.69,10,+1,3,7
Apr 18 - 20,STC Saudi Arabian GPJeddah Street Circuit,19,PUMA,$108.50,$42.00,+$66.50,10,+1,3,7
Apr 18 - 20,STC Saudi Arabian GPJeddah Street Circuit,20,F1 Racing Parts Structure Cross Section Art Poster Canvas Wall Art Decorative Aesthetics24x36inch(60x90cm) Unframe-style,$38.98,$38.98,$0.00,10,+1,3,7
May 2 - 4,Crypto.com Miami GPMiami International Autodrome,1,LEGO,$21.99,$17.61,+$4.38,15,+5,7,8
May 2 - 4,Crypto.com Miami GPMiami International Autodrome,2,PUMA,$42.00,$108.50,-$66.50,15,+5,7,8
May 2 - 4,Crypto.com Miami GPMiami International Autodrome,3,PUMA,$62.50,$42.00,+$20.50,15,+5,7,8
May 2 - 4,Crypto.com Miami GPMiami International Autodrome,4,PUMA,$50.93,$62.50,-$11.57,15,+5,7,8
May 2 - 4,Crypto.com Miami GPMiami International Autodrome,5,Metal Tin Signs car Plate enzo Ferrari Bar Pub Cafe Home Decor Retro Poster Vintage Wall 6 x 12 inches,$9.99,$9.99,$0.00,15,+5,7,8
May 2 - 4,Crypto.com Miami GPMiami International Autodrome,6,1:43 SFR Ferrari F1 Team Race Car (2023) with Helmet- Leclerc #16,$23.99,$23.99,$0.00,15,+5,7,8
May 2 - 4,Crypto.com Miami GPMiami International Autodrome,7,Castore,$48.16,$53.69,-$5.53,15,+5,7,8
May 2 - 4,Crypto.com Miami GPMiami International Autodrome,8,PUMA,$32.82,$50.93,-$18.11,15,+5,7,8
May 2 - 4,Crypto.com Miami GPMiami International Autodrome,9,PUMA,$54.50,$32.82,+$21.68,15,+5,7,8
May 2 - 4,Crypto.com Miami GPMiami International Autodrome,10,Bburago,$18.40,$18.40,$0.00,15,+5,7,8
May 2 - 4,Crypto.com Miami GPMiami International Autodrome,11,F1 Poster Wall Art Picture for Youth Room Office Formula 1 Decoration Merchandise Racing Gift (60x40cm),$21.84,$21.84,$0.00,15,+5,7,8
May 2 - 4,Crypto.com Miami GPMiami International Autodrome,12,PUMA,$53.82,$54.50,-$0.68,15,+5,7,8
May 2 - 4,Crypto.com Miami GPMiami International Autodrome,13,PUMA,$57.00,$53.82,+$3.18,15,+5,7,8
May 2 - 4,Crypto.com Miami GPMiami International Autodrome,14,PUMA,$91.00,$57.00,+$34.00,15,+5,7,8
May 2 - 4,Crypto.com Miami GPMiami International Autodrome,15,LEGO,$17.61,$21.99,-$4.38,15,+5,7,8
May 2 - 4,Crypto.com Miami GPMiami International Autodrome,16,PUMA,$42.00,$91.00,-$49.00,15,+5,7,8
May 2 - 4,Crypto.com Miami GPMiami International Autodrome,17,Castore,$49.00,$48.16,+$0.84,15,+5,7,8
May 2 - 4,Crypto.com Miami GPMiami International Autodrome,18,Castore,$53.69,$49.00,+$4.69,15,+5,7,8
May 2 - 4,Crypto.com Miami GPMiami International Autodrome,19,PUMA,$108.50,$42.00,+$66.50,15,+5,7,8
May 2 - 4,Crypto.com Miami GPMiami International Autodrome,20,F1 Racing Parts Structure Cross Section Art Poster Canvas Wall Art Decorative Aesthetics24x36inch(60x90cm) Unframe-style,$38.98,$38.98,$0.00,15,+5,7,8
May 16 - 18,AWS Made in Italy Emilia Romagna GPAutodromo Enzo e Dino Ferrari,1,LEGO,$21.99,$17.61,+$4.38,10,-5,6,4
May 16 - 18,AWS Made in Italy Emilia Romagna GPAutodromo Enzo e Dino Ferrari,2,PUMA,$42.00,$108.50,-$66.50,10,-5,6,4
May 16 - 18,AWS Made in Italy Emilia Romagna GPAutodromo Enzo e Dino Ferrari,3,PUMA,$62.50,$42.00,+$20.50,10,-5,6,4
May 16 - 18,AWS Made in Italy Emilia Romagna GPAutodromo Enzo e Dino Ferrari,4,PUMA,$50.93,$62.50,-$11.57,10,-5,6,4
May 16 - 18,AWS Made in Italy Emilia Romagna GPAutodromo Enzo e Dino Ferrari,5,Metal Tin Signs car Plate enzo Ferrari Bar Pub Cafe Home Decor Retro Poster Vintage Wall 6 x 12 inches,$9.99,$9.99,$0.00,10,-5,6,4
May 16 - 18,AWS Made in Italy Emilia Romagna GPAutodromo Enzo e Dino Ferrari,6,1:43 SFR Ferrari F1 Team Race Car (2023) with Helmet- Leclerc #16,$23.99,$23.99,$0.00,10,-5,6,4
May 16 - 18,AWS Made in Italy Emilia Romagna GPAutodromo Enzo e Dino Ferrari,7,Castore,$48.16,$53.69,-$5.53,10,-5,6,4
May 16 - 18,AWS Made in Italy Emilia Romagna GPAutodromo Enzo e Dino Ferrari,8,PUMA,$32.82,$50.93,-$18.11,10,-5,6,4
May 16 - 18,AWS Made in Italy Emilia Romagna GPAutodromo Enzo e Dino Ferrari,9,PUMA,$54.50,$32.82,+$21.68,10,-5,6,4
May 16 - 18,AWS Made in Italy Emilia Romagna GPAutodromo Enzo e Dino Ferrari,10,Bburago,$18.40,$18.40,$0.00,10,-5,6,4
May 16 - 18,AWS Made in Italy Emilia Romagna GPAutodromo Enzo e Dino Ferrari,11,F1 Poster Wall Art Picture for Youth Room Office Formula 1 Decoration Merchandise Racing Gift (60x40cm),$21.84,$21.84,$0.00,10,-5,6,4
May 16 - 18,AWS Made in Italy Emilia Romagna GPAutodromo Enzo e Dino Ferrari,12,PUMA,$53.82,$54.50,-$0.68,10,-5,6,4
May 16 - 18,AWS Made in Italy Emilia Romagna GPAutodromo Enzo e Dino Ferrari,13,PUMA,$57.00,$53.82,+$3.18,10,-5,6,4
May 16 - 18,AWS Made in Italy Emilia Romagna GPAutodromo Enzo e Dino Ferrari,14,PUMA,$91.00,$57.00,+$34.00,10,-5,6,4
May 16 - 18,AWS Made in Italy Emilia Romagna GPAutodromo Enzo e Dino Ferrari,15,LEGO,$17.61,$21.99,-$4.38,10,-5,6,4
May 16 - 18,AWS Made in Italy Emilia Romagna GPAutodromo Enzo e Dino Ferrari,16,PUMA,$42.00,$91.00,-$49.00,10,-5,6,4
May 16 - 18,AWS Made in Italy Emilia Romagna GPAutodromo Enzo e Dino Ferrari,17,Castore,$49.00,$48.16,+$0.84,10,-5,6,4
May 16 - 18,AWS Made in Italy Emilia Romagna GPAutodromo Enzo e Dino Ferrari,18,Castore,$53.69,$49.00,+$4.69,10,-5,6,4
May 16 - 18,AWS Made in Italy Emilia Romagna GPAutodromo Enzo e Dino Ferrari,19,PUMA,$108.50,$42.00,+$66.50,10,-5,6,4
May 16 - 18,AWS Made in Italy Emilia Romagna GPAutodromo Enzo e Dino Ferrari,20,F1 Racing Parts Structure Cross Section Art Poster Canvas Wall Art Decorative Aesthetics24x36inch(60x90cm) Unframe-style,$38.98,$38.98,$0.00,10,-5,6,4
May 23 - 25,Tag Heuer Monaco GPCircuit de Monaco,1,LEGO,$21.99,$17.61,+$4.38,7,-3,2,5
May 23 - 25,Tag Heuer Monaco GPCircuit de Monaco,2,PUMA,$42.00,$108.50,-$66.50,7,-3,2,5
May 23 - 25,Tag Heuer Monaco GPCircuit de Monaco,3,PUMA,$62.50,$42.00,+$20.50,7,-3,2,5
May 23 - 25,Tag Heuer Monaco GPCircuit de Monaco,4,PUMA,$50.93,$62.50,-$11.57,7,-3,2,5
May 23 - 25,Tag Heuer Monaco GPCircuit de Monaco,5,Metal Tin Signs car Plate enzo Ferrari Bar Pub Cafe Home Decor Retro Poster Vintage Wall 6 x 12 inches,$9.99,$9.99,$0.00,7,-3,2,5
May 23 - 25,Tag Heuer Monaco GPCircuit de Monaco,6,1:43 SFR Ferrari F1 Team Race Car (2023) with Helmet- Leclerc #16,$23.99,$23.99,$0.00,7,-3,2,5
May 23 - 25,Tag Heuer Monaco GPCircuit de Monaco,7,Castore,$48.16,$53.69,-$5.53,7,-3,2,5
May 23 - 25,Tag Heuer Monaco GPCircuit de Monaco,8,PUMA,$32.82,$50.93,-$18.11,7,-3,2,5
May 23 - 25,Tag Heuer Monaco GPCircuit de Monaco,9,PUMA,$54.50,$32.82,+$21.68,7,-3,2,5
May 23 - 25,Tag Heuer Monaco GPCircuit de Monaco,10,Bburago,$18.40,$18.40,$0.00,7,-3,2,5
May 23 - 25,Tag Heuer Monaco GPCircuit de Monaco,11,F1 Poster Wall Art Picture for Youth Room Office Formula 1 Decoration Merchandise Racing Gift (60x40cm),$21.84,$21.84,$0.00,7,-3,2,5
May 23 - 25,Tag Heuer Monaco GPCircuit de Monaco,12,PUMA,$53.82,$54.50,-$0.68,7,-3,2,5
May 23 - 25,Tag Heuer Monaco GPCircuit de Monaco,13,PUMA,$57.00,$53.82,+$3.18,7,-3,2,5
May 23 - 25,Tag Heuer Monaco GPCircuit de Monaco,14,PUMA,$91.00,$57.00,+$34.00,7,-3,2,5
May 23 - 25,Tag Heuer Monaco GPCircuit de Monaco,15,LEGO,$17.61,$21.99,-$4.38,7,-3,2,5
May 23 - 25,Tag Heuer Monaco GPCircuit de Monaco,16,PUMA,$42.00,$91.00,-$49.00,7,-3,2,5
May 23 - 25,Tag Heuer Monaco GPCircuit de Monaco,17,Castore,$49.00,$48.16,+$0.84,7,-3,2,5
May 23 - 25,Tag Heuer Monaco GPCircuit de Monaco,18,Castore,$53.69,$49.00,+$4.69,7,-3,2,5
May 23 - 25,Tag Heuer Monaco GPCircuit de Monaco,19,PUMA,$108.50,$42.00,+$66.50,7,-3,2,5
May 23 - 25,Tag Heuer Monaco GPCircuit de Monaco,20,F1 Racing Parts Structure Cross Section Art Poster Canvas Wall Art Decorative Aesthetics24x36inch(60x90cm) Unframe-style,$38.98,$38.98,$0.00,7,-3,2,5
May 30 - Jun 1,Aramco Spanish GPMadring,1,LEGO,$21.99,$17.61,+$4.38,9,+2,3,6
May 30 - Jun 1,Aramco Spanish GPMadring,2,PUMA,$42.00,$108.50,-$66.50,9,+2,3,6
May 30 - Jun 1,Aramco Spanish GPMadring,3,PUMA,$62.50,$42.00,+$20.50,9,+2,3,6
May 30 - Jun 1,Aramco Spanish GPMadring,4,PUMA,$50.93,$62.50,-$11.57,9,+2,3,6
May 30 - Jun 1,Aramco Spanish GPMadring,5,Metal Tin Signs car Plate enzo Ferrari Bar Pub Cafe Home Decor Retro Poster Vintage Wall 6 x 12 inches,$9.99,$9.99,$0.00,9,+2,3,6
May 30 - Jun 1,Aramco Spanish GPMadring,6,1:43 SFR Ferrari F1 Team Race Car (2023) with Helmet- Leclerc #16,$23.99,$23.99,$0.00,9,+2,3,6
May 30 - Jun 1,Aramco Spanish GPMadring,7,Castore,$48.16,$53.69,-$5.53,9,+2,3,6
May 30 - Jun 1,Aramco Spanish GPMadring,8,PUMA,$32.82,$50.93,-$18.11,9,+2,3,6
May 30 - Jun 1,Aramco Spanish GPMadring,9,PUMA,$54.50,$32.82,+$21.68,9,+2,3,6
May 30 - Jun 1,Aramco Spanish GPMadring,10,Bburago,$18.40,$18.40,$0.00,9,+2,3,6
May 30 - Jun 1,Aramco Spanish GPMadring,11,F1 Poster Wall Art Picture for Youth Room Office Formula 1 Decoration Merchandise Racing Gift (60x40cm),$21.84,$21.84,$0.00,9,+2,3,6
May 30 - Jun 1,Aramco Spanish GPMadring,12,PUMA,$53.82,$54.50,-$0.68,9,+2,3,6
May 30 - Jun 1,Aramco Spanish GPMadring,13,PUMA,$57.00,$53.82,+$3.18,9,+2,3,6
May 30 - Jun 1,Aramco Spanish GPMadring,14,PUMA,$91.00,$57.00,+$34.00,9,+2,3,6
May 30 - Jun 1,Aramco Spanish GPMadring,15,LEGO,$17.61,$21.99,-$4.38,9,+2,3,6
May 30 - Jun 1,Aramco Spanish GPMadring,16,PUMA,$42.00,$91.00,-$49.00,9,+2,3,6
May 30 - Jun 1,Aramco Spanish GPMadring,17,Castore,$49.00,$48.16,+$0.84,9,+2,3,6
May 30 - Jun 1,Aramco Spanish GPMadring,18,Castore,$53.69,$49.00,+$4.69,9,+2,3,6
May 30 - Jun 1,Aramco Spanish GPMadring,19,PUMA,$108.50,$42.00,+$66.50,9,+2,3,6
May 30 - Jun 1,Aramco Spanish GPMadring,20,F1 Racing Parts Structure Cross Section Art Poster Canvas Wall Art Decorative Aesthetics24x36inch(60x90cm) Unframe-style,$38.98,$38.98,$0.00,9,+2,3,6
Jun 13 - 15,Pirelli Canadian GPCircuit Gilles-Villeneuve,1,LEGO,$21.99,$17.61,+$4.38,11,+2,5,6
Jun 13 - 15,Pirelli Canadian GPCircuit Gilles-Villeneuve,2,PUMA,$42.00,$108.50,-$66.50,11,+2,5,6
Jun 13 - 15,Pirelli Canadian GPCircuit Gilles-Villeneuve,3,PUMA,$62.50,$42.00,+$20.50,11,+2,5,6
Jun 13 - 15,Pirelli Canadian GPCircuit Gilles-Villeneuve,4,PUMA,$50.93,$62.50,-$11.57,11,+2,5,6
Jun 13 - 15,Pirelli Canadian GPCircuit Gilles-Villeneuve,5,Metal Tin Signs car Plate enzo Ferrari Bar Pub Cafe Home Decor Retro Poster Vintage Wall 6 x 12 inches,$9.99,$9.99,$0.00,11,+2,5,6
Jun 13 - 15,Pirelli Canadian GPCircuit Gilles-Villeneuve,6,1:43 SFR Ferrari F1 Team Race Car (2023) with Helmet- Leclerc #16,$23.99,$23.99,$0.00,11,+2,5,6
Jun 13 - 15,Pirelli Canadian GPCircuit Gilles-Villeneuve,7,Castore,$48.16,$53.69,-$5.53,11,+2,5,6
Jun 13 - 15,Pirelli Canadian GPCircuit Gilles-Villeneuve,8,PUMA,$32.82,$50.93,-$18.11,11,+2,5,6
Jun 13 - 15,Pirelli Canadian GPCircuit Gilles-Villeneuve,9,PUMA,$54.50,$32.82,+$21.68,11,+2,5,6
Jun 13 - 15,Pirelli Canadian GPCircuit Gilles-Villeneuve,10,Bburago,$18.40,$18.40,$0.00,11,+2,5,6
Jun 13 - 15,Pirelli Canadian GPCircuit Gilles-Villeneuve,11,F1 Poster Wall Art Picture for Youth Room Office Formula 1 Decoration Merchandise Racing Gift (60x40cm),$21.84,$21.84,$0.00,11,+2,5,6
Jun 13 - 15,Pirelli Canadian GPCircuit Gilles-Villeneuve,12,PUMA,$53.82,$54.50,-$0.68,11,+2,5,6
Jun 13 - 15,Pirelli Canadian GPCircuit Gilles-Villeneuve,13,PUMA,$57.00,$53.82,+$3.18,11,+2,5,6
Jun 13 - 15,Pirelli Canadian GPCircuit Gilles-Villeneuve,14,PUMA,$91.00,$57.00,+$34.00,11,+2,5,6
Jun 13 - 15,Pirelli Canadian GPCircuit Gilles-Villeneuve,15,LEGO,$17.61,$21.99,-$4.38,11,+2,5,6
Jun 13 - 15,Pirelli Canadian GPCircuit Gilles-Villeneuve,16,PUMA,$42.00,$91.00,-$49.00,11,+2,5,6
Jun 13 - 15,Pirelli Canadian GPCircuit Gilles-Villeneuve,17,Castore,$49.00,$48.16,+$0.84,11,+2,5,6
Jun 13 - 15,Pirelli Canadian GPCircuit Gilles-Villeneuve,18,Castore,$53.69,$49.00,+$4.69,11,+2,5,6
Jun 13 - 15,Pirelli Canadian GPCircuit Gilles-Villeneuve,19,PUMA,$108.50,$42.00,+$66.50,11,+2,5,6
Jun 13 - 15,Pirelli Canadian GPCircuit Gilles-Villeneuve,20,F1 Racing Parts Structure Cross Section Art Poster Canvas Wall Art Decorative Aesthetics24x36inch(60x90cm) Unframe-style,$38.98,$38.98,$0.00,11,+2,5,6
Jun 27 - 29,MSC Cruises Austrian GPRed Bull Ring,1,LEGO,$21.99,$17.61,+$4.38,7,-4,3,4
Jun 27 - 29,MSC Cruises Austrian GPRed Bull Ring,2,PUMA,$42.00,$108.50,-$66.50,7,-4,3,4
Jun 27 - 29,MSC Cruises Austrian GPRed Bull Ring,3,PUMA,$62.50,$42.00,+$20.50,7,-4,3,4
Jun 27 - 29,MSC Cruises Austrian GPRed Bull Ring,4,PUMA,$50.93,$62.50,-$11.57,7,-4,3,4
Jun 27 - 29,MSC Cruises Austrian GPRed Bull Ring,5,Metal Tin Signs car Plate enzo Ferrari Bar Pub Cafe Home Decor Retro Poster Vintage Wall 6 x 12 inches,$9.99,$9.99,$0.00,7,-4,3,4
Jun 27 - 29,MSC Cruises Austrian GPRed Bull Ring,6,1:43 SFR Ferrari F1 Team Race Car (2023) with Helmet- Leclerc #16,$23.99,$23.99,$0.00,7,-4,3,4
Jun 27 - 29,MSC Cruises Austrian GPRed Bull Ring,7,Castore,$48.16,$53.69,-$5.53,7,-4,3,4
Jun 27 - 29,MSC Cruises Austrian GPRed Bull Ring,8,PUMA,$32.82,$50.93,-$18.11,7,-4,3,4
Jun 27 - 29,MSC Cruises Austrian GPRed Bull Ring,9,PUMA,$54.50,$32.82,+$21.68,7,-4,3,4
Jun 27 - 29,MSC Cruises Austrian GPRed Bull Ring,10,Bburago,$18.40,$18.40,$0.00,7,-4,3,4
Jun 27 - 29,MSC Cruises Austrian GPRed Bull Ring,11,F1 Poster Wall Art Picture for Youth Room Office Formula 1 Decoration Merchandise Racing Gift (60x40cm),$21.84,$21.84,$0.00,7,-4,3,4
Jun 27 - 29,MSC Cruises Austrian GPRed Bull Ring,12,PUMA,$53.82,$54.50,-$0.68,7,-4,3,4
Jun 27 - 29,MSC Cruises Austrian GPRed Bull Ring,13,PUMA,$57.00,$53.82,+$3.18,7,-4,3,4
Jun 27 - 29,MSC Cruises Austrian GPRed Bull Ring,14,PUMA,$91.00,$57.00,+$34.00,7,-4,3,4
Jun 27 - 29,MSC Cruises Austrian GPRed Bull Ring,15,LEGO,$17.61,$21.99,-$4.38,7,-4,3,4
Jun 27 - 29,MSC Cruises Austrian GPRed Bull Ring,16,PUMA,$42.00,$91.00,-$49.00,7,-4,3,4
Jun 27 - 29,MSC Cruises Austrian GPRed Bull Ring,17,Castore,$49.00,$48.16,+$0.84,7,-4,3,4
Jun 27 - 29,MSC Cruises Austrian GPRed Bull Ring,18,Castore,$53.69,$49.00,+$4.69,7,-4,3,4
Jun 27 - 29,MSC Cruises Austrian GPRed Bull Ring,19,PUMA,$108.50,$42.00,+$66.50,7,-4,3,4
Jun 27 - 29,MSC Cruises Austrian GPRed Bull Ring,20,F1 Racing Parts Structure Cross Section Art Poster Canvas Wall Art Decorative Aesthetics24x36inch(60x90cm) Unframe-style,$38.98,$38.98,$0.00,7,-4,3,4
Jul 4 - 6,Qatar Airways British GPSilverstone Circuit,1,LEGO,$21.99,$17.61,+$4.38,18,+11,14,4
Jul 4 - 6,Qatar Airways British GPSilverstone Circuit,2,PUMA,$42.00,$108.50,-$66.50,18,+11,14,4
Jul 4 - 6,Qatar Airways British GPSilverstone Circuit,3,PUMA,$62.50,$42.00,+$20.50,18,+11,14,4
Jul 4 - 6,Qatar Airways British GPSilverstone Circuit,4,PUMA,$50.93,$62.50,-$11.57,18,+11,14,4
Jul 4 - 6,Qatar Airways British GPSilverstone Circuit,5,Metal Tin Signs car Plate enzo Ferrari Bar Pub Cafe Home Decor Retro Poster Vintage Wall 6 x 12 inches,$9.99,$9.99,$0.00,18,+11,14,4
Jul 4 - 6,Qatar Airways British GPSilverstone Circuit,6,1:43 SFR Ferrari F1 Team Race Car (2023) with Helmet- Leclerc #16,$23.99,$23.99,$0.00,18,+11,14,4
Jul 4 - 6,Qatar Airways British GPSilverstone Circuit,7,Castore,$48.16,$53.69,-$5.53,18,+11,14,4
Jul 4 - 6,Qatar Airways British GPSilverstone Circuit,8,PUMA,$32.82,$50.93,-$18.11,18,+11,14,4
Jul 4 - 6,Qatar Airways British GPSilverstone Circuit,9,PUMA,$54.50,$32.82,+$21.68,18,+11,14,4
Jul 4 - 6,Qatar Airways British GPSilverstone Circuit,10,Bburago,$18.40,$18.40,$0.00,18,+11,14,4
Jul 4 - 6,Qatar Airways British GPSilverstone Circuit,11,F1 Poster Wall Art Picture for Youth Room Office Formula 1 Decoration Merchandise Racing Gift (60x40cm),$21.84,$21.84,$0.00,18,+11,14,4
Jul 4 - 6,Qatar Airways British GPSilverstone Circuit,12,PUMA,$53.82,$54.50,-$0.68,18,+11,14,4
Jul 4 - 6,Qatar Airways British GPSilverstone Circuit,13,PUMA,$57.00,$53.82,+$3.18,18,+11,14,4
Jul 4 - 6,Qatar Airways British GPSilverstone Circuit,14,PUMA,$91.00,$57.00,+$34.00,18,+11,14,4
Jul 4 - 6,Qatar Airways British GPSilverstone Circuit,15,LEGO,$17.61,$21.99,-$4.38,18,+11,14,4
Jul 4 - 6,Qatar Airways British GPSilverstone Circuit,16,PUMA,$42.00,$91.00,-$49.00,18,+11,14,4
Jul 4 - 6,Qatar Airways British GPSilverstone Circuit,17,Castore,$49.00,$48.16,+$0.84,18,+11,14,4
Jul 4 - 6,Qatar Airways British GPSilverstone Circuit,18,Castore,$53.69,$49.00,+$4.69,18,+11,14,4
Jul 4 - 6,Qatar Airways British GPSilverstone Circuit,19,PUMA,$108.50,$42.00,+$66.50,18,+11,14,4
Jul 4 - 6,Qatar Airways British GPSilverstone Circuit,20,F1 Racing Parts Structure Cross Section Art Poster Canvas Wall Art Decorative Aesthetics24x36inch(60x90cm) Unframe-style,$38.98,$38.98,$0.00,18,+11,14,4
Jul 25 - 27,Moët & Chandon Belgian GPCircuit de Spa-Francorchamps,1,LEGO,$21.99,$17.61,+$4.38,10,-8,3,7
Jul 25 - 27,Moët & Chandon Belgian GPCircuit de Spa-Francorchamps,2,PUMA,$42.00,$108.50,-$66.50,10,-8,3,7
Jul 25 - 27,Moët & Chandon Belgian GPCircuit de Spa-Francorchamps,3,PUMA,$62.50,$42.00,+$20.50,10,-8,3,7
Jul 25 - 27,Moët & Chandon Belgian GPCircuit de Spa-Francorchamps,4,PUMA,$50.93,$62.50,-$11.57,10,-8,3,7
Jul 25 - 27,Moët & Chandon Belgian GPCircuit de Spa-Francorchamps,5,Metal Tin Signs car Plate enzo Ferrari Bar Pub Cafe Home Decor Retro Poster Vintage Wall 6 x 12 inches,$9.99,$9.99,$0.00,10,-8,3,7
Jul 25 - 27,Moët & Chandon Belgian GPCircuit de Spa-Francorchamps,6,1:43 SFR Ferrari F1 Team Race Car (2023) with Helmet- Leclerc #16,$23.99,$23.99,$0.00,10,-8,3,7
Jul 25 - 27,Moët & Chandon Belgian GPCircuit de Spa-Francorchamps,7,Castore,$48.16,$53.69,-$5.53,10,-8,3,7
Jul 25 - 27,Moët & Chandon Belgian GPCircuit de Spa-Francorchamps,8,PUMA,$32.82,$50.93,-$18.11,10,-8,3,7
Jul 25 - 27,Moët & Chandon Belgian GPCircuit de Spa-Francorchamps,9,PUMA,$54.50,$32.82,+$21.68,10,-8,3,7
Jul 25 - 27,Moët & Chandon Belgian GPCircuit de Spa-Francorchamps,10,Bburago,$18.40,$18.40,$0.00,10,-8,3,7
Jul 25 - 27,Moët & Chandon Belgian GPCircuit de Spa-Francorchamps,11,F1 Poster Wall Art Picture for Youth Room Office Formula 1 Decoration Merchandise Racing Gift (60x40cm),$21.84,$21.84,$0.00,10,-8,3,7
Jul 25 - 27,Moët & Chandon Belgian GPCircuit de Spa-Francorchamps,12,PUMA,$53.82,$54.50,-$0.68,10,-8,3,7
Jul 25 - 27,Moët & Chandon Belgian GPCircuit de Spa-Francorchamps,13,PUMA,$57.00,$53.82,+$3.18,10,-8,3,7
Jul 25 - 27,Moët & Chandon Belgian GPCircuit de Spa-Francorchamps,14,PUMA,$91.00,$57.00,+$34.00,10,-8,3,7
Jul 25 - 27,Moët & Chandon Belgian GPCircuit de Spa-Francorchamps,15,LEGO,$17.61,$21.99,-$4.38,10,-8,3,7
Jul 25 - 27,Moët & Chandon Belgian GPCircuit de Spa-Francorchamps,16,PUMA,$42.00,$91.00,-$49.00,10,-8,3,7
Jul 25 - 27,Moët & Chandon Belgian GPCircuit de Spa-Francorchamps,17,Castore,$49.00,$48.16,+$0.84,10,-8,3,7
Jul 25 - 27,Moët & Chandon Belgian GPCircuit de Spa-Francorchamps,18,Castore,$53.69,$49.00,+$4.69,10,-8,3,7
Jul 25 - 27,Moët & Chandon Belgian GPCircuit de Spa-Francorchamps,19,PUMA,$108.50,$42.00,+$66.50,10,-8,3,7
Jul 25 - 27,Moët & Chandon Belgian GPCircuit de Spa-Francorchamps,20,F1 Racing Parts Structure Cross Section Art Poster Canvas Wall Art Decorative Aesthetics24x36inch(60x90cm) Unframe-style,$38.98,$38.98,$0.00,10,-8,3,7
Aug 1 - 3,Lenovo Hungarian GPHungaroring,1,LEGO,$21.99,$17.61,+$4.38,16,+6,4,12
Aug 1 - 3,Lenovo Hungarian GPHungaroring,2,PUMA,$42.00,$108.50,-$66.50,16,+6,4,12
Aug 1 - 3,Lenovo Hungarian GPHungaroring,3,PUMA,$62.50,$42.00,+$20.50,16,+6,4,12
Aug 1 - 3,Lenovo Hungarian GPHungaroring,4,PUMA,$50.93,$62.50,-$11.57,16,+6,4,12
Aug 1 - 3,Lenovo Hungarian GPHungaroring,5,Metal Tin Signs car Plate enzo Ferrari Bar Pub Cafe Home Decor Retro Poster Vintage Wall 6 x 12 inches,$9.99,$9.99,$0.00,16,+6,4,12
Aug 1 - 3,Lenovo Hungarian GPHungaroring,6,1:43 SFR Ferrari F1 Team Race Car (2023) with Helmet- Leclerc #16,$23.99,$23.99,$0.00,16,+6,4,12
Aug 1 - 3,Lenovo Hungarian GPHungaroring,7,Castore,$48.16,$53.69,-$5.53,16,+6,4,12
Aug 1 - 3,Lenovo Hungarian GPHungaroring,8,PUMA,$32.82,$50.93,-$18.11,16,+6,4,12
Aug 1 - 3,Lenovo Hungarian GPHungaroring,9,PUMA,$54.50,$32.82,+$21.68,16,+6,4,12
Aug 1 - 3,Lenovo Hungarian GPHungaroring,10,Bburago,$18.40,$18.40,$0.00,16,+6,4,12
Aug 1 - 3,Lenovo Hungarian GPHungaroring,11,F1 Poster Wall Art Picture for Youth Room Office Formula 1 Decoration Merchandise Racing Gift (60x40cm),$21.84,$21.84,$0.00,16,+6,4,12
Aug 1 - 3,Lenovo Hungarian GPHungaroring,12,PUMA,$53.82,$54.50,-$0.68,16,+6,4,12
Aug 1 - 3,Lenovo Hungarian GPHungaroring,13,PUMA,$57.00,$53.82,+$3.18,16,+6,4,12
Aug 1 - 3,Lenovo Hungarian GPHungaroring,14,PUMA,$91.00,$57.00,+$34.00,16,+6,4,12
Aug 1 - 3,Lenovo Hungarian GPHungaroring,15,LEGO,$17.61,$21.99,-$4.38,16,+6,4,12
Aug 1 - 3,Lenovo Hungarian GPHungaroring,16,PUMA,$42.00,$91.00,-$49.00,16,+6,4,12
Aug 1 - 3,Lenovo Hungarian GPHungaroring,17,Castore,$49.00,$48.16,+$0.84,16,+6,4,12
Aug 1 - 3,Lenovo Hungarian GPHungaroring,18,Castore,$53.69,$49.00,+$4.69,16,+6,4,12
Aug 1 - 3,Lenovo Hungarian GPHungaroring,19,PUMA,$108.50,$42.00,+$66.50,16,+6,4,12
Aug 1 - 3,Lenovo Hungarian GPHungaroring,20,F1 Racing Parts Structure Cross Section Art Poster Canvas Wall Art Decorative Aesthetics24x36inch(60x90cm) Unframe-style,$38.98,$38.98,$0.00,16,+6,4,12
Aug 29 - 31,Heineken Dutch GPCircuit Park Zandvoort,1,LEGO,$21.99,$17.61,+$4.38,N/A,N/A,Ret,Ret
Aug 29 - 31,Heineken Dutch GPCircuit Park Zandvoort,2,PUMA,$42.00,$108.50,-$66.50,N/A,N/A,Ret,Ret
Aug 29 - 31,Heineken Dutch GPCircuit Park Zandvoort,3,PUMA,$62.50,$42.00,+$20.50,N/A,N/A,Ret,Ret
Aug 29 - 31,Heineken Dutch GPCircuit Park Zandvoort,4,PUMA,$50.93,$62.50,-$11.57,N/A,N/A,Ret,Ret
Aug 29 - 31,Heineken Dutch GPCircuit Park Zandvoort,5,Metal Tin Signs car Plate enzo Ferrari Bar Pub Cafe Home Decor Retro Poster Vintage Wall 6 x 12 inches,$9.99,$9.99,$0.00,N/A,N/A,Ret,Ret
Aug 29 - 31,Heineken Dutch GPCircuit Park Zandvoort,6,1:43 SFR Ferrari F1 Team Race Car (2023) with Helmet- Leclerc #16,$23.99,$23.99,$0.00,N/A,N/A,Ret,Ret
Aug 29 - 31,Heineken Dutch GPCircuit Park Zandvoort,7,Castore,$48.16,$53.69,-$5.53,N/A,N/A,Ret,Ret
Aug 29 - 31,Heineken Dutch GPCircuit Park Zandvoort,8,PUMA,$32.82,$50.93,-$18.11,N/A,N/A,Ret,Ret
Aug 29 - 31,Heineken Dutch GPCircuit Park Zandvoort,9,PUMA,$54.50,$32.82,+$21.68,N/A,N/A,Ret,Ret
Aug 29 - 31,Heineken Dutch GPCircuit Park Zandvoort,10,Bburago,$18.40,$18.40,$0.00,N/A,N/A,Ret,Ret
Aug 29 - 31,Heineken Dutch GPCircuit Park Zandvoort,11,F1 Poster Wall Art Picture for Youth Room Office Formula 1 Decoration Merchandise Racing Gift (60x40cm),$21.84,$21.84,$0.00,N/A,N/A,Ret,Ret
Aug 29 - 31,Heineken Dutch GPCircuit Park Zandvoort,12,PUMA,$53.82,$54.50,-$0.68,N/A,N/A,Ret,Ret
Aug 29 - 31,Heineken Dutch GPCircuit Park Zandvoort,13,PUMA,$57.00,$53.82,+$3.18,N/A,N/A,Ret,Ret
Aug 29 - 31,Heineken Dutch GPCircuit Park Zandvoort,14,PUMA,$91.00,$57.00,+$34.00,N/A,N/A,Ret,Ret
Aug 29 - 31,Heineken Dutch GPCircuit Park Zandvoort,15,LEGO,$17.61,$21.99,-$4.38,N/A,N/A,Ret,Ret
Aug 29 - 31,Heineken Dutch GPCircuit Park Zandvoort,16,PUMA,$42.00,$91.00,-$49.00,N/A,N/A,Ret,Ret
Aug 29 - 31,Heineken Dutch GPCircuit Park Zandvoort,17,Castore,$49.00,$48.16,+$0.84,N/A,N/A,Ret,Ret
Aug 29 - 31,Heineken Dutch GPCircuit Park Zandvoort,18,Castore,$53.69,$49.00,+$4.69,N/A,N/A,Ret,Ret
Aug 29 - 31,Heineken Dutch GPCircuit Park Zandvoort,19,PUMA,$108.50,$42.00,+$66.50,N/A,N/A,Ret,Ret
Aug 29 - 31,Heineken Dutch GPCircuit Park Zandvoort,20,F1 Racing Parts Structure Cross Section Art Poster Canvas Wall Art Decorative Aesthetics24x36inch(60x90cm) Unframe-style,$38.98,$38.98,$0.00,N/A,N/A,Ret,Ret
Sep 5 - 7,Pirelli Italian GPAutodromo Nazionale Monza,1,LEGO,$21.99,$17.61,+$4.38,10,-6,4,6
Sep 5 - 7,Pirelli Italian GPAutodromo Nazionale Monza,2,PUMA,$42.00,$108.50,-$66.50,10,-6,4,6
Sep 5 - 7,Pirelli Italian GPAutodromo Nazionale Monza,3,PUMA,$62.50,$42.00,+$20.50,10,-6,4,6
Sep 5 - 7,Pirelli Italian GPAutodromo Nazionale Monza,4,PUMA,$50.93,$62.50,-$11.57,10,-6,4,6
Sep 5 - 7,Pirelli Italian GPAutodromo Nazionale Monza,5,Metal Tin Signs car Plate enzo Ferrari Bar Pub Cafe Home Decor Retro Poster Vintage Wall 6 x 12 inches,$9.99,$9.99,$0.00,10,-6,4,6
Sep 5 - 7,Pirelli Italian GPAutodromo Nazionale Monza,6,1:43 SFR Ferrari F1 Team Race Car (2023) with Helmet- Leclerc #16,$23.99,$23.99,$0.00,10,-6,4,6
Sep 5 - 7,Pirelli Italian GPAutodromo Nazionale Monza,7,Castore,$48.16,$53.69,-$5.53,10,-6,4,6
Sep 5 - 7,Pirelli Italian GPAutodromo Nazionale Monza,8,PUMA,$32.82,$50.93,-$18.11,10,-6,4,6
Sep 5 - 7,Pirelli Italian GPAutodromo Nazionale Monza,9,PUMA,$54.50,$32.82,+$21.68,10,-6,4,6
Sep 5 - 7,Pirelli Italian GPAutodromo Nazionale Monza,10,Bburago,$18.40,$18.40,$0.00,10,-6,4,6
Sep 5 - 7,Pirelli Italian GPAutodromo Nazionale Monza,11,F1 Poster Wall Art Picture for Youth Room Office Formula 1 Decoration Merchandise Racing Gift (60x40cm),$21.84,$21.84,$0.00,10,-6,4,6
Sep 5 - 7,Pirelli Italian GPAutodromo Nazionale Monza,12,PUMA,$53.82,$54.50,-$0.68,10,-6,4,6
Sep 5 - 7,Pirelli Italian GPAutodromo Nazionale Monza,13,PUMA,$57.00,$53.82,+$3.18,10,-6,4,6
Sep 5 - 7,Pirelli Italian GPAutodromo Nazionale Monza,14,PUMA,$91.00,$57.00,+$34.00,10,-6,4,6
Sep 5 - 7,Pirelli Italian GPAutodromo Nazionale Monza,15,LEGO,$17.61,$21.99,-$4.38,10,-6,4,6
Sep 5 - 7,Pirelli Italian GPAutodromo Nazionale Monza,16,PUMA,$42.00,$91.00,-$49.00,10,-6,4,6
Sep 5 - 7,Pirelli Italian GPAutodromo Nazionale Monza,17,Castore,$49.00,$48.16,+$0.84,10,-6,4,6
Sep 5 - 7,Pirelli Italian GPAutodromo Nazionale Monza,18,Castore,$53.69,$49.00,+$4.69,10,-6,4,6
Sep 5 - 7,Pirelli Italian GPAutodromo Nazionale Monza,19,PUMA,$108.50,$42.00,+$66.50,10,-6,4,6
Sep 5 - 7,Pirelli Italian GPAutodromo Nazionale Monza,20,F1 Racing Parts Structure Cross Section Art Poster Canvas Wall Art Decorative Aesthetics24x36inch(60x90cm) Unframe-style,$38.98,$38.98,$0.00,10,-6,4,6
Sep 19 - 21,Qatar Airways Azerbaijan GPBaku City Circuit,1,LEGO,$21.99,$17.61,+$4.38,17,+7,9,8
Sep 19 - 21,Qatar Airways Azerbaijan GPBaku City Circuit,2,PUMA,$42.00,$108.50,-$66.50,17,+7,9,8
Sep 19 - 21,Qatar Airways Azerbaijan GPBaku City Circuit,3,PUMA,$62.50,$42.00,+$20.50,17,+7,9,8
Sep 19 - 21,Qatar Airways Azerbaijan GPBaku City Circuit,4,PUMA,$50.93,$62.50,-$11.57,17,+7,9,8
Sep 19 - 21,Qatar Airways Azerbaijan GPBaku City Circuit,5,Metal Tin Signs car Plate enzo Ferrari Bar Pub Cafe Home Decor Retro Poster Vintage Wall 6 x 12 inches,$9.99,$9.99,$0.00,17,+7,9,8
Sep 19 - 21,Qatar Airways Azerbaijan GPBaku City Circuit,6,1:43 SFR Ferrari F1 Team Race Car (2023) with Helmet- Leclerc #16,$23.99,$23.99,$0.00,17,+7,9,8
Sep 19 - 21,Qatar Airways Azerbaijan GPBaku City Circuit,7,Castore,$48.16,$53.69,-$5.53,17,+7,9,8
Sep 19 - 21,Qatar Airways Azerbaijan GPBaku City Circuit,8,PUMA,$32.82,$50.93,-$18.11,17,+7,9,8
Sep 19 - 21,Qatar Airways Azerbaijan GPBaku City Circuit,9,PUMA,$54.50,$32.82,+$21.68,17,+7,9,8
Sep 19 - 21,Qatar Airways Azerbaijan GPBaku City Circuit,10,Bburago,$18.40,$18.40,$0.00,17,+7,9,8
Sep 19 - 21,Qatar Airways Azerbaijan GPBaku City Circuit,11,F1 Poster Wall Art Picture for Youth Room Office Formula 1 Decoration Merchandise Racing Gift (60x40cm),$21.84,$21.84,$0.00,17,+7,9,8
Sep 19 - 21,Qatar Airways Azerbaijan GPBaku City Circuit,12,PUMA,$53.82,$54.50,-$0.68,17,+7,9,8
Sep 19 - 21,Qatar Airways Azerbaijan GPBaku City Circuit,13,PUMA,$57.00,$53.82,+$3.18,17,+7,9,8
Sep 19 - 21,Qatar Airways Azerbaijan GPBaku City Circuit,14,PUMA,$91.00,$57.00,+$34.00,17,+7,9,8
Sep 19 - 21,Qatar Airways Azerbaijan GPBaku City Circuit,15,LEGO,$17.61,$21.99,-$4.38,17,+7,9,8
Sep 19 - 21,Qatar Airways Azerbaijan GPBaku City Circuit,16,PUMA,$42.00,$91.00,-$49.00,17,+7,9,8
Sep 19 - 21,Qatar Airways Azerbaijan GPBaku City Circuit,17,Castore,$49.00,$48.16,+$0.84,17,+7,9,8
Sep 19 - 21,Qatar Airways Azerbaijan GPBaku City Circuit,18,Castore,$53.69,$49.00,+$4.69,17,+7,9,8
Sep 19 - 21,Qatar Airways Azerbaijan GPBaku City Circuit,19,PUMA,$108.50,$42.00,+$66.50,17,+7,9,8
Sep 19 - 21,Qatar Airways Azerbaijan GPBaku City Circuit,20,F1 Racing Parts Structure Cross Section Art Poster Canvas Wall Art Decorative Aesthetics24x36inch(60x90cm) Unframe-style,$38.98,$38.98,$0.00,17,+7,9,8
Oct 3 - 5,Singapore Airlines Singapore GPMarina Bay Street Circuit,1,LEGO,$21.99,$17.61,+$4.38,14,-3,6,8
Oct 3 - 5,Singapore Airlines Singapore GPMarina Bay Street Circuit,2,PUMA,$42.00,$108.50,-$66.50,14,-3,6,8
Oct 3 - 5,Singapore Airlines Singapore GPMarina Bay Street Circuit,3,PUMA,$62.50,$42.00,+$20.50,14,-3,6,8
Oct 3 - 5,Singapore Airlines Singapore GPMarina Bay Street Circuit,4,PUMA,$50.93,$62.50,-$11.57,14,-3,6,8
Oct 3 - 5,Singapore Airlines Singapore GPMarina Bay Street Circuit,5,Metal Tin Signs car Plate enzo Ferrari Bar Pub Cafe Home Decor Retro Poster Vintage Wall 6 x 12 inches,$9.99,$9.99,$0.00,14,-3,6,8
Oct 3 - 5,Singapore Airlines Singapore GPMarina Bay Street Circuit,6,1:43 SFR Ferrari F1 Team Race Car (2023) with Helmet- Leclerc #16,$23.99,$23.99,$0.00,14,-3,6,8
Oct 3 - 5,Singapore Airlines Singapore GPMarina Bay Street Circuit,7,Castore,$48.16,$53.69,-$5.53,14,-3,6,8
Oct 3 - 5,Singapore Airlines Singapore GPMarina Bay Street Circuit,8,PUMA,$32.82,$50.93,-$18.11,14,-3,6,8
Oct 3 - 5,Singapore Airlines Singapore GPMarina Bay Street Circuit,9,PUMA,$54.50,$32.82,+$21.68,14,-3,6,8
Oct 3 - 5,Singapore Airlines Singapore GPMarina Bay Street Circuit,10,Bburago,$18.40,$18.40,$0.00,14,-3,6,8
Oct 3 - 5,Singapore Airlines Singapore GPMarina Bay Street Circuit,11,F1 Poster Wall Art Picture for Youth Room Office Formula 1 Decoration Merchandise Racing Gift (60x40cm),$21.84,$21.84,$0.00,14,-3,6,8
Oct 3 - 5,Singapore Airlines Singapore GPMarina Bay Street Circuit,12,PUMA,$53.82,$54.50,-$0.68,14,-3,6,8
Oct 3 - 5,Singapore Airlines Singapore GPMarina Bay Street Circuit,13,PUMA,$57.00,$53.82,+$3.18,14,-3,6,8
Oct 3 - 5,Singapore Airlines Singapore GPMarina Bay Street Circuit,14,PUMA,$91.00,$57.00,+$34.00,14,-3,6,8
Oct 3 - 5,Singapore Airlines Singapore GPMarina Bay Street Circuit,15,LEGO,$17.61,$21.99,-$4.38,14,-3,6,8
Oct 3 - 5,Singapore Airlines Singapore GPMarina Bay Street Circuit,16,PUMA,$42.00,$91.00,-$49.00,14,-3,6,8
Oct 3 - 5,Singapore Airlines Singapore GPMarina Bay Street Circuit,17,Castore,$49.00,$48.16,+$0.84,14,-3,6,8
Oct 3 - 5,Singapore Airlines Singapore GPMarina Bay Street Circuit,18,Castore,$53.69,$49.00,+$4.69,14,-3,6,8
Oct 3 - 5,Singapore Airlines Singapore GPMarina Bay Street Circuit,19,PUMA,$108.50,$42.00,+$66.50,14,-3,6,8
Oct 3 - 5,Singapore Airlines Singapore GPMarina Bay Street Circuit,20,F1 Racing Parts Structure Cross Section Art Poster Canvas Wall Art Decorative Aesthetics24x36inch(60x90cm) Unframe-style,$38.98,$38.98,$0.00,14,-3,6,8
Oct 17 - 19,MSC Cruises United States GPCircuit of the Americas,1,LEGO,$21.99,$17.61,+$4.38,7,-7,3,4
Oct 17 - 19,MSC Cruises United States GPCircuit of the Americas,2,PUMA,$42.00,$108.50,-$66.50,7,-7,3,4
Oct 17 - 19,MSC Cruises United States GPCircuit of the Americas,3,PUMA,$62.50,$42.00,+$20.50,7,-7,3,4
Oct 17 - 19,MSC Cruises United States GPCircuit of the Americas,4,PUMA,$50.93,$62.50,-$11.57,7,-7,3,4
Oct 17 - 19,MSC Cruises United States GPCircuit of the Americas,5,Metal Tin Signs car Plate enzo Ferrari Bar Pub Cafe Home Decor Retro Poster Vintage Wall 6 x 12 inches,$9.99,$9.99,$0.00,7,-7,3,4
Oct 17 - 19,MSC Cruises United States GPCircuit of the Americas,6,1:43 SFR Ferrari F1 Team Race Car (2023) with Helmet- Leclerc #16,$23.99,$23.99,$0.00,7,-7,3,4
Oct 17 - 19,MSC Cruises United States GPCircuit of the Americas,7,Castore,$48.16,$53.69,-$5.53,7,-7,3,4
Oct 17 - 19,MSC Cruises United States GPCircuit of the Americas,8,PUMA,$32.82,$50.93,-$18.11,7,-7,3,4
Oct 17 - 19,MSC Cruises United States GPCircuit of the Americas,9,PUMA,$54.50,$32.82,+$21.68,7,-7,3,4
Oct 17 - 19,MSC Cruises United States GPCircuit of the Americas,10,Bburago,$18.40,$18.40,$0.00,7,-7,3,4
Oct 17 - 19,MSC Cruises United States GPCircuit of the Americas,11,F1 Poster Wall Art Picture for Youth Room Office Formula 1 Decoration Merchandise Racing Gift (60x40cm),$21.84,$21.84,$0.00,7,-7,3,4
Oct 17 - 19,MSC Cruises United States GPCircuit of the Americas,12,PUMA,$53.82,$54.50,-$0.68,7,-7,3,4
Oct 17 - 19,MSC Cruises United States GPCircuit of the Americas,13,PUMA,$57.00,$53.82,+$3.18,7,-7,3,4
Oct 17 - 19,MSC Cruises United States GPCircuit of the Americas,14,PUMA,$91.00,$57.00,+$34.00,7,-7,3,4
Oct 17 - 19,MSC Cruises United States GPCircuit of the Americas,15,LEGO,$17.61,$21.99,-$4.38,7,-7,3,4
Oct 17 - 19,MSC Cruises United States GPCircuit of the Americas,16,PUMA,$42.00,$91.00,-$49.00,7,-7,3,4
Oct 17 - 19,MSC Cruises United States GPCircuit of the Americas,17,Castore,$49.00,$48.16,+$0.84,7,-7,3,4
Oct 17 - 19,MSC Cruises United States GPCircuit of the Americas,18,Castore,$53.69,$49.00,+$4.69,7,-7,3,4
Oct 17 - 19,MSC Cruises United States GPCircuit of the Americas,19,PUMA,$108.50,$42.00,+$66.50,7,-7,3,4
Oct 17 - 19,MSC Cruises United States GPCircuit of the Americas,20,F1 Racing Parts Structure Cross Section Art Poster Canvas Wall Art Decorative Aesthetics24x36inch(60x90cm) Unframe-style,$38.98,$38.98,$0.00,7,-7,3,4
Oct 24 - 26,Mexico City GPAutodromo Hermanos Rodriguez,1,LEGO,$21.99,$17.61,+$4.38,10,+3,2,8
Oct 24 - 26,Mexico City GPAutodromo Hermanos Rodriguez,2,PUMA,$42.00,$108.50,-$66.50,10,+3,2,8
Oct 24 - 26,Mexico City GPAutodromo Hermanos Rodriguez,3,PUMA,$62.50,$42.00,+$20.50,10,+3,2,8
Oct 24 - 26,Mexico City GPAutodromo Hermanos Rodriguez,4,PUMA,$50.93,$62.50,-$11.57,10,+3,2,8
Oct 24 - 26,Mexico City GPAutodromo Hermanos Rodriguez,5,Metal Tin Signs car Plate enzo Ferrari Bar Pub Cafe Home Decor Retro Poster Vintage Wall 6 x 12 inches,$9.99,$9.99,$0.00,10,+3,2,8
Oct 24 - 26,Mexico City GPAutodromo Hermanos Rodriguez,6,1:43 SFR Ferrari F1 Team Race Car (2023) with Helmet- Leclerc #16,$23.99,$23.99,$0.00,10,+3,2,8
Oct 24 - 26,Mexico City GPAutodromo Hermanos Rodriguez,7,Castore,$48.16,$53.69,-$5.53,10,+3,2,8
Oct 24 - 26,Mexico City GPAutodromo Hermanos Rodriguez,8,PUMA,$32.82,$50.93,-$18.11,10,+3,2,8
Oct 24 - 26,Mexico City GPAutodromo Hermanos Rodriguez,9,PUMA,$54.50,$32.82,+$21.68,10,+3,2,8
Oct 24 - 26,Mexico City GPAutodromo Hermanos Rodriguez,10,Bburago,$18.40,$18.40,$0.00,10,+3,2,8
Oct 24 - 26,Mexico City GPAutodromo Hermanos Rodriguez,11,F1 Poster Wall Art Picture for Youth Room Office Formula 1 Decoration Merchandise Racing Gift (60x40cm),$21.84,$21.84,$0.00,10,+3,2,8
Oct 24 - 26,Mexico City GPAutodromo Hermanos Rodriguez,12,PUMA,$53.82,$54.50,-$0.68,10,+3,2,8
Oct 24 - 26,Mexico City GPAutodromo Hermanos Rodriguez,13,PUMA,$57.00,$53.82,+$3.18,10,+3,2,8
Oct 24 - 26,Mexico City GPAutodromo Hermanos Rodriguez,14,PUMA,$91.00,$57.00,+$34.00,10,+3,2,8
Oct 24 - 26,Mexico City GPAutodromo Hermanos Rodriguez,15,LEGO,$17.61,$21.99,-$4.38,10,+3,2,8
Oct 24 - 26,Mexico City GPAutodromo Hermanos Rodriguez,16,PUMA,$42.00,$91.00,-$49.00,10,+3,2,8
Oct 24 - 26,Mexico City GPAutodromo Hermanos Rodriguez,17,Castore,$49.00,$48.16,+$0.84,10,+3,2,8
Oct 24 - 26,Mexico City GPAutodromo Hermanos Rodriguez,18,Castore,$53.69,$49.00,+$4.69,10,+3,2,8
Oct 24 - 26,Mexico City GPAutodromo Hermanos Rodriguez,19,PUMA,$108.50,$42.00,+$66.50,10,+3,2,8
Oct 24 - 26,Mexico City GPAutodromo Hermanos Rodriguez,20,F1 Racing Parts Structure Cross Section Art Poster Canvas Wall Art Decorative Aesthetics24x36inch(60x90cm) Unframe-style,$38.98,$38.98,$0.00,10,+3,2,8
Nov 7 - 9,MSC Cruises São Paulo GPAutodromo Jose Carlos Pace,1,LEGO,$21.99,$17.61,+$4.38,N/A,N/A,Ret,Ret
Nov 7 - 9,MSC Cruises São Paulo GPAutodromo Jose Carlos Pace,2,PUMA,$42.00,$108.50,-$66.50,N/A,N/A,Ret,Ret
Nov 7 - 9,MSC Cruises São Paulo GPAutodromo Jose Carlos Pace,3,PUMA,$62.50,$42.00,+$20.50,N/A,N/A,Ret,Ret
Nov 7 - 9,MSC Cruises São Paulo GPAutodromo Jose Carlos Pace,4,PUMA,$50.93,$62.50,-$11.57,N/A,N/A,Ret,Ret
Nov 7 - 9,MSC Cruises São Paulo GPAutodromo Jose Carlos Pace,5,Metal Tin Signs car Plate enzo Ferrari Bar Pub Cafe Home Decor Retro Poster Vintage Wall 6 x 12 inches,$9.99,$9.99,$0.00,N/A,N/A,Ret,Ret
Nov 7 - 9,MSC Cruises São Paulo GPAutodromo Jose Carlos Pace,6,1:43 SFR Ferrari F1 Team Race Car (2023) with Helmet- Leclerc #16,$23.99,$23.99,$0.00,N/A,N/A,Ret,Ret
Nov 7 - 9,MSC Cruises São Paulo GPAutodromo Jose Carlos Pace,7,Castore,$48.16,$53.69,-$5.53,N/A,N/A,Ret,Ret
Nov 7 - 9,MSC Cruises São Paulo GPAutodromo Jose Carlos Pace,8,PUMA,$32.82,$50.93,-$18.11,N/A,N/A,Ret,Ret
Nov 7 - 9,MSC Cruises São Paulo GPAutodromo Jose Carlos Pace,9,PUMA,$54.50,$32.82,+$21.68,N/A,N/A,Ret,Ret
Nov 7 - 9,MSC Cruises São Paulo GPAutodromo Jose Carlos Pace,10,Bburago,$18.40,$18.40,$0.00,N/A,N/A,Ret,Ret
Nov 7 - 9,MSC Cruises São Paulo GPAutodromo Jose Carlos Pace,11,F1 Poster Wall Art Picture for Youth Room Office Formula 1 Decoration Merchandise Racing Gift (60x40cm),$21.84,$21.84,$0.00,N/A,N/A,Ret,Ret
Nov 7 - 9,MSC Cruises São Paulo GPAutodromo Jose Carlos Pace,12,PUMA,$53.82,$54.50,-$0.68,N/A,N/A,Ret,Ret
Nov 7 - 9,MSC Cruises São Paulo GPAutodromo Jose Carlos Pace,13,PUMA,$57.00,$53.82,+$3.18,N/A,N/A,Ret,Ret
Nov 7 - 9,MSC Cruises São Paulo GPAutodromo Jose Carlos Pace,14,PUMA,$91.00,$57.00,+$34.00,N/A,N/A,Ret,Ret
Nov 7 - 9,MSC Cruises São Paulo GPAutodromo Jose Carlos Pace,15,LEGO,$17.61,$21.99,-$4.38,N/A,N/A,Ret,Ret
Nov 7 - 9,MSC Cruises São Paulo GPAutodromo Jose Carlos Pace,16,PUMA,$42.00,$91.00,-$49.00,N/A,N/A,Ret,Ret
Nov 7 - 9,MSC Cruises São Paulo GPAutodromo Jose Carlos Pace,17,Castore,$49.00,$48.16,+$0.84,N/A,N/A,Ret,Ret
Nov 7 - 9,MSC Cruises São Paulo GPAutodromo Jose Carlos Pace,18,Castore,$53.69,$49.00,+$4.69,N/A,N/A,Ret,Ret
Nov 7 - 9,MSC Cruises São Paulo GPAutodromo Jose Carlos Pace,19,PUMA,$108.50,$42.00,+$66.50,N/A,N/A,Ret,Ret
Nov 7 - 9,MSC Cruises São Paulo GPAutodromo Jose Carlos Pace,20,F1 Racing Parts Structure Cross Section Art Poster Canvas Wall Art Decorative Aesthetics24x36inch(60x90cm) Unframe-style,$38.98,$38.98,$0.00,N/A,N/A,Ret,Ret
Nov 20 - 22,Heineken Las Vegas GPLas Vegas Street Circuit,1,LEGO,$21.99,$17.61,+$4.38,12,+2,4,8
Nov 20 - 22,Heineken Las Vegas GPLas Vegas Street Circuit,2,PUMA,$42.00,$108.50,-$66.50,12,+2,4,8
Nov 20 - 22,Heineken Las Vegas GPLas Vegas Street Circuit,3,PUMA,$62.50,$42.00,+$20.50,12,+2,4,8
Nov 20 - 22,Heineken Las Vegas GPLas Vegas Street Circuit,4,PUMA,$50.93,$62.50,-$11.57,12,+2,4,8
Nov 20 - 22,Heineken Las Vegas GPLas Vegas Street Circuit,5,Metal Tin Signs car Plate enzo Ferrari Bar Pub Cafe Home Decor Retro Poster Vintage Wall 6 x 12 inches,$9.99,$9.99,$0.00,12,+2,4,8
Nov 20 - 22,Heineken Las Vegas GPLas Vegas Street Circuit,6,1:43 SFR Ferrari F1 Team Race Car (2023) with Helmet- Leclerc #16,$23.99,$23.99,$0.00,12,+2,4,8
Nov 20 - 22,Heineken Las Vegas GPLas Vegas Street Circuit,7,Castore,$48.16,$53.69,-$5.53,12,+2,4,8
Nov 20 - 22,Heineken Las Vegas GPLas Vegas Street Circuit,8,PUMA,$32.82,$50.93,-$18.11,12,+2,4,8
Nov 20 - 22,Heineken Las Vegas GPLas Vegas Street Circuit,9,PUMA,$54.50,$32.82,+$21.68,12,+2,4,8
Nov 20 - 22,Heineken Las Vegas GPLas Vegas Street Circuit,10,Bburago,$18.40,$18.40,$0.00,12,+2,4,8
Nov 20 - 22,Heineken Las Vegas GPLas Vegas Street Circuit,11,F1 Poster Wall Art Picture for Youth Room Office Formula 1 Decoration Merchandise Racing Gift (60x40cm),$21.84,$21.84,$0.00,12,+2,4,8
Nov 20 - 22,Heineken Las Vegas GPLas Vegas Street Circuit,12,PUMA,$53.82,$54.50,-$0.68,12,+2,4,8
Nov 20 - 22,Heineken Las Vegas GPLas Vegas Street Circuit,13,PUMA,$57.00,$53.82,+$3.18,12,+2,4,8
Nov 20 - 22,Heineken Las Vegas GPLas Vegas Street Circuit,14,PUMA,$91.00,$57.00,+$34.00,12,+2,4,8
Nov 20 - 22,Heineken Las Vegas GPLas Vegas Street Circuit,15,LEGO,$17.61,$21.99,-$4.38,12,+2,4,8
Nov 20 - 22,Heineken Las Vegas GPLas Vegas Street Circuit,16,PUMA,$42.00,$91.00,-$49.00,12,+2,4,8
Nov 20 - 22,Heineken Las Vegas GPLas Vegas Street Circuit,17,Castore,$49.00,$48.16,+$0.84,12,+2,4,8
Nov 20 - 22,Heineken Las Vegas GPLas Vegas Street Circuit,18,Castore,$53.69,$49.00,+$4.69,12,+2,4,8
Nov 20 - 22,Heineken Las Vegas GPLas Vegas Street Circuit,19,PUMA,$108.50,$42.00,+$66.50,12,+2,4,8
Nov 20 - 22,Heineken Las Vegas GPLas Vegas Street Circuit,20,F1 Racing Parts Structure Cross Section Art Poster Canvas Wall Art Decorative Aesthetics24x36inch(60x90cm) Unframe-style,$38.98,$38.98,$0.00,12,+2,4,8
Nov 28 - 30,Qatar Airways Qatar GPLosail International Circuit,1,LEGO,$21.99,$17.61,+$4.38,20,+8,8,12
Nov 28 - 30,Qatar Airways Qatar GPLosail International Circuit,2,PUMA,$42.00,$108.50,-$66.50,20,+8,8,12
Nov 28 - 30,Qatar Airways Qatar GPLosail International Circuit,3,PUMA,$62.50,$42.00,+$20.50,20,+8,8,12
Nov 28 - 30,Qatar Airways Qatar GPLosail International Circuit,4,PUMA,$50.93,$62.50,-$11.57,20,+8,8,12
Nov 28 - 30,Qatar Airways Qatar GPLosail International Circuit,5,Metal Tin Signs car Plate enzo Ferrari Bar Pub Cafe Home Decor Retro Poster Vintage Wall 6 x 12 inches,$9.99,$9.99,$0.00,20,+8,8,12
Nov 28 - 30,Qatar Airways Qatar GPLosail International Circuit,6,1:43 SFR Ferrari F1 Team Race Car (2023) with Helmet- Leclerc #16,$23.99,$23.99,$0.00,20,+8,8,12
Nov 28 - 30,Qatar Airways Qatar GPLosail International Circuit,7,Castore,$48.16,$53.69,-$5.53,20,+8,8,12
Nov 28 - 30,Qatar Airways Qatar GPLosail International Circuit,8,PUMA,$32.82,$50.93,-$18.11,20,+8,8,12
Nov 28 - 30,Qatar Airways Qatar GPLosail International Circuit,9,PUMA,$54.50,$32.82,+$21.68,20,+8,8,12
Nov 28 - 30,Qatar Airways Qatar GPLosail International Circuit,10,Bburago,$18.40,$18.40,$0.00,20,+8,8,12
Nov 28 - 30,Qatar Airways Qatar GPLosail International Circuit,11,F1 Poster Wall Art Picture for Youth Room Office Formula 1 Decoration Merchandise Racing Gift (60x40cm),$21.84,$21.84,$0.00,20,+8,8,12
Nov 28 - 30,Qatar Airways Qatar GPLosail International Circuit,12,PUMA,$53.82,$54.50,-$0.68,20,+8,8,12
Nov 28 - 30,Qatar Airways Qatar GPLosail International Circuit,13,PUMA,$57.00,$53.82,+$3.18,20,+8,8,12
Nov 28 - 30,Qatar Airways Qatar GPLosail International Circuit,14,PUMA,$91.00,$57.00,+$34.00,20,+8,8,12
Nov 28 - 30,Qatar Airways Qatar GPLosail International Circuit,15,LEGO,$17.61,$21.99,-$4.38,20,+8,8,12
Nov 28 - 30,Qatar Airways Qatar GPLosail International Circuit,16,PUMA,$42.00,$91.00,-$49.00,20,+8,8,12
Nov 28 - 30,Qatar Airways Qatar GPLosail International Circuit,17,Castore,$49.00,$48.16,+$0.84,20,+8,8,12
Nov 28 - 30,Qatar Airways Qatar GPLosail International Circuit,18,Castore,$53.69,$49.00,+$4.69,20,+8,8,12
Nov 28 - 30,Qatar Airways Qatar GPLosail International Circuit,19,PUMA,$108.50,$42.00,+$66.50,20,+8,8,12
Nov 28 - 30,Qatar Airways Qatar GPLosail International Circuit,20,F1 Racing Parts Structure Cross Section Art Poster Canvas Wall Art Decorative Aesthetics24x36inch(60x90cm) Unframe-style,$38.98,$38.98,$0.00,20,+8,8,12
Dec 5 - 7,Etihad Airways Abu Dhabi GPYas Marina Circuit,1,LEGO,$21.99,$17.61,+$4.38,12,-8,4,8
Dec 5 - 7,Etihad Airways Abu Dhabi GPYas Marina Circuit,2,PUMA,$42.00,$108.50,-$66.50,12,-8,4,8
Dec 5 - 7,Etihad Airways Abu Dhabi GPYas Marina Circuit,3,PUMA,$62.50,$42.00,+$20.50,12,-8,4,8
Dec 5 - 7,Etihad Airways Abu Dhabi GPYas Marina Circuit,4,PUMA,$50.93,$62.50,-$11.57,12,-8,4,8
Dec 5 - 7,Etihad Airways Abu Dhabi GPYas Marina Circuit,5,Metal Tin Signs car Plate enzo Ferrari Bar Pub Cafe Home Decor Retro Poster Vintage Wall 6 x 12 inches,$9.99,$9.99,$0.00,12,-8,4,8
Dec 5 - 7,Etihad Airways Abu Dhabi GPYas Marina Circuit,6,1:43 SFR Ferrari F1 Team Race Car (2023) with Helmet- Leclerc #16,$23.99,$23.99,$0.00,12,-8,4,8
Dec 5 - 7,Etihad Airways Abu Dhabi GPYas Marina Circuit,7,Castore,$48.16,$53.69,-$5.53,12,-8,4,8
Dec 5 - 7,Etihad Airways Abu Dhabi GPYas Marina Circuit,8,PUMA,$32.82,$50.93,-$18.11,12,-8,4,8
Dec 5 - 7,Etihad Airways Abu Dhabi GPYas Marina Circuit,9,PUMA,$54.50,$32.82,+$21.68,12,-8,4,8
Dec 5 - 7,Etihad Airways Abu Dhabi GPYas Marina Circuit,10,Bburago,$18.40,$18.40,$0.00,12,-8,4,8
Dec 5 - 7,Etihad Airways Abu Dhabi GPYas Marina Circuit,11,F1 Poster Wall Art Picture for Youth Room Office Formula 1 Decoration Merchandise Racing Gift (60x40cm),$21.84,$21.84,$0.00,12,-8,4,8
Dec 5 - 7,Etihad Airways Abu Dhabi GPYas Marina Circuit,12,PUMA,$53.82,$54.50,-$0.68,12,-8,4,8
Dec 5 - 7,Etihad Airways Abu Dhabi GPYas Marina Circuit,13,PUMA,$57.00,$53.82,+$3.18,12,-8,4,8
Dec 5 - 7,Etihad Airways Abu Dhabi GPYas Marina Circuit,14,PUMA,$91.00,$57.00,+$34.00,12,-8,4,8
Dec 5 - 7,Etihad Airways Abu Dhabi GPYas Marina Circuit,15,LEGO,$17.61,$21.99,-$4.38,12,-8,4,8
Dec 5 - 7,Etihad Airways Abu Dhabi GPYas Marina Circuit,16,PUMA,$42.00,$91.00,-$49.00,12,-8,4,8
Dec 5 - 7,Etihad Airways Abu Dhabi GPYas Marina Circuit,17,Castore,$49.00,$48.16,+$0.84,12,-8,4,8
Dec 5 - 7,Etihad Airways Abu Dhabi GPYas Marina Circuit,18,Castore,$53.69,$49.00,+$4.69,12,-8,4,8
Dec 5 - 7,Etihad Airways Abu Dhabi GPYas Marina Circuit,19,PUMA,$108.50,$42.00,+$66.50,12,-8,4,8
Dec 5 - 7,Etihad Airways Abu Dhabi GPYas Marina Circuit,20,F1 Racing Parts Structure Cross Section Art Poster Canvas Wall Art Decorative Aesthetics24x36inch(60x90cm) Unframe-style,$38.98,$38.98,$0.00,12,-8,4,8
