Race Date,Race Name,Product Rank,Product Name,Current Price,Previous Price,Price Change,Team Cumulative Placement,Team Placement Change,Haas Driver OCO Pos,Haas Driver BEA Pos
Mar 13 - 16,Louis Vuitton Australian GPMelbourne Grand Prix Circuit,1,CMC Motorsports Haas Racing F1 Team Logo Hat - Black,$9.99,N/A,N/A,27,N/A,13,14
Mar 13 - 16,Louis Vuitton Australian GPMelbourne Grand Prix Circuit,2,CMC Motorsports Haas Racing F1 Small Logo T-Shirt,$14.99,N/A,N/A,27,N/A,13,14
Mar 13 - 16,Louis Vuitton Australian GPMelbourne Grand Prix Circuit,3,CMC Motorsports Haas Racing F1 Mono Fan Hat Grey,$14.99,N/A,N/A,27,N/A,13,14
Mar 13 - 16,Louis Vuitton Australian GPMelbourne Grand Prix Circuit,4,CMC Motorsports Haas Racing F1 2024 Men's Team Fitted Polo Shirt,$39.99,N/A,N/A,27,N/A,13,14
Mar 13 - 16,Louis Vuitton Australian GPMelbourne Grand Prix Circuit,5,Fitted Haas F1 2024 Team T-Shirt - Black,$39.99,N/A,N/A,27,N/A,13,14
Mar 13 - 16,Louis Vuitton Australian GPMelbourne Grand Prix Circuit,6,CMC Motorsports Haas Racing F1 2024 Men's Team Fitted Polo Shirt,$39.99,$39.99,$0.00,27,N/A,13,14
Mar 13 - 16,Louis Vuitton Australian GPMelbourne Grand Prix Circuit,7,CMC Motorsports Haas Racing F1 2024 Team Fitted T-Shirt,$39.99,N/A,N/A,27,N/A,13,14
Mar 13 - 16,Louis Vuitton Australian GPMelbourne Grand Prix Circuit,8,CMC Motorsports Haas Racing F1 2024 Men's Team Fitted Polo Shirt,$39.99,$39.99,$0.00,27,N/A,13,14
Mar 13 - 16,Louis Vuitton Australian GPMelbourne Grand Prix Circuit,9,"LEGO Speed Champions MoneyGram Haas F1 Team VF-24 Race Car Toy - Building Set for Kids, Boys & Girls, Ages 10+ - Toy Car for F1 Fans - Gift Idea for Birthday - 77250",$26.97,N/A,N/A,27,N/A,13,14
Mar 13 - 16,Louis Vuitton Australian GPMelbourne Grand Prix Circuit,10,CMC Motorsports Haas Racing F1 2023 Nico Hulkenberg Team Baseball Hat Black,$14.99,N/A,N/A,27,N/A,13,14
Mar 13 - 16,Louis Vuitton Australian GPMelbourne Grand Prix Circuit,11,CMC Motorsports Haas Racing F1 2024 Women's Team Fitted Polo Shirt,$19.99,N/A,N/A,27,N/A,13,14
Mar 13 - 16,Louis Vuitton Australian GPMelbourne Grand Prix Circuit,12,CMC Motorsports Haas Racing F1 Small Logo T-Shirt,$14.99,$14.99,$0.00,27,N/A,13,14
Mar 13 - 16,Louis Vuitton Australian GPMelbourne Grand Prix Circuit,13,CMC Motorsports Haas Racing F1 2023 Men's Team Lightweight Rain Jacket,$59.99,N/A,N/A,27,N/A,13,14
Mar 13 - 16,Louis Vuitton Australian GPMelbourne Grand Prix Circuit,14,CMC Motorsports Haas Racing F1 2024 Team 1/4 Zip Fitted Sweater,$39.99,N/A,N/A,27,N/A,13,14
Mar 13 - 16,Louis Vuitton Australian GPMelbourne Grand Prix Circuit,15,CMC Motorsports Haas Racing F1 2023 Team Fitted T-Shirt,$24.99,N/A,N/A,27,N/A,13,14
Mar 13 - 16,Louis Vuitton Australian GPMelbourne Grand Prix Circuit,16,CMC Motorsports Haas Racing F1 2023 Team Fitted 1/4 Zip Sweater,$39.99,N/A,N/A,27,N/A,13,14
Mar 13 - 16,Louis Vuitton Australian GPMelbourne Grand Prix Circuit,17,CMC Motorsports Haas Racing F1 Roundel Essentials T-Shirt,$29.99,N/A,N/A,27,N/A,13,14
Mar 13 - 16,Louis Vuitton Australian GPMelbourne Grand Prix Circuit,18,CMC Motorsports Haas Racing F1 2024 Team Fitted T-Shirt,$39.99,$39.99,$0.00,27,N/A,13,14
Mar 13 - 16,Louis Vuitton Australian GPMelbourne Grand Prix Circuit,19,CMC Motorsports Haas Racing F1 Kevin Magnussen Hoodie,$19.99,N/A,N/A,27,N/A,13,14
Mar 13 - 16,Louis Vuitton Australian GPMelbourne Grand Prix Circuit,20,CMC Motorsports Haas Racing F1 Kevin Magnussen T-Shirt,$9.99,N/A,N/A,27,N/A,13,14
Mar 20 - 23,Heineken Chinese GPShanghai International Circuit,1,CMC Motorsports Haas Racing F1 Team Logo Hat - Black,$9.99,$9.99,$0.00,13,-14,5,8
Mar 20 - 23,Heineken Chinese GPShanghai International Circuit,2,CMC Motorsports Haas Racing F1 Small Logo T-Shirt,$14.99,$14.99,$0.00,13,-14,5,8
Mar 20 - 23,Heineken Chinese GPShanghai International Circuit,3,CMC Motorsports Haas Racing F1 Mono Fan Hat Grey,$14.99,$14.99,$0.00,13,-14,5,8
Mar 20 - 23,Heineken Chinese GPShanghai International Circuit,4,CMC Motorsports Haas Racing F1 2024 Men's Team Fitted Polo Shirt,$39.99,$39.99,$0.00,13,-14,5,8
Mar 20 - 23,Heineken Chinese GPShanghai International Circuit,5,Fitted Haas F1 2024 Team T-Shirt - Black,$39.99,$39.99,$0.00,13,-14,5,8
Mar 20 - 23,Heineken Chinese GPShanghai International Circuit,6,CMC Motorsports Haas Racing F1 2024 Men's Team Fitted Polo Shirt,$39.99,$39.99,$0.00,13,-14,5,8
Mar 20 - 23,Heineken Chinese GPShanghai International Circuit,7,CMC Motorsports Haas Racing F1 2024 Team Fitted T-Shirt,$39.99,$39.99,$0.00,13,-14,5,8
Mar 20 - 23,Heineken Chinese GPShanghai International Circuit,8,CMC Motorsports Haas Racing F1 2024 Men's Team Fitted Polo Shirt,$39.99,$39.99,$0.00,13,-14,5,8
Mar 20 - 23,Heineken Chinese GPShanghai International Circuit,9,"LEGO Speed Champions MoneyGram Haas F1 Team VF-24 Race Car Toy - Building Set for Kids, Boys & Girls, Ages 10+ - Toy Car for F1 Fans - Gift Idea for Birthday - 77250",$26.97,$26.97,$0.00,13,-14,5,8
Mar 20 - 23,Heineken Chinese GPShanghai International Circuit,10,CMC Motorsports Haas Racing F1 2023 Nico Hulkenberg Team Baseball Hat Black,$14.99,$14.99,$0.00,13,-14,5,8
Mar 20 - 23,Heineken Chinese GPShanghai International Circuit,11,CMC Motorsports Haas Racing F1 2024 Women's Team Fitted Polo Shirt,$19.99,$19.99,$0.00,13,-14,5,8
Mar 20 - 23,Heineken Chinese GPShanghai International Circuit,12,CMC Motorsports Haas Racing F1 Small Logo T-Shirt,$14.99,$14.99,$0.00,13,-14,5,8
Mar 20 - 23,Heineken Chinese GPShanghai International Circuit,13,CMC Motorsports Haas Racing F1 2023 Men's Team Lightweight Rain Jacket,$59.99,$59.99,$0.00,13,-14,5,8
Mar 20 - 23,Heineken Chinese GPShanghai International Circuit,14,CMC Motorsports Haas Racing F1 2024 Team 1/4 Zip Fitted Sweater,$39.99,$39.99,$0.00,13,-14,5,8
Mar 20 - 23,Heineken Chinese GPShanghai International Circuit,15,CMC Motorsports Haas Racing F1 2023 Team Fitted T-Shirt,$24.99,$24.99,$0.00,13,-14,5,8
Mar 20 - 23,Heineken Chinese GPShanghai International Circuit,16,CMC Motorsports Haas Racing F1 2023 Team Fitted 1/4 Zip Sweater,$39.99,$39.99,$0.00,13,-14,5,8
Mar 20 - 23,Heineken Chinese GPShanghai International Circuit,17,CMC Motorsports Haas Racing F1 Roundel Essentials T-Shirt,$29.99,$29.99,$0.00,13,-14,5,8
Mar 20 - 23,Heineken Chinese GPShanghai International Circuit,18,CMC Motorsports Haas Racing F1 2024 Team Fitted T-Shirt,$39.99,$39.99,$0.00,13,-14,5,8
Mar 20 - 23,Heineken Chinese GPShanghai International Circuit,19,CMC Motorsports Haas Racing F1 Kevin Magnussen Hoodie,$19.99,$19.99,$0.00,13,-14,5,8
Mar 20 - 23,Heineken Chinese GPShanghai International Circuit,20,CMC Motorsports Haas Racing F1 Kevin Magnussen T-Shirt,$9.99,$9.99,$0.00,13,-14,5,8
Apr 3 - 6,Lenovo Japanese GPSuzuka International Racing Course,1,CMC Motorsports Haas Racing F1 Team Logo Hat - Black,$9.99,$9.99,$0.00,28,+15,18,10
Apr 3 - 6,Lenovo Japanese GPSuzuka International Racing Course,2,CMC Motorsports Haas Racing F1 Small Logo T-Shirt,$14.99,$14.99,$0.00,28,+15,18,10
Apr 3 - 6,Lenovo Japanese GPSuzuka International Racing Course,3,CMC Motorsports Haas Racing F1 Mono Fan Hat Grey,$14.99,$14.99,$0.00,28,+15,18,10
Apr 3 - 6,Lenovo Japanese GPSuzuka International Racing Course,4,CMC Motorsports Haas Racing F1 2024 Men's Team Fitted Polo Shirt,$39.99,$39.99,$0.00,28,+15,18,10
Apr 3 - 6,Lenovo Japanese GPSuzuka International Racing Course,5,Fitted Haas F1 2024 Team T-Shirt - Black,$39.99,$39.99,$0.00,28,+15,18,10
Apr 3 - 6,Lenovo Japanese GPSuzuka International Racing Course,6,CMC Motorsports Haas Racing F1 2024 Men's Team Fitted Polo Shirt,$39.99,$39.99,$0.00,28,+15,18,10
Apr 3 - 6,Lenovo Japanese GPSuzuka International Racing Course,7,CMC Motorsports Haas Racing F1 2024 Team Fitted T-Shirt,$39.99,$39.99,$0.00,28,+15,18,10
Apr 3 - 6,Lenovo Japanese GPSuzuka International Racing Course,8,CMC Motorsports Haas Racing F1 2024 Men's Team Fitted Polo Shirt,$39.99,$39.99,$0.00,28,+15,18,10
Apr 3 - 6,Lenovo Japanese GPSuzuka International Racing Course,9,"LEGO Speed Champions MoneyGram Haas F1 Team VF-24 Race Car Toy - Building Set for Kids, Boys & Girls, Ages 10+ - Toy Car for F1 Fans - Gift Idea for Birthday - 77250",$26.97,$26.97,$0.00,28,+15,18,10
Apr 3 - 6,Lenovo Japanese GPSuzuka International Racing Course,10,CMC Motorsports Haas Racing F1 2023 Nico Hulkenberg Team Baseball Hat Black,$14.99,$14.99,$0.00,28,+15,18,10
Apr 3 - 6,Lenovo Japanese GPSuzuka International Racing Course,11,CMC Motorsports Haas Racing F1 2024 Women's Team Fitted Polo Shirt,$19.99,$19.99,$0.00,28,+15,18,10
Apr 3 - 6,Lenovo Japanese GPSuzuka International Racing Course,12,CMC Motorsports Haas Racing F1 Small Logo T-Shirt,$14.99,$14.99,$0.00,28,+15,18,10
Apr 3 - 6,Lenovo Japanese GPSuzuka International Racing Course,13,CMC Motorsports Haas Racing F1 2023 Men's Team Lightweight Rain Jacket,$59.99,$59.99,$0.00,28,+15,18,10
Apr 3 - 6,Lenovo Japanese GPSuzuka International Racing Course,14,CMC Motorsports Haas Racing F1 2024 Team 1/4 Zip Fitted Sweater,$39.99,$39.99,$0.00,28,+15,18,10
Apr 3 - 6,Lenovo Japanese GPSuzuka International Racing Course,15,CMC Motorsports Haas Racing F1 2023 Team Fitted T-Shirt,$24.99,$24.99,$0.00,28,+15,18,10
Apr 3 - 6,Lenovo Japanese GPSuzuka International Racing Course,16,CMC Motorsports Haas Racing F1 2023 Team Fitted 1/4 Zip Sweater,$39.99,$39.99,$0.00,28,+15,18,10
Apr 3 - 6,Lenovo Japanese GPSuzuka International Racing Course,17,CMC Motorsports Haas Racing F1 Roundel Essentials T-Shirt,$29.99,$29.99,$0.00,28,+15,18,10
Apr 3 - 6,Lenovo Japanese GPSuzuka International Racing Course,18,CMC Motorsports Haas Racing F1 2024 Team Fitted T-Shirt,$39.99,$39.99,$0.00,28,+15,18,10
Apr 3 - 6,Lenovo Japanese GPSuzuka International Racing Course,19,CMC Motorsports Haas Racing F1 Kevin Magnussen Hoodie,$19.99,$19.99,$0.00,28,+15,18,10
Apr 3 - 6,Lenovo Japanese GPSuzuka International Racing Course,20,CMC Motorsports Haas Racing F1 Kevin Magnussen T-Shirt,$9.99,$9.99,$0.00,28,+15,18,10
Apr 11 - 13,Gulf Air Bahrain GPBahrain International Circuit,1,CMC Motorsports Haas Racing F1 Team Logo Hat - Black,$9.99,$9.99,$0.00,18,-10,8,10
Apr 11 - 13,Gulf Air Bahrain GPBahrain International Circuit,2,CMC Motorsports Haas Racing F1 Small Logo T-Shirt,$14.99,$14.99,$0.00,18,-10,8,10
Apr 11 - 13,Gulf Air Bahrain GPBahrain International Circuit,3,CMC Motorsports Haas Racing F1 Mono Fan Hat Grey,$14.99,$14.99,$0.00,18,-10,8,10
Apr 11 - 13,Gulf Air Bahrain GPBahrain International Circuit,4,CMC Motorsports Haas Racing F1 2024 Men's Team Fitted Polo Shirt,$39.99,$39.99,$0.00,18,-10,8,10
Apr 11 - 13,Gulf Air Bahrain GPBahrain International Circuit,5,Fitted Haas F1 2024 Team T-Shirt - Black,$39.99,$39.99,$0.00,18,-10,8,10
Apr 11 - 13,Gulf Air Bahrain GPBahrain International Circuit,6,CMC Motorsports Haas Racing F1 2024 Men's Team Fitted Polo Shirt,$39.99,$39.99,$0.00,18,-10,8,10
Apr 11 - 13,Gulf Air Bahrain GPBahrain International Circuit,7,CMC Motorsports Haas Racing F1 2024 Team Fitted T-Shirt,$39.99,$39.99,$0.00,18,-10,8,10
Apr 11 - 13,Gulf Air Bahrain GPBahrain International Circuit,8,CMC Motorsports Haas Racing F1 2024 Men's Team Fitted Polo Shirt,$39.99,$39.99,$0.00,18,-10,8,10
Apr 11 - 13,Gulf Air Bahrain GPBahrain International Circuit,9,"LEGO Speed Champions MoneyGram Haas F1 Team VF-24 Race Car Toy - Building Set for Kids, Boys & Girls, Ages 10+ - Toy Car for F1 Fans - Gift Idea for Birthday - 77250",$26.97,$26.97,$0.00,18,-10,8,10
Apr 11 - 13,Gulf Air Bahrain GPBahrain International Circuit,10,CMC Motorsports Haas Racing F1 2023 Nico Hulkenberg Team Baseball Hat Black,$14.99,$14.99,$0.00,18,-10,8,10
Apr 11 - 13,Gulf Air Bahrain GPBahrain International Circuit,11,CMC Motorsports Haas Racing F1 2024 Women's Team Fitted Polo Shirt,$19.99,$19.99,$0.00,18,-10,8,10
Apr 11 - 13,Gulf Air Bahrain GPBahrain International Circuit,12,CMC Motorsports Haas Racing F1 Small Logo T-Shirt,$14.99,$14.99,$0.00,18,-10,8,10
Apr 11 - 13,Gulf Air Bahrain GPBahrain International Circuit,13,CMC Motorsports Haas Racing F1 2023 Men's Team Lightweight Rain Jacket,$59.99,$59.99,$0.00,18,-10,8,10
Apr 11 - 13,Gulf Air Bahrain GPBahrain International Circuit,14,CMC Motorsports Haas Racing F1 2024 Team 1/4 Zip Fitted Sweater,$39.99,$39.99,$0.00,18,-10,8,10
Apr 11 - 13,Gulf Air Bahrain GPBahrain International Circuit,15,CMC Motorsports Haas Racing F1 2023 Team Fitted T-Shirt,$24.99,$24.99,$0.00,18,-10,8,10
Apr 11 - 13,Gulf Air Bahrain GPBahrain International Circuit,16,CMC Motorsports Haas Racing F1 2023 Team Fitted 1/4 Zip Sweater,$39.99,$39.99,$0.00,18,-10,8,10
Apr 11 - 13,Gulf Air Bahrain GPBahrain International Circuit,17,CMC Motorsports Haas Racing F1 Roundel Essentials T-Shirt,$29.99,$29.99,$0.00,18,-10,8,10
Apr 11 - 13,Gulf Air Bahrain GPBahrain International Circuit,18,CMC Motorsports Haas Racing F1 2024 Team Fitted T-Shirt,$39.99,$39.99,$0.00,18,-10,8,10
Apr 11 - 13,Gulf Air Bahrain GPBahrain International Circuit,19,CMC Motorsports Haas Racing F1 Kevin Magnussen Hoodie,$19.99,$19.99,$0.00,18,-10,8,10
Apr 11 - 13,Gulf Air Bahrain GPBahrain International Circuit,20,CMC Motorsports Haas Racing F1 Kevin Magnussen T-Shirt,$9.99,$9.99,$0.00,18,-10,8,10
Apr 18 - 20,STC Saudi Arabian GPJeddah Street Circuit,1,CMC Motorsports Haas Racing F1 Team Logo Hat - Black,$9.99,$9.99,$0.00,27,+9,14,13
Apr 18 - 20,STC Saudi Arabian GPJeddah Street Circuit,2,CMC Motorsports Haas Racing F1 Small Logo T-Shirt,$14.99,$14.99,$0.00,27,+9,14,13
Apr 18 - 20,STC Saudi Arabian GPJeddah Street Circuit,3,CMC Motorsports Haas Racing F1 Mono Fan Hat Grey,$14.99,$14.99,$0.00,27,+9,14,13
Apr 18 - 20,STC Saudi Arabian GPJeddah Street Circuit,4,CMC Motorsports Haas Racing F1 2024 Men's Team Fitted Polo Shirt,$39.99,$39.99,$0.00,27,+9,14,13
Apr 18 - 20,STC Saudi Arabian GPJeddah Street Circuit,5,Fitted Haas F1 2024 Team T-Shirt - Black,$39.99,$39.99,$0.00,27,+9,14,13
Apr 18 - 20,STC Saudi Arabian GPJeddah Street Circuit,6,CMC Motorsports Haas Racing F1 2024 Men's Team Fitted Polo Shirt,$39.99,$39.99,$0.00,27,+9,14,13
Apr 18 - 20,STC Saudi Arabian GPJeddah Street Circuit,7,CMC Motorsports Haas Racing F1 2024 Team Fitted T-Shirt,$39.99,$39.99,$0.00,27,+9,14,13
Apr 18 - 20,STC Saudi Arabian GPJeddah Street Circuit,8,CMC Motorsports Haas Racing F1 2024 Men's Team Fitted Polo Shirt,$39.99,$39.99,$0.00,27,+9,14,13
Apr 18 - 20,STC Saudi Arabian GPJeddah Street Circuit,9,"LEGO Speed Champions MoneyGram Haas F1 Team VF-24 Race Car Toy - Building Set for Kids, Boys & Girls, Ages 10+ - Toy Car for F1 Fans - Gift Idea for Birthday - 77250",$26.97,$26.97,$0.00,27,+9,14,13
Apr 18 - 20,STC Saudi Arabian GPJeddah Street Circuit,10,CMC Motorsports Haas Racing F1 2023 Nico Hulkenberg Team Baseball Hat Black,$14.99,$14.99,$0.00,27,+9,14,13
Apr 18 - 20,STC Saudi Arabian GPJeddah Street Circuit,11,CMC Motorsports Haas Racing F1 2024 Women's Team Fitted Polo Shirt,$19.99,$19.99,$0.00,27,+9,14,13
Apr 18 - 20,STC Saudi Arabian GPJeddah Street Circuit,12,CMC Motorsports Haas Racing F1 Small Logo T-Shirt,$14.99,$14.99,$0.00,27,+9,14,13
Apr 18 - 20,STC Saudi Arabian GPJeddah Street Circuit,13,CMC Motorsports Haas Racing F1 2023 Men's Team Lightweight Rain Jacket,$59.99,$59.99,$0.00,27,+9,14,13
Apr 18 - 20,STC Saudi Arabian GPJeddah Street Circuit,14,CMC Motorsports Haas Racing F1 2024 Team 1/4 Zip Fitted Sweater,$39.99,$39.99,$0.00,27,+9,14,13
Apr 18 - 20,STC Saudi Arabian GPJeddah Street Circuit,15,CMC Motorsports Haas Racing F1 2023 Team Fitted T-Shirt,$24.99,$24.99,$0.00,27,+9,14,13
Apr 18 - 20,STC Saudi Arabian GPJeddah Street Circuit,16,CMC Motorsports Haas Racing F1 2023 Team Fitted 1/4 Zip Sweater,$39.99,$39.99,$0.00,27,+9,14,13
Apr 18 - 20,STC Saudi Arabian GPJeddah Street Circuit,17,CMC Motorsports Haas Racing F1 Roundel Essentials T-Shirt,$29.99,$29.99,$0.00,27,+9,14,13
Apr 18 - 20,STC Saudi Arabian GPJeddah Street Circuit,18,CMC Motorsports Haas Racing F1 2024 Team Fitted T-Shirt,$39.99,$39.99,$0.00,27,+9,14,13
Apr 18 - 20,STC Saudi Arabian GPJeddah Street Circuit,19,CMC Motorsports Haas Racing F1 Kevin Magnussen Hoodie,$19.99,$19.99,$0.00,27,+9,14,13
Apr 18 - 20,STC Saudi Arabian GPJeddah Street Circuit,20,CMC Motorsports Haas Racing F1 Kevin Magnussen T-Shirt,$9.99,$9.99,$0.00,27,+9,14,13
May 2 - 4,Crypto.com Miami GPMiami International Autodrome,1,CMC Motorsports Haas Racing F1 Team Logo Hat - Black,$9.99,$9.99,$0.00,12,-15,12,Ret
May 2 - 4,Crypto.com Miami GPMiami International Autodrome,2,CMC Motorsports Haas Racing F1 Small Logo T-Shirt,$14.99,$14.99,$0.00,12,-15,12,Ret
May 2 - 4,Crypto.com Miami GPMiami International Autodrome,3,CMC Motorsports Haas Racing F1 Mono Fan Hat Grey,$14.99,$14.99,$0.00,12,-15,12,Ret
May 2 - 4,Crypto.com Miami GPMiami International Autodrome,4,CMC Motorsports Haas Racing F1 2024 Men's Team Fitted Polo Shirt,$39.99,$39.99,$0.00,12,-15,12,Ret
May 2 - 4,Crypto.com Miami GPMiami International Autodrome,5,Fitted Haas F1 2024 Team T-Shirt - Black,$39.99,$39.99,$0.00,12,-15,12,Ret
May 2 - 4,Crypto.com Miami GPMiami International Autodrome,6,CMC Motorsports Haas Racing F1 2024 Men's Team Fitted Polo Shirt,$39.99,$39.99,$0.00,12,-15,12,Ret
May 2 - 4,Crypto.com Miami GPMiami International Autodrome,7,CMC Motorsports Haas Racing F1 2024 Team Fitted T-Shirt,$39.99,$39.99,$0.00,12,-15,12,Ret
May 2 - 4,Crypto.com Miami GPMiami International Autodrome,8,CMC Motorsports Haas Racing F1 2024 Men's Team Fitted Polo Shirt,$39.99,$39.99,$0.00,12,-15,12,Ret
May 2 - 4,Crypto.com Miami GPMiami International Autodrome,9,"LEGO Speed Champions MoneyGram Haas F1 Team VF-24 Race Car Toy - Building Set for Kids, Boys & Girls, Ages 10+ - Toy Car for F1 Fans - Gift Idea for Birthday - 77250",$26.97,$26.97,$0.00,12,-15,12,Ret
May 2 - 4,Crypto.com Miami GPMiami International Autodrome,10,CMC Motorsports Haas Racing F1 2023 Nico Hulkenberg Team Baseball Hat Black,$14.99,$14.99,$0.00,12,-15,12,Ret
May 2 - 4,Crypto.com Miami GPMiami International Autodrome,11,CMC Motorsports Haas Racing F1 2024 Women's Team Fitted Polo Shirt,$19.99,$19.99,$0.00,12,-15,12,Ret
May 2 - 4,Crypto.com Miami GPMiami International Autodrome,12,CMC Motorsports Haas Racing F1 Small Logo T-Shirt,$14.99,$14.99,$0.00,12,-15,12,Ret
May 2 - 4,Crypto.com Miami GPMiami International Autodrome,13,CMC Motorsports Haas Racing F1 2023 Men's Team Lightweight Rain Jacket,$59.99,$59.99,$0.00,12,-15,12,Ret
May 2 - 4,Crypto.com Miami GPMiami International Autodrome,14,CMC Motorsports Haas Racing F1 2024 Team 1/4 Zip Fitted Sweater,$39.99,$39.99,$0.00,12,-15,12,Ret
May 2 - 4,Crypto.com Miami GPMiami International Autodrome,15,CMC Motorsports Haas Racing F1 2023 Team Fitted T-Shirt,$24.99,$24.99,$0.00,12,-15,12,Ret
May 2 - 4,Crypto.com Miami GPMiami International Autodrome,16,CMC Motorsports Haas Racing F1 2023 Team Fitted 1/4 Zip Sweater,$39.99,$39.99,$0.00,12,-15,12,Ret
May 2 - 4,Crypto.com Miami GPMiami International Autodrome,17,CMC Motorsports Haas Racing F1 Roundel Essentials T-Shirt,$29.99,$29.99,$0.00,12,-15,12,Ret
May 2 - 4,Crypto.com Miami GPMiami International Autodrome,18,CMC Motorsports Haas Racing F1 2024 Team Fitted T-Shirt,$39.99,$39.99,$0.00,12,-15,12,Ret
May 2 - 4,Crypto.com Miami GPMiami International Autodrome,19,CMC Motorsports Haas Racing F1 Kevin Magnussen Hoodie,$19.99,$19.99,$0.00,12,-15,12,Ret
May 2 - 4,Crypto.com Miami GPMiami International Autodrome,20,CMC Motorsports Haas Racing F1 Kevin Magnussen T-Shirt,$9.99,$9.99,$0.00,12,-15,12,Ret
May 16 - 18,AWS Made in Italy Emilia Romagna GPAutodromo Enzo e Dino Ferrari,1,CMC Motorsports Haas Racing F1 Team Logo Hat - Black,$9.99,$9.99,$0.00,17,+5,Ret,17
May 16 - 18,AWS Made in Italy Emilia Romagna GPAutodromo Enzo e Dino Ferrari,2,CMC Motorsports Haas Racing F1 Small Logo T-Shirt,$14.99,$14.99,$0.00,17,+5,Ret,17
May 16 - 18,AWS Made in Italy Emilia Romagna GPAutodromo Enzo e Dino Ferrari,3,CMC Motorsports Haas Racing F1 Mono Fan Hat Grey,$14.99,$14.99,$0.00,17,+5,Ret,17
May 16 - 18,AWS Made in Italy Emilia Romagna GPAutodromo Enzo e Dino Ferrari,4,CMC Motorsports Haas Racing F1 2024 Men's Team Fitted Polo Shirt,$39.99,$39.99,$0.00,17,+5,Ret,17
May 16 - 18,AWS Made in Italy Emilia Romagna GPAutodromo Enzo e Dino Ferrari,5,Fitted Haas F1 2024 Team T-Shirt - Black,$39.99,$39.99,$0.00,17,+5,Ret,17
May 16 - 18,AWS Made in Italy Emilia Romagna GPAutodromo Enzo e Dino Ferrari,6,CMC Motorsports Haas Racing F1 2024 Men's Team Fitted Polo Shirt,$39.99,$39.99,$0.00,17,+5,Ret,17
May 16 - 18,AWS Made in Italy Emilia Romagna GPAutodromo Enzo e Dino Ferrari,7,CMC Motorsports Haas Racing F1 2024 Team Fitted T-Shirt,$39.99,$39.99,$0.00,17,+5,Ret,17
May 16 - 18,AWS Made in Italy Emilia Romagna GPAutodromo Enzo e Dino Ferrari,8,CMC Motorsports Haas Racing F1 2024 Men's Team Fitted Polo Shirt,$39.99,$39.99,$0.00,17,+5,Ret,17
May 16 - 18,AWS Made in Italy Emilia Romagna GPAutodromo Enzo e Dino Ferrari,9,"LEGO Speed Champions MoneyGram Haas F1 Team VF-24 Race Car Toy - Building Set for Kids, Boys & Girls, Ages 10+ - Toy Car for F1 Fans - Gift Idea for Birthday - 77250",$26.97,$26.97,$0.00,17,+5,Ret,17
May 16 - 18,AWS Made in Italy Emilia Romagna GPAutodromo Enzo e Dino Ferrari,10,CMC Motorsports Haas Racing F1 2023 Nico Hulkenberg Team Baseball Hat Black,$14.99,$14.99,$0.00,17,+5,Ret,17
May 16 - 18,AWS Made in Italy Emilia Romagna GPAutodromo Enzo e Dino Ferrari,11,CMC Motorsports Haas Racing F1 2024 Women's Team Fitted Polo Shirt,$19.99,$19.99,$0.00,17,+5,Ret,17
May 16 - 18,AWS Made in Italy Emilia Romagna GPAutodromo Enzo e Dino Ferrari,12,CMC Motorsports Haas Racing F1 Small Logo T-Shirt,$14.99,$14.99,$0.00,17,+5,Ret,17
May 16 - 18,AWS Made in Italy Emilia Romagna GPAutodromo Enzo e Dino Ferrari,13,CMC Motorsports Haas Racing F1 2023 Men's Team Lightweight Rain Jacket,$59.99,$59.99,$0.00,17,+5,Ret,17
May 16 - 18,AWS Made in Italy Emilia Romagna GPAutodromo Enzo e Dino Ferrari,14,CMC Motorsports Haas Racing F1 2024 Team 1/4 Zip Fitted Sweater,$39.99,$39.99,$0.00,17,+5,Ret,17
May 16 - 18,AWS Made in Italy Emilia Romagna GPAutodromo Enzo e Dino Ferrari,15,CMC Motorsports Haas Racing F1 2023 Team Fitted T-Shirt,$24.99,$24.99,$0.00,17,+5,Ret,17
May 16 - 18,AWS Made in Italy Emilia Romagna GPAutodromo Enzo e Dino Ferrari,16,CMC Motorsports Haas Racing F1 2023 Team Fitted 1/4 Zip Sweater,$39.99,$39.99,$0.00,17,+5,Ret,17
May 16 - 18,AWS Made in Italy Emilia Romagna GPAutodromo Enzo e Dino Ferrari,17,CMC Motorsports Haas Racing F1 Roundel Essentials T-Shirt,$29.99,$29.99,$0.00,17,+5,Ret,17
May 16 - 18,AWS Made in Italy Emilia Romagna GPAutodromo Enzo e Dino Ferrari,18,CMC Motorsports Haas Racing F1 2024 Team Fitted T-Shirt,$39.99,$39.99,$0.00,17,+5,Ret,17
May 16 - 18,AWS Made in Italy Emilia Romagna GPAutodromo Enzo e Dino Ferrari,19,CMC Motorsports Haas Racing F1 Kevin Magnussen Hoodie,$19.99,$19.99,$0.00,17,+5,Ret,17
May 16 - 18,AWS Made in Italy Emilia Romagna GPAutodromo Enzo e Dino Ferrari,20,CMC Motorsports Haas Racing F1 Kevin Magnussen T-Shirt,$9.99,$9.99,$0.00,17,+5,Ret,17
May 23 - 25,Tag Heuer Monaco GPCircuit de Monaco,1,CMC Motorsports Haas Racing F1 Team Logo Hat - Black,$9.99,$9.99,$0.00,19,+2,7,12
May 23 - 25,Tag Heuer Monaco GPCircuit de Monaco,2,CMC Motorsports Haas Racing F1 Small Logo T-Shirt,$14.99,$14.99,$0.00,19,+2,7,12
May 23 - 25,Tag Heuer Monaco GPCircuit de Monaco,3,CMC Motorsports Haas Racing F1 Mono Fan Hat Grey,$14.99,$14.99,$0.00,19,+2,7,12
May 23 - 25,Tag Heuer Monaco GPCircuit de Monaco,4,CMC Motorsports Haas Racing F1 2024 Men's Team Fitted Polo Shirt,$39.99,$39.99,$0.00,19,+2,7,12
May 23 - 25,Tag Heuer Monaco GPCircuit de Monaco,5,Fitted Haas F1 2024 Team T-Shirt - Black,$39.99,$39.99,$0.00,19,+2,7,12
May 23 - 25,Tag Heuer Monaco GPCircuit de Monaco,6,CMC Motorsports Haas Racing F1 2024 Men's Team Fitted Polo Shirt,$39.99,$39.99,$0.00,19,+2,7,12
May 23 - 25,Tag Heuer Monaco GPCircuit de Monaco,7,CMC Motorsports Haas Racing F1 2024 Team Fitted T-Shirt,$39.99,$39.99,$0.00,19,+2,7,12
May 23 - 25,Tag Heuer Monaco GPCircuit de Monaco,8,CMC Motorsports Haas Racing F1 2024 Men's Team Fitted Polo Shirt,$39.99,$39.99,$0.00,19,+2,7,12
May 23 - 25,Tag Heuer Monaco GPCircuit de Monaco,9,"LEGO Speed Champions MoneyGram Haas F1 Team VF-24 Race Car Toy - Building Set for Kids, Boys & Girls, Ages 10+ - Toy Car for F1 Fans - Gift Idea for Birthday - 77250",$26.97,$26.97,$0.00,19,+2,7,12
May 23 - 25,Tag Heuer Monaco GPCircuit de Monaco,10,CMC Motorsports Haas Racing F1 2023 Nico Hulkenberg Team Baseball Hat Black,$14.99,$14.99,$0.00,19,+2,7,12
May 23 - 25,Tag Heuer Monaco GPCircuit de Monaco,11,CMC Motorsports Haas Racing F1 2024 Women's Team Fitted Polo Shirt,$19.99,$19.99,$0.00,19,+2,7,12
May 23 - 25,Tag Heuer Monaco GPCircuit de Monaco,12,CMC Motorsports Haas Racing F1 Small Logo T-Shirt,$14.99,$14.99,$0.00,19,+2,7,12
May 23 - 25,Tag Heuer Monaco GPCircuit de Monaco,13,CMC Motorsports Haas Racing F1 2023 Men's Team Lightweight Rain Jacket,$59.99,$59.99,$0.00,19,+2,7,12
May 23 - 25,Tag Heuer Monaco GPCircuit de Monaco,14,CMC Motorsports Haas Racing F1 2024 Team 1/4 Zip Fitted Sweater,$39.99,$39.99,$0.00,19,+2,7,12
May 23 - 25,Tag Heuer Monaco GPCircuit de Monaco,15,CMC Motorsports Haas Racing F1 2023 Team Fitted T-Shirt,$24.99,$24.99,$0.00,19,+2,7,12
May 23 - 25,Tag Heuer Monaco GPCircuit de Monaco,16,CMC Motorsports Haas Racing F1 2023 Team Fitted 1/4 Zip Sweater,$39.99,$39.99,$0.00,19,+2,7,12
May 23 - 25,Tag Heuer Monaco GPCircuit de Monaco,17,CMC Motorsports Haas Racing F1 Roundel Essentials T-Shirt,$29.99,$29.99,$0.00,19,+2,7,12
May 23 - 25,Tag Heuer Monaco GPCircuit de Monaco,18,CMC Motorsports Haas Racing F1 2024 Team Fitted T-Shirt,$39.99,$39.99,$0.00,19,+2,7,12
May 23 - 25,Tag Heuer Monaco GPCircuit de Monaco,19,CMC Motorsports Haas Racing F1 Kevin Magnussen Hoodie,$19.99,$19.99,$0.00,19,+2,7,12
May 23 - 25,Tag Heuer Monaco GPCircuit de Monaco,20,CMC Motorsports Haas Racing F1 Kevin Magnussen T-Shirt,$9.99,$9.99,$0.00,19,+2,7,12
May 30 - Jun 1,Aramco Spanish GPMadring,1,CMC Motorsports Haas Racing F1 Team Logo Hat - Black,$9.99,$9.99,$0.00,33,+14,16,17
May 30 - Jun 1,Aramco Spanish GPMadring,2,CMC Motorsports Haas Racing F1 Small Logo T-Shirt,$14.99,$14.99,$0.00,33,+14,16,17
May 30 - Jun 1,Aramco Spanish GPMadring,3,CMC Motorsports Haas Racing F1 Mono Fan Hat Grey,$14.99,$14.99,$0.00,33,+14,16,17
May 30 - Jun 1,Aramco Spanish GPMadring,4,CMC Motorsports Haas Racing F1 2024 Men's Team Fitted Polo Shirt,$39.99,$39.99,$0.00,33,+14,16,17
May 30 - Jun 1,Aramco Spanish GPMadring,5,Fitted Haas F1 2024 Team T-Shirt - Black,$39.99,$39.99,$0.00,33,+14,16,17
May 30 - Jun 1,Aramco Spanish GPMadring,6,CMC Motorsports Haas Racing F1 2024 Men's Team Fitted Polo Shirt,$39.99,$39.99,$0.00,33,+14,16,17
May 30 - Jun 1,Aramco Spanish GPMadring,7,CMC Motorsports Haas Racing F1 2024 Team Fitted T-Shirt,$39.99,$39.99,$0.00,33,+14,16,17
May 30 - Jun 1,Aramco Spanish GPMadring,8,CMC Motorsports Haas Racing F1 2024 Men's Team Fitted Polo Shirt,$39.99,$39.99,$0.00,33,+14,16,17
May 30 - Jun 1,Aramco Spanish GPMadring,9,"LEGO Speed Champions MoneyGram Haas F1 Team VF-24 Race Car Toy - Building Set for Kids, Boys & Girls, Ages 10+ - Toy Car for F1 Fans - Gift Idea for Birthday - 77250",$26.97,$26.97,$0.00,33,+14,16,17
May 30 - Jun 1,Aramco Spanish GPMadring,10,CMC Motorsports Haas Racing F1 2023 Nico Hulkenberg Team Baseball Hat Black,$14.99,$14.99,$0.00,33,+14,16,17
May 30 - Jun 1,Aramco Spanish GPMadring,11,CMC Motorsports Haas Racing F1 2024 Women's Team Fitted Polo Shirt,$19.99,$19.99,$0.00,33,+14,16,17
May 30 - Jun 1,Aramco Spanish GPMadring,12,CMC Motorsports Haas Racing F1 Small Logo T-Shirt,$14.99,$14.99,$0.00,33,+14,16,17
May 30 - Jun 1,Aramco Spanish GPMadring,13,CMC Motorsports Haas Racing F1 2023 Men's Team Lightweight Rain Jacket,$59.99,$59.99,$0.00,33,+14,16,17
May 30 - Jun 1,Aramco Spanish GPMadring,14,CMC Motorsports Haas Racing F1 2024 Team 1/4 Zip Fitted Sweater,$39.99,$39.99,$0.00,33,+14,16,17
May 30 - Jun 1,Aramco Spanish GPMadring,15,CMC Motorsports Haas Racing F1 2023 Team Fitted T-Shirt,$24.99,$24.99,$0.00,33,+14,16,17
May 30 - Jun 1,Aramco Spanish GPMadring,16,CMC Motorsports Haas Racing F1 2023 Team Fitted 1/4 Zip Sweater,$39.99,$39.99,$0.00,33,+14,16,17
May 30 - Jun 1,Aramco Spanish GPMadring,17,CMC Motorsports Haas Racing F1 Roundel Essentials T-Shirt,$29.99,$29.99,$0.00,33,+14,16,17
May 30 - Jun 1,Aramco Spanish GPMadring,18,CMC Motorsports Haas Racing F1 2024 Team Fitted T-Shirt,$39.99,$39.99,$0.00,33,+14,16,17
May 30 - Jun 1,Aramco Spanish GPMadring,19,CMC Motorsports Haas Racing F1 Kevin Magnussen Hoodie,$19.99,$19.99,$0.00,33,+14,16,17
May 30 - Jun 1,Aramco Spanish GPMadring,20,CMC Motorsports Haas Racing F1 Kevin Magnussen T-Shirt,$9.99,$9.99,$0.00,33,+14,16,17
Jun 13 - 15,Pirelli Canadian GPCircuit Gilles-Villeneuve,1,CMC Motorsports Haas Racing F1 Team Logo Hat - Black,$9.99,$9.99,$0.00,20,-13,9,11
Jun 13 - 15,Pirelli Canadian GPCircuit Gilles-Villeneuve,2,CMC Motorsports Haas Racing F1 Small Logo T-Shirt,$14.99,$14.99,$0.00,20,-13,9,11
Jun 13 - 15,Pirelli Canadian GPCircuit Gilles-Villeneuve,3,CMC Motorsports Haas Racing F1 Mono Fan Hat Grey,$14.99,$14.99,$0.00,20,-13,9,11
Jun 13 - 15,Pirelli Canadian GPCircuit Gilles-Villeneuve,4,CMC Motorsports Haas Racing F1 2024 Men's Team Fitted Polo Shirt,$39.99,$39.99,$0.00,20,-13,9,11
Jun 13 - 15,Pirelli Canadian GPCircuit Gilles-Villeneuve,5,Fitted Haas F1 2024 Team T-Shirt - Black,$39.99,$39.99,$0.00,20,-13,9,11
Jun 13 - 15,Pirelli Canadian GPCircuit Gilles-Villeneuve,6,CMC Motorsports Haas Racing F1 2024 Men's Team Fitted Polo Shirt,$39.99,$39.99,$0.00,20,-13,9,11
Jun 13 - 15,Pirelli Canadian GPCircuit Gilles-Villeneuve,7,CMC Motorsports Haas Racing F1 2024 Team Fitted T-Shirt,$39.99,$39.99,$0.00,20,-13,9,11
Jun 13 - 15,Pirelli Canadian GPCircuit Gilles-Villeneuve,8,CMC Motorsports Haas Racing F1 2024 Men's Team Fitted Polo Shirt,$39.99,$39.99,$0.00,20,-13,9,11
Jun 13 - 15,Pirelli Canadian GPCircuit Gilles-Villeneuve,9,"LEGO Speed Champions MoneyGram Haas F1 Team VF-24 Race Car Toy - Building Set for Kids, Boys & Girls, Ages 10+ - Toy Car for F1 Fans - Gift Idea for Birthday - 77250",$26.97,$26.97,$0.00,20,-13,9,11
Jun 13 - 15,Pirelli Canadian GPCircuit Gilles-Villeneuve,10,CMC Motorsports Haas Racing F1 2023 Nico Hulkenberg Team Baseball Hat Black,$14.99,$14.99,$0.00,20,-13,9,11
Jun 13 - 15,Pirelli Canadian GPCircuit Gilles-Villeneuve,11,CMC Motorsports Haas Racing F1 2024 Women's Team Fitted Polo Shirt,$19.99,$19.99,$0.00,20,-13,9,11
Jun 13 - 15,Pirelli Canadian GPCircuit Gilles-Villeneuve,12,CMC Motorsports Haas Racing F1 Small Logo T-Shirt,$14.99,$14.99,$0.00,20,-13,9,11
Jun 13 - 15,Pirelli Canadian GPCircuit Gilles-Villeneuve,13,CMC Motorsports Haas Racing F1 2023 Men's Team Lightweight Rain Jacket,$59.99,$59.99,$0.00,20,-13,9,11
Jun 13 - 15,Pirelli Canadian GPCircuit Gilles-Villeneuve,14,CMC Motorsports Haas Racing F1 2024 Team 1/4 Zip Fitted Sweater,$39.99,$39.99,$0.00,20,-13,9,11
Jun 13 - 15,Pirelli Canadian GPCircuit Gilles-Villeneuve,15,CMC Motorsports Haas Racing F1 2023 Team Fitted T-Shirt,$24.99,$24.99,$0.00,20,-13,9,11
Jun 13 - 15,Pirelli Canadian GPCircuit Gilles-Villeneuve,16,CMC Motorsports Haas Racing F1 2023 Team Fitted 1/4 Zip Sweater,$39.99,$39.99,$0.00,20,-13,9,11
Jun 13 - 15,Pirelli Canadian GPCircuit Gilles-Villeneuve,17,CMC Motorsports Haas Racing F1 Roundel Essentials T-Shirt,$29.99,$29.99,$0.00,20,-13,9,11
Jun 13 - 15,Pirelli Canadian GPCircuit Gilles-Villeneuve,18,CMC Motorsports Haas Racing F1 2024 Team Fitted T-Shirt,$39.99,$39.99,$0.00,20,-13,9,11
Jun 13 - 15,Pirelli Canadian GPCircuit Gilles-Villeneuve,19,CMC Motorsports Haas Racing F1 Kevin Magnussen Hoodie,$19.99,$19.99,$0.00,20,-13,9,11
Jun 13 - 15,Pirelli Canadian GPCircuit Gilles-Villeneuve,20,CMC Motorsports Haas Racing F1 Kevin Magnussen T-Shirt,$9.99,$9.99,$0.00,20,-13,9,11
Jun 27 - 29,MSC Cruises Austrian GPRed Bull Ring,1,CMC Motorsports Haas Racing F1 Team Logo Hat - Black,$9.99,$9.99,$0.00,21,+1,10,11
Jun 27 - 29,MSC Cruises Austrian GPRed Bull Ring,2,CMC Motorsports Haas Racing F1 Small Logo T-Shirt,$14.99,$14.99,$0.00,21,+1,10,11
Jun 27 - 29,MSC Cruises Austrian GPRed Bull Ring,3,CMC Motorsports Haas Racing F1 Mono Fan Hat Grey,$14.99,$14.99,$0.00,21,+1,10,11
Jun 27 - 29,MSC Cruises Austrian GPRed Bull Ring,4,CMC Motorsports Haas Racing F1 2024 Men's Team Fitted Polo Shirt,$39.99,$39.99,$0.00,21,+1,10,11
Jun 27 - 29,MSC Cruises Austrian GPRed Bull Ring,5,Fitted Haas F1 2024 Team T-Shirt - Black,$39.99,$39.99,$0.00,21,+1,10,11
Jun 27 - 29,MSC Cruises Austrian GPRed Bull Ring,6,CMC Motorsports Haas Racing F1 2024 Men's Team Fitted Polo Shirt,$39.99,$39.99,$0.00,21,+1,10,11
Jun 27 - 29,MSC Cruises Austrian GPRed Bull Ring,7,CMC Motorsports Haas Racing F1 2024 Team Fitted T-Shirt,$39.99,$39.99,$0.00,21,+1,10,11
Jun 27 - 29,MSC Cruises Austrian GPRed Bull Ring,8,CMC Motorsports Haas Racing F1 2024 Men's Team Fitted Polo Shirt,$39.99,$39.99,$0.00,21,+1,10,11
Jun 27 - 29,MSC Cruises Austrian GPRed Bull Ring,9,"LEGO Speed Champions MoneyGram Haas F1 Team VF-24 Race Car Toy - Building Set for Kids, Boys & Girls, Ages 10+ - Toy Car for F1 Fans - Gift Idea for Birthday - 77250",$26.97,$26.97,$0.00,21,+1,10,11
Jun 27 - 29,MSC Cruises Austrian GPRed Bull Ring,10,CMC Motorsports Haas Racing F1 2023 Nico Hulkenberg Team Baseball Hat Black,$14.99,$14.99,$0.00,21,+1,10,11
Jun 27 - 29,MSC Cruises Austrian GPRed Bull Ring,11,CMC Motorsports Haas Racing F1 2024 Women's Team Fitted Polo Shirt,$19.99,$19.99,$0.00,21,+1,10,11
Jun 27 - 29,MSC Cruises Austrian GPRed Bull Ring,12,CMC Motorsports Haas Racing F1 Small Logo T-Shirt,$14.99,$14.99,$0.00,21,+1,10,11
Jun 27 - 29,MSC Cruises Austrian GPRed Bull Ring,13,CMC Motorsports Haas Racing F1 2023 Men's Team Lightweight Rain Jacket,$59.99,$59.99,$0.00,21,+1,10,11
Jun 27 - 29,MSC Cruises Austrian GPRed Bull Ring,14,CMC Motorsports Haas Racing F1 2024 Team 1/4 Zip Fitted Sweater,$39.99,$39.99,$0.00,21,+1,10,11
Jun 27 - 29,MSC Cruises Austrian GPRed Bull Ring,15,CMC Motorsports Haas Racing F1 2023 Team Fitted T-Shirt,$24.99,$24.99,$0.00,21,+1,10,11
Jun 27 - 29,MSC Cruises Austrian GPRed Bull Ring,16,CMC Motorsports Haas Racing F1 2023 Team Fitted 1/4 Zip Sweater,$39.99,$39.99,$0.00,21,+1,10,11
Jun 27 - 29,MSC Cruises Austrian GPRed Bull Ring,17,CMC Motorsports Haas Racing F1 Roundel Essentials T-Shirt,$29.99,$29.99,$0.00,21,+1,10,11
Jun 27 - 29,MSC Cruises Austrian GPRed Bull Ring,18,CMC Motorsports Haas Racing F1 2024 Team Fitted T-Shirt,$39.99,$39.99,$0.00,21,+1,10,11
Jun 27 - 29,MSC Cruises Austrian GPRed Bull Ring,19,CMC Motorsports Haas Racing F1 Kevin Magnussen Hoodie,$19.99,$19.99,$0.00,21,+1,10,11
Jun 27 - 29,MSC Cruises Austrian GPRed Bull Ring,20,CMC Motorsports Haas Racing F1 Kevin Magnussen T-Shirt,$9.99,$9.99,$0.00,21,+1,10,11
Jul 4 - 6,Qatar Airways British GPSilverstone Circuit,1,CMC Motorsports Haas Racing F1 Team Logo Hat - Black,$9.99,$9.99,$0.00,24,+3,13,11
Jul 4 - 6,Qatar Airways British GPSilverstone Circuit,2,CMC Motorsports Haas Racing F1 Small Logo T-Shirt,$14.99,$14.99,$0.00,24,+3,13,11
Jul 4 - 6,Qatar Airways British GPSilverstone Circuit,3,CMC Motorsports Haas Racing F1 Mono Fan Hat Grey,$14.99,$14.99,$0.00,24,+3,13,11
Jul 4 - 6,Qatar Airways British GPSilverstone Circuit,4,CMC Motorsports Haas Racing F1 2024 Men's Team Fitted Polo Shirt,$39.99,$39.99,$0.00,24,+3,13,11
Jul 4 - 6,Qatar Airways British GPSilverstone Circuit,5,Fitted Haas F1 2024 Team T-Shirt - Black,$39.99,$39.99,$0.00,24,+3,13,11
Jul 4 - 6,Qatar Airways British GPSilverstone Circuit,6,CMC Motorsports Haas Racing F1 2024 Men's Team Fitted Polo Shirt,$39.99,$39.99,$0.00,24,+3,13,11
Jul 4 - 6,Qatar Airways British GPSilverstone Circuit,7,CMC Motorsports Haas Racing F1 2024 Team Fitted T-Shirt,$39.99,$39.99,$0.00,24,+3,13,11
Jul 4 - 6,Qatar Airways British GPSilverstone Circuit,8,CMC Motorsports Haas Racing F1 2024 Men's Team Fitted Polo Shirt,$39.99,$39.99,$0.00,24,+3,13,11
Jul 4 - 6,Qatar Airways British GPSilverstone Circuit,9,"LEGO Speed Champions MoneyGram Haas F1 Team VF-24 Race Car Toy - Building Set for Kids, Boys & Girls, Ages 10+ - Toy Car for F1 Fans - Gift Idea for Birthday - 77250",$26.97,$26.97,$0.00,24,+3,13,11
Jul 4 - 6,Qatar Airways British GPSilverstone Circuit,10,CMC Motorsports Haas Racing F1 2023 Nico Hulkenberg Team Baseball Hat Black,$14.99,$14.99,$0.00,24,+3,13,11
Jul 4 - 6,Qatar Airways British GPSilverstone Circuit,11,CMC Motorsports Haas Racing F1 2024 Women's Team Fitted Polo Shirt,$19.99,$19.99,$0.00,24,+3,13,11
Jul 4 - 6,Qatar Airways British GPSilverstone Circuit,12,CMC Motorsports Haas Racing F1 Small Logo T-Shirt,$14.99,$14.99,$0.00,24,+3,13,11
Jul 4 - 6,Qatar Airways British GPSilverstone Circuit,13,CMC Motorsports Haas Racing F1 2023 Men's Team Lightweight Rain Jacket,$59.99,$59.99,$0.00,24,+3,13,11
Jul 4 - 6,Qatar Airways British GPSilverstone Circuit,14,CMC Motorsports Haas Racing F1 2024 Team 1/4 Zip Fitted Sweater,$39.99,$39.99,$0.00,24,+3,13,11
Jul 4 - 6,Qatar Airways British GPSilverstone Circuit,15,CMC Motorsports Haas Racing F1 2023 Team Fitted T-Shirt,$24.99,$24.99,$0.00,24,+3,13,11
Jul 4 - 6,Qatar Airways British GPSilverstone Circuit,16,CMC Motorsports Haas Racing F1 2023 Team Fitted 1/4 Zip Sweater,$39.99,$39.99,$0.00,24,+3,13,11
Jul 4 - 6,Qatar Airways British GPSilverstone Circuit,17,CMC Motorsports Haas Racing F1 Roundel Essentials T-Shirt,$29.99,$29.99,$0.00,24,+3,13,11
Jul 4 - 6,Qatar Airways British GPSilverstone Circuit,18,CMC Motorsports Haas Racing F1 2024 Team Fitted T-Shirt,$39.99,$39.99,$0.00,24,+3,13,11
Jul 4 - 6,Qatar Airways British GPSilverstone Circuit,19,CMC Motorsports Haas Racing F1 Kevin Magnussen Hoodie,$19.99,$19.99,$0.00,24,+3,13,11
Jul 4 - 6,Qatar Airways British GPSilverstone Circuit,20,CMC Motorsports Haas Racing F1 Kevin Magnussen T-Shirt,$9.99,$9.99,$0.00,24,+3,13,11
Jul 25 - 27,Moët & Chandon Belgian GPCircuit de Spa-Francorchamps,1,CMC Motorsports Haas Racing F1 Team Logo Hat - Black,$9.99,$9.99,$0.00,26,+2,15,11
Jul 25 - 27,Moët & Chandon Belgian GPCircuit de Spa-Francorchamps,2,CMC Motorsports Haas Racing F1 Small Logo T-Shirt,$14.99,$14.99,$0.00,26,+2,15,11
Jul 25 - 27,Moët & Chandon Belgian GPCircuit de Spa-Francorchamps,3,CMC Motorsports Haas Racing F1 Mono Fan Hat Grey,$14.99,$14.99,$0.00,26,+2,15,11
Jul 25 - 27,Moët & Chandon Belgian GPCircuit de Spa-Francorchamps,4,CMC Motorsports Haas Racing F1 2024 Men's Team Fitted Polo Shirt,$39.99,$39.99,$0.00,26,+2,15,11
Jul 25 - 27,Moët & Chandon Belgian GPCircuit de Spa-Francorchamps,5,Fitted Haas F1 2024 Team T-Shirt - Black,$39.99,$39.99,$0.00,26,+2,15,11
Jul 25 - 27,Moët & Chandon Belgian GPCircuit de Spa-Francorchamps,6,CMC Motorsports Haas Racing F1 2024 Men's Team Fitted Polo Shirt,$39.99,$39.99,$0.00,26,+2,15,11
Jul 25 - 27,Moët & Chandon Belgian GPCircuit de Spa-Francorchamps,7,CMC Motorsports Haas Racing F1 2024 Team Fitted T-Shirt,$39.99,$39.99,$0.00,26,+2,15,11
Jul 25 - 27,Moët & Chandon Belgian GPCircuit de Spa-Francorchamps,8,CMC Motorsports Haas Racing F1 2024 Men's Team Fitted Polo Shirt,$39.99,$39.99,$0.00,26,+2,15,11
Jul 25 - 27,Moët & Chandon Belgian GPCircuit de Spa-Francorchamps,9,"LEGO Speed Champions MoneyGram Haas F1 Team VF-24 Race Car Toy - Building Set for Kids, Boys & Girls, Ages 10+ - Toy Car for F1 Fans - Gift Idea for Birthday - 77250",$26.97,$26.97,$0.00,26,+2,15,11
Jul 25 - 27,Moët & Chandon Belgian GPCircuit de Spa-Francorchamps,10,CMC Motorsports Haas Racing F1 2023 Nico Hulkenberg Team Baseball Hat Black,$14.99,$14.99,$0.00,26,+2,15,11
Jul 25 - 27,Moët & Chandon Belgian GPCircuit de Spa-Francorchamps,11,CMC Motorsports Haas Racing F1 2024 Women's Team Fitted Polo Shirt,$19.99,$19.99,$0.00,26,+2,15,11
Jul 25 - 27,Moët & Chandon Belgian GPCircuit de Spa-Francorchamps,12,CMC Motorsports Haas Racing F1 Small Logo T-Shirt,$14.99,$14.99,$0.00,26,+2,15,11
Jul 25 - 27,Moët & Chandon Belgian GPCircuit de Spa-Francorchamps,13,CMC Motorsports Haas Racing F1 2023 Men's Team Lightweight Rain Jacket,$59.99,$59.99,$0.00,26,+2,15,11
Jul 25 - 27,Moët & Chandon Belgian GPCircuit de Spa-Francorchamps,14,CMC Motorsports Haas Racing F1 2024 Team 1/4 Zip Fitted Sweater,$39.99,$39.99,$0.00,26,+2,15,11
Jul 25 - 27,Moët & Chandon Belgian GPCircuit de Spa-Francorchamps,15,CMC Motorsports Haas Racing F1 2023 Team Fitted T-Shirt,$24.99,$24.99,$0.00,26,+2,15,11
Jul 25 - 27,Moët & Chandon Belgian GPCircuit de Spa-Francorchamps,16,CMC Motorsports Haas Racing F1 2023 Team Fitted 1/4 Zip Sweater,$39.99,$39.99,$0.00,26,+2,15,11
Jul 25 - 27,Moët & Chandon Belgian GPCircuit de Spa-Francorchamps,17,CMC Motorsports Haas Racing F1 Roundel Essentials T-Shirt,$29.99,$29.99,$0.00,26,+2,15,11
Jul 25 - 27,Moët & Chandon Belgian GPCircuit de Spa-Francorchamps,18,CMC Motorsports Haas Racing F1 2024 Team Fitted T-Shirt,$39.99,$39.99,$0.00,26,+2,15,11
Jul 25 - 27,Moët & Chandon Belgian GPCircuit de Spa-Francorchamps,19,CMC Motorsports Haas Racing F1 Kevin Magnussen Hoodie,$19.99,$19.99,$0.00,26,+2,15,11
Jul 25 - 27,Moët & Chandon Belgian GPCircuit de Spa-Francorchamps,20,CMC Motorsports Haas Racing F1 Kevin Magnussen T-Shirt,$9.99,$9.99,$0.00,26,+2,15,11
Aug 1 - 3,Lenovo Hungarian GPHungaroring,1,CMC Motorsports Haas Racing F1 Team Logo Hat - Black,$9.99,$9.99,$0.00,16,-10,16,Ret
Aug 1 - 3,Lenovo Hungarian GPHungaroring,2,CMC Motorsports Haas Racing F1 Small Logo T-Shirt,$14.99,$14.99,$0.00,16,-10,16,Ret
Aug 1 - 3,Lenovo Hungarian GPHungaroring,3,CMC Motorsports Haas Racing F1 Mono Fan Hat Grey,$14.99,$14.99,$0.00,16,-10,16,Ret
Aug 1 - 3,Lenovo Hungarian GPHungaroring,4,CMC Motorsports Haas Racing F1 2024 Men's Team Fitted Polo Shirt,$39.99,$39.99,$0.00,16,-10,16,Ret
Aug 1 - 3,Lenovo Hungarian GPHungaroring,5,Fitted Haas F1 2024 Team T-Shirt - Black,$39.99,$39.99,$0.00,16,-10,16,Ret
Aug 1 - 3,Lenovo Hungarian GPHungaroring,6,CMC Motorsports Haas Racing F1 2024 Men's Team Fitted Polo Shirt,$39.99,$39.99,$0.00,16,-10,16,Ret
Aug 1 - 3,Lenovo Hungarian GPHungaroring,7,CMC Motorsports Haas Racing F1 2024 Team Fitted T-Shirt,$39.99,$39.99,$0.00,16,-10,16,Ret
Aug 1 - 3,Lenovo Hungarian GPHungaroring,8,CMC Motorsports Haas Racing F1 2024 Men's Team Fitted Polo Shirt,$39.99,$39.99,$0.00,16,-10,16,Ret
Aug 1 - 3,Lenovo Hungarian GPHungaroring,9,"LEGO Speed Champions MoneyGram Haas F1 Team VF-24 Race Car Toy - Building Set for Kids, Boys & Girls, Ages 10+ - Toy Car for F1 Fans - Gift Idea for Birthday - 77250",$26.97,$26.97,$0.00,16,-10,16,Ret
Aug 1 - 3,Lenovo Hungarian GPHungaroring,10,CMC Motorsports Haas Racing F1 2023 Nico Hulkenberg Team Baseball Hat Black,$14.99,$14.99,$0.00,16,-10,16,Ret
Aug 1 - 3,Lenovo Hungarian GPHungaroring,11,CMC Motorsports Haas Racing F1 2024 Women's Team Fitted Polo Shirt,$19.99,$19.99,$0.00,16,-10,16,Ret
Aug 1 - 3,Lenovo Hungarian GPHungaroring,12,CMC Motorsports Haas Racing F1 Small Logo T-Shirt,$14.99,$14.99,$0.00,16,-10,16,Ret
Aug 1 - 3,Lenovo Hungarian GPHungaroring,13,CMC Motorsports Haas Racing F1 2023 Men's Team Lightweight Rain Jacket,$59.99,$59.99,$0.00,16,-10,16,Ret
Aug 1 - 3,Lenovo Hungarian GPHungaroring,14,CMC Motorsports Haas Racing F1 2024 Team 1/4 Zip Fitted Sweater,$39.99,$39.99,$0.00,16,-10,16,Ret
Aug 1 - 3,Lenovo Hungarian GPHungaroring,15,CMC Motorsports Haas Racing F1 2023 Team Fitted T-Shirt,$24.99,$24.99,$0.00,16,-10,16,Ret
Aug 1 - 3,Lenovo Hungarian GPHungaroring,16,CMC Motorsports Haas Racing F1 2023 Team Fitted 1/4 Zip Sweater,$39.99,$39.99,$0.00,16,-10,16,Ret
Aug 1 - 3,Lenovo Hungarian GPHungaroring,17,CMC Motorsports Haas Racing F1 Roundel Essentials T-Shirt,$29.99,$29.99,$0.00,16,-10,16,Ret
Aug 1 - 3,Lenovo Hungarian GPHungaroring,18,CMC Motorsports Haas Racing F1 2024 Team Fitted T-Shirt,$39.99,$39.99,$0.00,16,-10,16,Ret
Aug 1 - 3,Lenovo Hungarian GPHungaroring,19,CMC Motorsports Haas Racing F1 Kevin Magnussen Hoodie,$19.99,$19.99,$0.00,16,-10,16,Ret
Aug 1 - 3,Lenovo Hungarian GPHungaroring,20,CMC Motorsports Haas Racing F1 Kevin Magnussen T-Shirt,$9.99,$9.99,$0.00,16,-10,16,Ret
Aug 29 - 31,Heineken Dutch GPCircuit Park Zandvoort,1,CMC Motorsports Haas Racing F1 Team Logo Hat - Black,$9.99,$9.99,$0.00,16,0,10,6
Aug 29 - 31,Heineken Dutch GPCircuit Park Zandvoort,2,CMC Motorsports Haas Racing F1 Small Logo T-Shirt,$14.99,$14.99,$0.00,16,0,10,6
Aug 29 - 31,Heineken Dutch GPCircuit Park Zandvoort,3,CMC Motorsports Haas Racing F1 Mono Fan Hat Grey,$14.99,$14.99,$0.00,16,0,10,6
Aug 29 - 31,Heineken Dutch GPCircuit Park Zandvoort,4,CMC Motorsports Haas Racing F1 2024 Men's Team Fitted Polo Shirt,$39.99,$39.99,$0.00,16,0,10,6
Aug 29 - 31,Heineken Dutch GPCircuit Park Zandvoort,5,Fitted Haas F1 2024 Team T-Shirt - Black,$39.99,$39.99,$0.00,16,0,10,6
Aug 29 - 31,Heineken Dutch GPCircuit Park Zandvoort,6,CMC Motorsports Haas Racing F1 2024 Men's Team Fitted Polo Shirt,$39.99,$39.99,$0.00,16,0,10,6
Aug 29 - 31,Heineken Dutch GPCircuit Park Zandvoort,7,CMC Motorsports Haas Racing F1 2024 Team Fitted T-Shirt,$39.99,$39.99,$0.00,16,0,10,6
Aug 29 - 31,Heineken Dutch GPCircuit Park Zandvoort,8,CMC Motorsports Haas Racing F1 2024 Men's Team Fitted Polo Shirt,$39.99,$39.99,$0.00,16,0,10,6
Aug 29 - 31,Heineken Dutch GPCircuit Park Zandvoort,9,"LEGO Speed Champions MoneyGram Haas F1 Team VF-24 Race Car Toy - Building Set for Kids, Boys & Girls, Ages 10+ - Toy Car for F1 Fans - Gift Idea for Birthday - 77250",$26.97,$26.97,$0.00,16,0,10,6
Aug 29 - 31,Heineken Dutch GPCircuit Park Zandvoort,10,CMC Motorsports Haas Racing F1 2023 Nico Hulkenberg Team Baseball Hat Black,$14.99,$14.99,$0.00,16,0,10,6
Aug 29 - 31,Heineken Dutch GPCircuit Park Zandvoort,11,CMC Motorsports Haas Racing F1 2024 Women's Team Fitted Polo Shirt,$19.99,$19.99,$0.00,16,0,10,6
Aug 29 - 31,Heineken Dutch GPCircuit Park Zandvoort,12,CMC Motorsports Haas Racing F1 Small Logo T-Shirt,$14.99,$14.99,$0.00,16,0,10,6
Aug 29 - 31,Heineken Dutch GPCircuit Park Zandvoort,13,CMC Motorsports Haas Racing F1 2023 Men's Team Lightweight Rain Jacket,$59.99,$59.99,$0.00,16,0,10,6
Aug 29 - 31,Heineken Dutch GPCircuit Park Zandvoort,14,CMC Motorsports Haas Racing F1 2024 Team 1/4 Zip Fitted Sweater,$39.99,$39.99,$0.00,16,0,10,6
Aug 29 - 31,Heineken Dutch GPCircuit Park Zandvoort,15,CMC Motorsports Haas Racing F1 2023 Team Fitted T-Shirt,$24.99,$24.99,$0.00,16,0,10,6
Aug 29 - 31,Heineken Dutch GPCircuit Park Zandvoort,16,CMC Motorsports Haas Racing F1 2023 Team Fitted 1/4 Zip Sweater,$39.99,$39.99,$0.00,16,0,10,6
Aug 29 - 31,Heineken Dutch GPCircuit Park Zandvoort,17,CMC Motorsports Haas Racing F1 Roundel Essentials T-Shirt,$29.99,$29.99,$0.00,16,0,10,6
Aug 29 - 31,Heineken Dutch GPCircuit Park Zandvoort,18,CMC Motorsports Haas Racing F1 2024 Team Fitted T-Shirt,$39.99,$39.99,$0.00,16,0,10,6
Aug 29 - 31,Heineken Dutch GPCircuit Park Zandvoort,19,CMC Motorsports Haas Racing F1 Kevin Magnussen Hoodie,$19.99,$19.99,$0.00,16,0,10,6
Aug 29 - 31,Heineken Dutch GPCircuit Park Zandvoort,20,CMC Motorsports Haas Racing F1 Kevin Magnussen T-Shirt,$9.99,$9.99,$0.00,16,0,10,6
Sep 5 - 7,Pirelli Italian GPAutodromo Nazionale Monza,1,CMC Motorsports Haas Racing F1 Team Logo Hat - Black,$9.99,$9.99,$0.00,27,+11,15,12
Sep 5 - 7,Pirelli Italian GPAutodromo Nazionale Monza,2,CMC Motorsports Haas Racing F1 Small Logo T-Shirt,$14.99,$14.99,$0.00,27,+11,15,12
Sep 5 - 7,Pirelli Italian GPAutodromo Nazionale Monza,3,CMC Motorsports Haas Racing F1 Mono Fan Hat Grey,$14.99,$14.99,$0.00,27,+11,15,12
Sep 5 - 7,Pirelli Italian GPAutodromo Nazionale Monza,4,CMC Motorsports Haas Racing F1 2024 Men's Team Fitted Polo Shirt,$39.99,$39.99,$0.00,27,+11,15,12
Sep 5 - 7,Pirelli Italian GPAutodromo Nazionale Monza,5,Fitted Haas F1 2024 Team T-Shirt - Black,$39.99,$39.99,$0.00,27,+11,15,12
Sep 5 - 7,Pirelli Italian GPAutodromo Nazionale Monza,6,CMC Motorsports Haas Racing F1 2024 Men's Team Fitted Polo Shirt,$39.99,$39.99,$0.00,27,+11,15,12
Sep 5 - 7,Pirelli Italian GPAutodromo Nazionale Monza,7,CMC Motorsports Haas Racing F1 2024 Team Fitted T-Shirt,$39.99,$39.99,$0.00,27,+11,15,12
Sep 5 - 7,Pirelli Italian GPAutodromo Nazionale Monza,8,CMC Motorsports Haas Racing F1 2024 Men's Team Fitted Polo Shirt,$39.99,$39.99,$0.00,27,+11,15,12
Sep 5 - 7,Pirelli Italian GPAutodromo Nazionale Monza,9,"LEGO Speed Champions MoneyGram Haas F1 Team VF-24 Race Car Toy - Building Set for Kids, Boys & Girls, Ages 10+ - Toy Car for F1 Fans - Gift Idea for Birthday - 77250",$26.97,$26.97,$0.00,27,+11,15,12
Sep 5 - 7,Pirelli Italian GPAutodromo Nazionale Monza,10,CMC Motorsports Haas Racing F1 2023 Nico Hulkenberg Team Baseball Hat Black,$14.99,$14.99,$0.00,27,+11,15,12
Sep 5 - 7,Pirelli Italian GPAutodromo Nazionale Monza,11,CMC Motorsports Haas Racing F1 2024 Women's Team Fitted Polo Shirt,$19.99,$19.99,$0.00,27,+11,15,12
Sep 5 - 7,Pirelli Italian GPAutodromo Nazionale Monza,12,CMC Motorsports Haas Racing F1 Small Logo T-Shirt,$14.99,$14.99,$0.00,27,+11,15,12
Sep 5 - 7,Pirelli Italian GPAutodromo Nazionale Monza,13,CMC Motorsports Haas Racing F1 2023 Men's Team Lightweight Rain Jacket,$59.99,$59.99,$0.00,27,+11,15,12
Sep 5 - 7,Pirelli Italian GPAutodromo Nazionale Monza,14,CMC Motorsports Haas Racing F1 2024 Team 1/4 Zip Fitted Sweater,$39.99,$39.99,$0.00,27,+11,15,12
Sep 5 - 7,Pirelli Italian GPAutodromo Nazionale Monza,15,CMC Motorsports Haas Racing F1 2023 Team Fitted T-Shirt,$24.99,$24.99,$0.00,27,+11,15,12
Sep 5 - 7,Pirelli Italian GPAutodromo Nazionale Monza,16,CMC Motorsports Haas Racing F1 2023 Team Fitted 1/4 Zip Sweater,$39.99,$39.99,$0.00,27,+11,15,12
Sep 5 - 7,Pirelli Italian GPAutodromo Nazionale Monza,17,CMC Motorsports Haas Racing F1 Roundel Essentials T-Shirt,$29.99,$29.99,$0.00,27,+11,15,12
Sep 5 - 7,Pirelli Italian GPAutodromo Nazionale Monza,18,CMC Motorsports Haas Racing F1 2024 Team Fitted T-Shirt,$39.99,$39.99,$0.00,27,+11,15,12
Sep 5 - 7,Pirelli Italian GPAutodromo Nazionale Monza,19,CMC Motorsports Haas Racing F1 Kevin Magnussen Hoodie,$19.99,$19.99,$0.00,27,+11,15,12
Sep 5 - 7,Pirelli Italian GPAutodromo Nazionale Monza,20,CMC Motorsports Haas Racing F1 Kevin Magnussen T-Shirt,$9.99,$9.99,$0.00,27,+11,15,12
Sep 19 - 21,Qatar Airways Azerbaijan GPBaku City Circuit,1,CMC Motorsports Haas Racing F1 Team Logo Hat - Black,$9.99,$9.99,$0.00,26,-1,14,12
Sep 19 - 21,Qatar Airways Azerbaijan GPBaku City Circuit,2,CMC Motorsports Haas Racing F1 Small Logo T-Shirt,$14.99,$14.99,$0.00,26,-1,14,12
Sep 19 - 21,Qatar Airways Azerbaijan GPBaku City Circuit,3,CMC Motorsports Haas Racing F1 Mono Fan Hat Grey,$14.99,$14.99,$0.00,26,-1,14,12
Sep 19 - 21,Qatar Airways Azerbaijan GPBaku City Circuit,4,CMC Motorsports Haas Racing F1 2024 Men's Team Fitted Polo Shirt,$39.99,$39.99,$0.00,26,-1,14,12
Sep 19 - 21,Qatar Airways Azerbaijan GPBaku City Circuit,5,Fitted Haas F1 2024 Team T-Shirt - Black,$39.99,$39.99,$0.00,26,-1,14,12
Sep 19 - 21,Qatar Airways Azerbaijan GPBaku City Circuit,6,CMC Motorsports Haas Racing F1 2024 Men's Team Fitted Polo Shirt,$39.99,$39.99,$0.00,26,-1,14,12
Sep 19 - 21,Qatar Airways Azerbaijan GPBaku City Circuit,7,CMC Motorsports Haas Racing F1 2024 Team Fitted T-Shirt,$39.99,$39.99,$0.00,26,-1,14,12
Sep 19 - 21,Qatar Airways Azerbaijan GPBaku City Circuit,8,CMC Motorsports Haas Racing F1 2024 Men's Team Fitted Polo Shirt,$39.99,$39.99,$0.00,26,-1,14,12
Sep 19 - 21,Qatar Airways Azerbaijan GPBaku City Circuit,9,"LEGO Speed Champions MoneyGram Haas F1 Team VF-24 Race Car Toy - Building Set for Kids, Boys & Girls, Ages 10+ - Toy Car for F1 Fans - Gift Idea for Birthday - 77250",$26.97,$26.97,$0.00,26,-1,14,12
Sep 19 - 21,Qatar Airways Azerbaijan GPBaku City Circuit,10,CMC Motorsports Haas Racing F1 2023 Nico Hulkenberg Team Baseball Hat Black,$14.99,$14.99,$0.00,26,-1,14,12
Sep 19 - 21,Qatar Airways Azerbaijan GPBaku City Circuit,11,CMC Motorsports Haas Racing F1 2024 Women's Team Fitted Polo Shirt,$19.99,$19.99,$0.00,26,-1,14,12
Sep 19 - 21,Qatar Airways Azerbaijan GPBaku City Circuit,12,CMC Motorsports Haas Racing F1 Small Logo T-Shirt,$14.99,$14.99,$0.00,26,-1,14,12
Sep 19 - 21,Qatar Airways Azerbaijan GPBaku City Circuit,13,CMC Motorsports Haas Racing F1 2023 Men's Team Lightweight Rain Jacket,$59.99,$59.99,$0.00,26,-1,14,12
Sep 19 - 21,Qatar Airways Azerbaijan GPBaku City Circuit,14,CMC Motorsports Haas Racing F1 2024 Team 1/4 Zip Fitted Sweater,$39.99,$39.99,$0.00,26,-1,14,12
Sep 19 - 21,Qatar Airways Azerbaijan GPBaku City Circuit,15,CMC Motorsports Haas Racing F1 2023 Team Fitted T-Shirt,$24.99,$24.99,$0.00,26,-1,14,12
Sep 19 - 21,Qatar Airways Azerbaijan GPBaku City Circuit,16,CMC Motorsports Haas Racing F1 2023 Team Fitted 1/4 Zip Sweater,$39.99,$39.99,$0.00,26,-1,14,12
Sep 19 - 21,Qatar Airways Azerbaijan GPBaku City Circuit,17,CMC Motorsports Haas Racing F1 Roundel Essentials T-Shirt,$29.99,$29.99,$0.00,26,-1,14,12
Sep 19 - 21,Qatar Airways Azerbaijan GPBaku City Circuit,18,CMC Motorsports Haas Racing F1 2024 Team Fitted T-Shirt,$39.99,$39.99,$0.00,26,-1,14,12
Sep 19 - 21,Qatar Airways Azerbaijan GPBaku City Circuit,19,CMC Motorsports Haas Racing F1 Kevin Magnussen Hoodie,$19.99,$19.99,$0.00,26,-1,14,12
Sep 19 - 21,Qatar Airways Azerbaijan GPBaku City Circuit,20,CMC Motorsports Haas Racing F1 Kevin Magnussen T-Shirt,$9.99,$9.99,$0.00,26,-1,14,12
Oct 3 - 5,Singapore Airlines Singapore GPMarina Bay Street Circuit,1,CMC Motorsports Haas Racing F1 Team Logo Hat - Black,$9.99,$9.99,$0.00,27,+1,18,9
Oct 3 - 5,Singapore Airlines Singapore GPMarina Bay Street Circuit,2,CMC Motorsports Haas Racing F1 Small Logo T-Shirt,$14.99,$14.99,$0.00,27,+1,18,9
Oct 3 - 5,Singapore Airlines Singapore GPMarina Bay Street Circuit,3,CMC Motorsports Haas Racing F1 Mono Fan Hat Grey,$14.99,$14.99,$0.00,27,+1,18,9
Oct 3 - 5,Singapore Airlines Singapore GPMarina Bay Street Circuit,4,CMC Motorsports Haas Racing F1 2024 Men's Team Fitted Polo Shirt,$39.99,$39.99,$0.00,27,+1,18,9
Oct 3 - 5,Singapore Airlines Singapore GPMarina Bay Street Circuit,5,Fitted Haas F1 2024 Team T-Shirt - Black,$39.99,$39.99,$0.00,27,+1,18,9
Oct 3 - 5,Singapore Airlines Singapore GPMarina Bay Street Circuit,6,CMC Motorsports Haas Racing F1 2024 Men's Team Fitted Polo Shirt,$39.99,$39.99,$0.00,27,+1,18,9
Oct 3 - 5,Singapore Airlines Singapore GPMarina Bay Street Circuit,7,CMC Motorsports Haas Racing F1 2024 Team Fitted T-Shirt,$39.99,$39.99,$0.00,27,+1,18,9
Oct 3 - 5,Singapore Airlines Singapore GPMarina Bay Street Circuit,8,CMC Motorsports Haas Racing F1 2024 Men's Team Fitted Polo Shirt,$39.99,$39.99,$0.00,27,+1,18,9
Oct 3 - 5,Singapore Airlines Singapore GPMarina Bay Street Circuit,9,"LEGO Speed Champions MoneyGram Haas F1 Team VF-24 Race Car Toy - Building Set for Kids, Boys & Girls, Ages 10+ - Toy Car for F1 Fans - Gift Idea for Birthday - 77250",$26.97,$26.97,$0.00,27,+1,18,9
Oct 3 - 5,Singapore Airlines Singapore GPMarina Bay Street Circuit,10,CMC Motorsports Haas Racing F1 2023 Nico Hulkenberg Team Baseball Hat Black,$14.99,$14.99,$0.00,27,+1,18,9
Oct 3 - 5,Singapore Airlines Singapore GPMarina Bay Street Circuit,11,CMC Motorsports Haas Racing F1 2024 Women's Team Fitted Polo Shirt,$19.99,$19.99,$0.00,27,+1,18,9
Oct 3 - 5,Singapore Airlines Singapore GPMarina Bay Street Circuit,12,CMC Motorsports Haas Racing F1 Small Logo T-Shirt,$14.99,$14.99,$0.00,27,+1,18,9
Oct 3 - 5,Singapore Airlines Singapore GPMarina Bay Street Circuit,13,CMC Motorsports Haas Racing F1 2023 Men's Team Lightweight Rain Jacket,$59.99,$59.99,$0.00,27,+1,18,9
Oct 3 - 5,Singapore Airlines Singapore GPMarina Bay Street Circuit,14,CMC Motorsports Haas Racing F1 2024 Team 1/4 Zip Fitted Sweater,$39.99,$39.99,$0.00,27,+1,18,9
Oct 3 - 5,Singapore Airlines Singapore GPMarina Bay Street Circuit,15,CMC Motorsports Haas Racing F1 2023 Team Fitted T-Shirt,$24.99,$24.99,$0.00,27,+1,18,9
Oct 3 - 5,Singapore Airlines Singapore GPMarina Bay Street Circuit,16,CMC Motorsports Haas Racing F1 2023 Team Fitted 1/4 Zip Sweater,$39.99,$39.99,$0.00,27,+1,18,9
Oct 3 - 5,Singapore Airlines Singapore GPMarina Bay Street Circuit,17,CMC Motorsports Haas Racing F1 Roundel Essentials T-Shirt,$29.99,$29.99,$0.00,27,+1,18,9
Oct 3 - 5,Singapore Airlines Singapore GPMarina Bay Street Circuit,18,CMC Motorsports Haas Racing F1 2024 Team Fitted T-Shirt,$39.99,$39.99,$0.00,27,+1,18,9
Oct 3 - 5,Singapore Airlines Singapore GPMarina Bay Street Circuit,19,CMC Motorsports Haas Racing F1 Kevin Magnussen Hoodie,$19.99,$19.99,$0.00,27,+1,18,9
Oct 3 - 5,Singapore Airlines Singapore GPMarina Bay Street Circuit,20,CMC Motorsports Haas Racing F1 Kevin Magnussen T-Shirt,$9.99,$9.99,$0.00,27,+1,18,9
Oct 17 - 19,MSC Cruises United States GPCircuit of the Americas,1,CMC Motorsports Haas Racing F1 Team Logo Hat - Black,$9.99,$9.99,$0.00,24,-3,15,9
Oct 17 - 19,MSC Cruises United States GPCircuit of the Americas,2,CMC Motorsports Haas Racing F1 Small Logo T-Shirt,$14.99,$14.99,$0.00,24,-3,15,9
Oct 17 - 19,MSC Cruises United States GPCircuit of the Americas,3,CMC Motorsports Haas Racing F1 Mono Fan Hat Grey,$14.99,$14.99,$0.00,24,-3,15,9
Oct 17 - 19,MSC Cruises United States GPCircuit of the Americas,4,CMC Motorsports Haas Racing F1 2024 Men's Team Fitted Polo Shirt,$39.99,$39.99,$0.00,24,-3,15,9
Oct 17 - 19,MSC Cruises United States GPCircuit of the Americas,5,Fitted Haas F1 2024 Team T-Shirt - Black,$39.99,$39.99,$0.00,24,-3,15,9
Oct 17 - 19,MSC Cruises United States GPCircuit of the Americas,6,CMC Motorsports Haas Racing F1 2024 Men's Team Fitted Polo Shirt,$39.99,$39.99,$0.00,24,-3,15,9
Oct 17 - 19,MSC Cruises United States GPCircuit of the Americas,7,CMC Motorsports Haas Racing F1 2024 Team Fitted T-Shirt,$39.99,$39.99,$0.00,24,-3,15,9
Oct 17 - 19,MSC Cruises United States GPCircuit of the Americas,8,CMC Motorsports Haas Racing F1 2024 Men's Team Fitted Polo Shirt,$39.99,$39.99,$0.00,24,-3,15,9
Oct 17 - 19,MSC Cruises United States GPCircuit of the Americas,9,"LEGO Speed Champions MoneyGram Haas F1 Team VF-24 Race Car Toy - Building Set for Kids, Boys & Girls, Ages 10+ - Toy Car for F1 Fans - Gift Idea for Birthday - 77250",$26.97,$26.97,$0.00,24,-3,15,9
Oct 17 - 19,MSC Cruises United States GPCircuit of the Americas,10,CMC Motorsports Haas Racing F1 2023 Nico Hulkenberg Team Baseball Hat Black,$14.99,$14.99,$0.00,24,-3,15,9
Oct 17 - 19,MSC Cruises United States GPCircuit of the Americas,11,CMC Motorsports Haas Racing F1 2024 Women's Team Fitted Polo Shirt,$19.99,$19.99,$0.00,24,-3,15,9
Oct 17 - 19,MSC Cruises United States GPCircuit of the Americas,12,CMC Motorsports Haas Racing F1 Small Logo T-Shirt,$14.99,$14.99,$0.00,24,-3,15,9
Oct 17 - 19,MSC Cruises United States GPCircuit of the Americas,13,CMC Motorsports Haas Racing F1 2023 Men's Team Lightweight Rain Jacket,$59.99,$59.99,$0.00,24,-3,15,9
Oct 17 - 19,MSC Cruises United States GPCircuit of the Americas,14,CMC Motorsports Haas Racing F1 2024 Team 1/4 Zip Fitted Sweater,$39.99,$39.99,$0.00,24,-3,15,9
Oct 17 - 19,MSC Cruises United States GPCircuit of the Americas,15,CMC Motorsports Haas Racing F1 2023 Team Fitted T-Shirt,$24.99,$24.99,$0.00,24,-3,15,9
Oct 17 - 19,MSC Cruises United States GPCircuit of the Americas,16,CMC Motorsports Haas Racing F1 2023 Team Fitted 1/4 Zip Sweater,$39.99,$39.99,$0.00,24,-3,15,9
Oct 17 - 19,MSC Cruises United States GPCircuit of the Americas,17,CMC Motorsports Haas Racing F1 Roundel Essentials T-Shirt,$29.99,$29.99,$0.00,24,-3,15,9
Oct 17 - 19,MSC Cruises United States GPCircuit of the Americas,18,CMC Motorsports Haas Racing F1 2024 Team Fitted T-Shirt,$39.99,$39.99,$0.00,24,-3,15,9
Oct 17 - 19,MSC Cruises United States GPCircuit of the Americas,19,CMC Motorsports Haas Racing F1 Kevin Magnussen Hoodie,$19.99,$19.99,$0.00,24,-3,15,9
Oct 17 - 19,MSC Cruises United States GPCircuit of the Americas,20,CMC Motorsports Haas Racing F1 Kevin Magnussen T-Shirt,$9.99,$9.99,$0.00,24,-3,15,9
Oct 24 - 26,Mexico City GPAutodromo Hermanos Rodriguez,1,CMC Motorsports Haas Racing F1 Team Logo Hat - Black,$9.99,$9.99,$0.00,13,-11,9,4
Oct 24 - 26,Mexico City GPAutodromo Hermanos Rodriguez,2,CMC Motorsports Haas Racing F1 Small Logo T-Shirt,$14.99,$14.99,$0.00,13,-11,9,4
Oct 24 - 26,Mexico City GPAutodromo Hermanos Rodriguez,3,CMC Motorsports Haas Racing F1 Mono Fan Hat Grey,$14.99,$14.99,$0.00,13,-11,9,4
Oct 24 - 26,Mexico City GPAutodromo Hermanos Rodriguez,4,CMC Motorsports Haas Racing F1 2024 Men's Team Fitted Polo Shirt,$39.99,$39.99,$0.00,13,-11,9,4
Oct 24 - 26,Mexico City GPAutodromo Hermanos Rodriguez,5,Fitted Haas F1 2024 Team T-Shirt - Black,$39.99,$39.99,$0.00,13,-11,9,4
Oct 24 - 26,Mexico City GPAutodromo Hermanos Rodriguez,6,CMC Motorsports Haas Racing F1 2024 Men's Team Fitted Polo Shirt,$39.99,$39.99,$0.00,13,-11,9,4
Oct 24 - 26,Mexico City GPAutodromo Hermanos Rodriguez,7,CMC Motorsports Haas Racing F1 2024 Team Fitted T-Shirt,$39.99,$39.99,$0.00,13,-11,9,4
Oct 24 - 26,Mexico City GPAutodromo Hermanos Rodriguez,8,CMC Motorsports Haas Racing F1 2024 Men's Team Fitted Polo Shirt,$39.99,$39.99,$0.00,13,-11,9,4
Oct 24 - 26,Mexico City GPAutodromo Hermanos Rodriguez,9,"LEGO Speed Champions MoneyGram Haas F1 Team VF-24 Race Car Toy - Building Set for Kids, Boys & Girls, Ages 10+ - Toy Car for F1 Fans - Gift Idea for Birthday - 77250",$26.97,$26.97,$0.00,13,-11,9,4
Oct 24 - 26,Mexico City GPAutodromo Hermanos Rodriguez,10,CMC Motorsports Haas Racing F1 2023 Nico Hulkenberg Team Baseball Hat Black,$14.99,$14.99,$0.00,13,-11,9,4
Oct 24 - 26,Mexico City GPAutodromo Hermanos Rodriguez,11,CMC Motorsports Haas Racing F1 2024 Women's Team Fitted Polo Shirt,$19.99,$19.99,$0.00,13,-11,9,4
Oct 24 - 26,Mexico City GPAutodromo Hermanos Rodriguez,12,CMC Motorsports Haas Racing F1 Small Logo T-Shirt,$14.99,$14.99,$0.00,13,-11,9,4
Oct 24 - 26,Mexico City GPAutodromo Hermanos Rodriguez,13,CMC Motorsports Haas Racing F1 2023 Men's Team Lightweight Rain Jacket,$59.99,$59.99,$0.00,13,-11,9,4
Oct 24 - 26,Mexico City GPAutodromo Hermanos Rodriguez,14,CMC Motorsports Haas Racing F1 2024 Team 1/4 Zip Fitted Sweater,$39.99,$39.99,$0.00,13,-11,9,4
Oct 24 - 26,Mexico City GPAutodromo Hermanos Rodriguez,15,CMC Motorsports Haas Racing F1 2023 Team Fitted T-Shirt,$24.99,$24.99,$0.00,13,-11,9,4
Oct 24 - 26,Mexico City GPAutodromo Hermanos Rodriguez,16,CMC Motorsports Haas Racing F1 2023 Team Fitted 1/4 Zip Sweater,$39.99,$39.99,$0.00,13,-11,9,4
Oct 24 - 26,Mexico City GPAutodromo Hermanos Rodriguez,17,CMC Motorsports Haas Racing F1 Roundel Essentials T-Shirt,$29.99,$29.99,$0.00,13,-11,9,4
Oct 24 - 26,Mexico City GPAutodromo Hermanos Rodriguez,18,CMC Motorsports Haas Racing F1 2024 Team Fitted T-Shirt,$39.99,$39.99,$0.00,13,-11,9,4
Oct 24 - 26,Mexico City GPAutodromo Hermanos Rodriguez,19,CMC Motorsports Haas Racing F1 Kevin Magnussen Hoodie,$19.99,$19.99,$0.00,13,-11,9,4
Oct 24 - 26,Mexico City GPAutodromo Hermanos Rodriguez,20,CMC Motorsports Haas Racing F1 Kevin Magnussen T-Shirt,$9.99,$9.99,$0.00,13,-11,9,4
Nov 7 - 9,MSC Cruises São Paulo GPAutodromo Jose Carlos Pace,1,CMC Motorsports Haas Racing F1 Team Logo Hat - Black,$9.99,$9.99,$0.00,18,+5,12,6
Nov 7 - 9,MSC Cruises São Paulo GPAutodromo Jose Carlos Pace,2,CMC Motorsports Haas Racing F1 Small Logo T-Shirt,$14.99,$14.99,$0.00,18,+5,12,6
Nov 7 - 9,MSC Cruises São Paulo GPAutodromo Jose Carlos Pace,3,CMC Motorsports Haas Racing F1 Mono Fan Hat Grey,$14.99,$14.99,$0.00,18,+5,12,6
Nov 7 - 9,MSC Cruises São Paulo GPAutodromo Jose Carlos Pace,4,CMC Motorsports Haas Racing F1 2024 Men's Team Fitted Polo Shirt,$39.99,$39.99,$0.00,18,+5,12,6
Nov 7 - 9,MSC Cruises São Paulo GPAutodromo Jose Carlos Pace,5,Fitted Haas F1 2024 Team T-Shirt - Black,$39.99,$39.99,$0.00,18,+5,12,6
Nov 7 - 9,MSC Cruises São Paulo GPAutodromo Jose Carlos Pace,6,CMC Motorsports Haas Racing F1 2024 Men's Team Fitted Polo Shirt,$39.99,$39.99,$0.00,18,+5,12,6
Nov 7 - 9,MSC Cruises São Paulo GPAutodromo Jose Carlos Pace,7,CMC Motorsports Haas Racing F1 2024 Team Fitted T-Shirt,$39.99,$39.99,$0.00,18,+5,12,6
Nov 7 - 9,MSC Cruises São Paulo GPAutodromo Jose Carlos Pace,8,CMC Motorsports Haas Racing F1 2024 Men's Team Fitted Polo Shirt,$39.99,$39.99,$0.00,18,+5,12,6
Nov 7 - 9,MSC Cruises São Paulo GPAutodromo Jose Carlos Pace,9,"LEGO Speed Champions MoneyGram Haas F1 Team VF-24 Race Car Toy - Building Set for Kids, Boys & Girls, Ages 10+ - Toy Car for F1 Fans - Gift Idea for Birthday - 77250",$26.97,$26.97,$0.00,18,+5,12,6
Nov 7 - 9,MSC Cruises São Paulo GPAutodromo Jose Carlos Pace,10,CMC Motorsports Haas Racing F1 2023 Nico Hulkenberg Team Baseball Hat Black,$14.99,$14.99,$0.00,18,+5,12,6
Nov 7 - 9,MSC Cruises São Paulo GPAutodromo Jose Carlos Pace,11,CMC Motorsports Haas Racing F1 2024 Women's Team Fitted Polo Shirt,$19.99,$19.99,$0.00,18,+5,12,6
Nov 7 - 9,MSC Cruises São Paulo GPAutodromo Jose Carlos Pace,12,CMC Motorsports Haas Racing F1 Small Logo T-Shirt,$14.99,$14.99,$0.00,18,+5,12,6
Nov 7 - 9,MSC Cruises São Paulo GPAutodromo Jose Carlos Pace,13,CMC Motorsports Haas Racing F1 2023 Men's Team Lightweight Rain Jacket,$59.99,$59.99,$0.00,18,+5,12,6
Nov 7 - 9,MSC Cruises São Paulo GPAutodromo Jose Carlos Pace,14,CMC Motorsports Haas Racing F1 2024 Team 1/4 Zip Fitted Sweater,$39.99,$39.99,$0.00,18,+5,12,6
Nov 7 - 9,MSC Cruises São Paulo GPAutodromo Jose Carlos Pace,15,CMC Motorsports Haas Racing F1 2023 Team Fitted T-Shirt,$24.99,$24.99,$0.00,18,+5,12,6
Nov 7 - 9,MSC Cruises São Paulo GPAutodromo Jose Carlos Pace,16,CMC Motorsports Haas Racing F1 2023 Team Fitted 1/4 Zip Sweater,$39.99,$39.99,$0.00,18,+5,12,6
Nov 7 - 9,MSC Cruises São Paulo GPAutodromo Jose Carlos Pace,17,CMC Motorsports Haas Racing F1 Roundel Essentials T-Shirt,$29.99,$29.99,$0.00,18,+5,12,6
Nov 7 - 9,MSC Cruises São Paulo GPAutodromo Jose Carlos Pace,18,CMC Motorsports Haas Racing F1 2024 Team Fitted T-Shirt,$39.99,$39.99,$0.00,18,+5,12,6
Nov 7 - 9,MSC Cruises São Paulo GPAutodromo Jose Carlos Pace,19,CMC Motorsports Haas Racing F1 Kevin Magnussen Hoodie,$19.99,$19.99,$0.00,18,+5,12,6
Nov 7 - 9,MSC Cruises São Paulo GPAutodromo Jose Carlos Pace,20,CMC Motorsports Haas Racing F1 Kevin Magnussen T-Shirt,$9.99,$9.99,$0.00,18,+5,12,6
Nov 20 - 22,Heineken Las Vegas GPLas Vegas Street Circuit,1,CMC Motorsports Haas Racing F1 Team Logo Hat - Black,$9.99,$9.99,$0.00,19,+1,9,10
Nov 20 - 22,Heineken Las Vegas GPLas Vegas Street Circuit,2,CMC Motorsports Haas Racing F1 Small Logo T-Shirt,$14.99,$14.99,$0.00,19,+1,9,10
Nov 20 - 22,Heineken Las Vegas GPLas Vegas Street Circuit,3,CMC Motorsports Haas Racing F1 Mono Fan Hat Grey,$14.99,$14.99,$0.00,19,+1,9,10
Nov 20 - 22,Heineken Las Vegas GPLas Vegas Street Circuit,4,CMC Motorsports Haas Racing F1 2024 Men's Team Fitted Polo Shirt,$39.99,$39.99,$0.00,19,+1,9,10
Nov 20 - 22,Heineken Las Vegas GPLas Vegas Street Circuit,5,Fitted Haas F1 2024 Team T-Shirt - Black,$39.99,$39.99,$0.00,19,+1,9,10
Nov 20 - 22,Heineken Las Vegas GPLas Vegas Street Circuit,6,CMC Motorsports Haas Racing F1 2024 Men's Team Fitted Polo Shirt,$39.99,$39.99,$0.00,19,+1,9,10
Nov 20 - 22,Heineken Las Vegas GPLas Vegas Street Circuit,7,CMC Motorsports Haas Racing F1 2024 Team Fitted T-Shirt,$39.99,$39.99,$0.00,19,+1,9,10
Nov 20 - 22,Heineken Las Vegas GPLas Vegas Street Circuit,8,CMC Motorsports Haas Racing F1 2024 Men's Team Fitted Polo Shirt,$39.99,$39.99,$0.00,19,+1,9,10
Nov 20 - 22,Heineken Las Vegas GPLas Vegas Street Circuit,9,"LEGO Speed Champions MoneyGram Haas F1 Team VF-24 Race Car Toy - Building Set for Kids, Boys & Girls, Ages 10+ - Toy Car for F1 Fans - Gift Idea for Birthday - 77250",$26.97,$26.97,$0.00,19,+1,9,10
Nov 20 - 22,Heineken Las Vegas GPLas Vegas Street Circuit,10,CMC Motorsports Haas Racing F1 2023 Nico Hulkenberg Team Baseball Hat Black,$14.99,$14.99,$0.00,19,+1,9,10
Nov 20 - 22,Heineken Las Vegas GPLas Vegas Street Circuit,11,CMC Motorsports Haas Racing F1 2024 Women's Team Fitted Polo Shirt,$19.99,$19.99,$0.00,19,+1,9,10
Nov 20 - 22,Heineken Las Vegas GPLas Vegas Street Circuit,12,CMC Motorsports Haas Racing F1 Small Logo T-Shirt,$14.99,$14.99,$0.00,19,+1,9,10
Nov 20 - 22,Heineken Las Vegas GPLas Vegas Street Circuit,13,CMC Motorsports Haas Racing F1 2023 Men's Team Lightweight Rain Jacket,$59.99,$59.99,$0.00,19,+1,9,10
Nov 20 - 22,Heineken Las Vegas GPLas Vegas Street Circuit,14,CMC Motorsports Haas Racing F1 2024 Team 1/4 Zip Fitted Sweater,$39.99,$39.99,$0.00,19,+1,9,10
Nov 20 - 22,Heineken Las Vegas GPLas Vegas Street Circuit,15,CMC Motorsports Haas Racing F1 2023 Team Fitted T-Shirt,$24.99,$24.99,$0.00,19,+1,9,10
Nov 20 - 22,Heineken Las Vegas GPLas Vegas Street Circuit,16,CMC Motorsports Haas Racing F1 2023 Team Fitted 1/4 Zip Sweater,$39.99,$39.99,$0.00,19,+1,9,10
Nov 20 - 22,Heineken Las Vegas GPLas Vegas Street Circuit,17,CMC Motorsports Haas Racing F1 Roundel Essentials T-Shirt,$29.99,$29.99,$0.00,19,+1,9,10
Nov 20 - 22,Heineken Las Vegas GPLas Vegas Street Circuit,18,CMC Motorsports Haas Racing F1 2024 Team Fitted T-Shirt,$39.99,$39.99,$0.00,19,+1,9,10
Nov 20 - 22,Heineken Las Vegas GPLas Vegas Street Circuit,19,CMC Motorsports Haas Racing F1 Kevin Magnussen Hoodie,$19.99,$19.99,$0.00,19,+1,9,10
Nov 20 - 22,Heineken Las Vegas GPLas Vegas Street Circuit,20,CMC Motorsports Haas Racing F1 Kevin Magnussen T-Shirt,$9.99,$9.99,$0.00,19,+1,9,10
Nov 28 - 30,Qatar Airways Qatar GPLosail International Circuit,1,CMC Motorsports Haas Racing F1 Team Logo Hat - Black,$9.99,$9.99,$0.00,15,-4,15,Ret
Nov 28 - 30,Qatar Airways Qatar GPLosail International Circuit,2,CMC Motorsports Haas Racing F1 Small Logo T-Shirt,$14.99,$14.99,$0.00,15,-4,15,Ret
Nov 28 - 30,Qatar Airways Qatar GPLosail International Circuit,3,CMC Motorsports Haas Racing F1 Mono Fan Hat Grey,$14.99,$14.99,$0.00,15,-4,15,Ret
Nov 28 - 30,Qatar Airways Qatar GPLosail International Circuit,4,CMC Motorsports Haas Racing F1 2024 Men's Team Fitted Polo Shirt,$39.99,$39.99,$0.00,15,-4,15,Ret
Nov 28 - 30,Qatar Airways Qatar GPLosail International Circuit,5,Fitted Haas F1 2024 Team T-Shirt - Black,$39.99,$39.99,$0.00,15,-4,15,Ret
Nov 28 - 30,Qatar Airways Qatar GPLosail International Circuit,6,CMC Motorsports Haas Racing F1 2024 Men's Team Fitted Polo Shirt,$39.99,$39.99,$0.00,15,-4,15,Ret
Nov 28 - 30,Qatar Airways Qatar GPLosail International Circuit,7,CMC Motorsports Haas Racing F1 2024 Team Fitted T-Shirt,$39.99,$39.99,$0.00,15,-4,15,Ret
Nov 28 - 30,Qatar Airways Qatar GPLosail International Circuit,8,CMC Motorsports Haas Racing F1 2024 Men's Team Fitted Polo Shirt,$39.99,$39.99,$0.00,15,-4,15,Ret
Nov 28 - 30,Qatar Airways Qatar GPLosail International Circuit,9,"LEGO Speed Champions MoneyGram Haas F1 Team VF-24 Race Car Toy - Building Set for Kids, Boys & Girls, Ages 10+ - Toy Car for F1 Fans - Gift Idea for Birthday - 77250",$26.97,$26.97,$0.00,15,-4,15,Ret
Nov 28 - 30,Qatar Airways Qatar GPLosail International Circuit,10,CMC Motorsports Haas Racing F1 2023 Nico Hulkenberg Team Baseball Hat Black,$14.99,$14.99,$0.00,15,-4,15,Ret
Nov 28 - 30,Qatar Airways Qatar GPLosail International Circuit,11,CMC Motorsports Haas Racing F1 2024 Women's Team Fitted Polo Shirt,$19.99,$19.99,$0.00,15,-4,15,Ret
Nov 28 - 30,Qatar Airways Qatar GPLosail International Circuit,12,CMC Motorsports Haas Racing F1 Small Logo T-Shirt,$14.99,$14.99,$0.00,15,-4,15,Ret
Nov 28 - 30,Qatar Airways Qatar GPLosail International Circuit,13,CMC Motorsports Haas Racing F1 2023 Men's Team Lightweight Rain Jacket,$59.99,$59.99,$0.00,15,-4,15,Ret
Nov 28 - 30,Qatar Airways Qatar GPLosail International Circuit,14,CMC Motorsports Haas Racing F1 2024 Team 1/4 Zip Fitted Sweater,$39.99,$39.99,$0.00,15,-4,15,Ret
Nov 28 - 30,Qatar Airways Qatar GPLosail International Circuit,15,CMC Motorsports Haas Racing F1 2023 Team Fitted T-Shirt,$24.99,$24.99,$0.00,15,-4,15,Ret
Nov 28 - 30,Qatar Airways Qatar GPLosail International Circuit,16,CMC Motorsports Haas Racing F1 2023 Team Fitted 1/4 Zip Sweater,$39.99,$39.99,$0.00,15,-4,15,Ret
Nov 28 - 30,Qatar Airways Qatar GPLosail International Circuit,17,CMC Motorsports Haas Racing F1 Roundel Essentials T-Shirt,$29.99,$29.99,$0.00,15,-4,15,Ret
Nov 28 - 30,Qatar Airways Qatar GPLosail International Circuit,18,CMC Motorsports Haas Racing F1 2024 Team Fitted T-Shirt,$39.99,$39.99,$0.00,15,-4,15,Ret
Nov 28 - 30,Qatar Airways Qatar GPLosail International Circuit,19,CMC Motorsports Haas Racing F1 Kevin Magnussen Hoodie,$19.99,$19.99,$0.00,15,-4,15,Ret
Nov 28 - 30,Qatar Airways Qatar GPLosail International Circuit,20,CMC Motorsports Haas Racing F1 Kevin Magnussen T-Shirt,$9.99,$9.99,$0.00,15,-4,15,Ret
Dec 5 - 7,Etihad Airways Abu Dhabi GPYas Marina Circuit,1,CMC Motorsports Haas Racing F1 Team Logo Hat - Black,$9.99,$9.99,$0.00,19,+4,7,12
Dec 5 - 7,Etihad Airways Abu Dhabi GPYas Marina Circuit,2,CMC Motorsports Haas Racing F1 Small Logo T-Shirt,$14.99,$14.99,$0.00,19,+4,7,12
Dec 5 - 7,Etihad Airways Abu Dhabi GPYas Marina Circuit,3,CMC Motorsports Haas Racing F1 Mono Fan Hat Grey,$14.99,$14.99,$0.00,19,+4,7,12
Dec 5 - 7,Etihad Airways Abu Dhabi GPYas Marina Circuit,4,CMC Motorsports Haas Racing F1 2024 Men's Team Fitted Polo Shirt,$39.99,$39.99,$0.00,19,+4,7,12
Dec 5 - 7,Etihad Airways Abu Dhabi GPYas Marina Circuit,5,Fitted Haas F1 2024 Team T-Shirt - Black,$39.99,$39.99,$0.00,19,+4,7,12
Dec 5 - 7,Etihad Airways Abu Dhabi GPYas Marina Circuit,6,CMC Motorsports Haas Racing F1 2024 Men's Team Fitted Polo Shirt,$39.99,$39.99,$0.00,19,+4,7,12
Dec 5 - 7,Etihad Airways Abu Dhabi GPYas Marina Circuit,7,CMC Motorsports Haas Racing F1 2024 Team Fitted T-Shirt,$39.99,$39.99,$0.00,19,+4,7,12
Dec 5 - 7,Etihad Airways Abu Dhabi GPYas Marina Circuit,8,CMC Motorsports Haas Racing F1 2024 Men's Team Fitted Polo Shirt,$39.99,$39.99,$0.00,19,+4,7,12
Dec 5 - 7,Etihad Airways Abu Dhabi GPYas Marina Circuit,9,"LEGO Speed Champions MoneyGram Haas F1 Team VF-24 Race Car Toy - Building Set for Kids, Boys & Girls, Ages 10+ - Toy Car for F1 Fans - Gift Idea for Birthday - 77250",$26.97,$26.97,$0.00,19,+4,7,12
Dec 5 - 7,Etihad Airways Abu Dhabi GPYas Marina Circuit,10,CMC Motorsports Haas Racing F1 2023 Nico Hulkenberg Team Baseball Hat Black,$14.99,$14.99,$0.00,19,+4,7,12
Dec 5 - 7,Etihad Airways Abu Dhabi GPYas Marina Circuit,11,CMC Motorsports Haas Racing F1 2024 Women's Team Fitted Polo Shirt,$19.99,$19.99,$0.00,19,+4,7,12
Dec 5 - 7,Etihad Airways Abu Dhabi GPYas Marina Circuit,12,CMC Motorsports Haas Racing F1 Small Logo T-Shirt,$14.99,$14.99,$0.00,19,+4,7,12
Dec 5 - 7,Etihad Airways Abu Dhabi GPYas Marina Circuit,13,CMC Motorsports Haas Racing F1 2023 Men's Team Lightweight Rain Jacket,$59.99,$59.99,$0.00,19,+4,7,12
Dec 5 - 7,Etihad Airways Abu Dhabi GPYas Marina Circuit,14,CMC Motorsports Haas Racing F1 2024 Team 1/4 Zip Fitted Sweater,$39.99,$39.99,$0.00,19,+4,7,12
Dec 5 - 7,Etihad Airways Abu Dhabi GPYas Marina Circuit,15,CMC Motorsports Haas Racing F1 2023 Team Fitted T-Shirt,$24.99,$24.99,$0.00,19,+4,7,12
Dec 5 - 7,Etihad Airways Abu Dhabi GPYas Marina Circuit,16,CMC Motorsports Haas Racing F1 2023 Team Fitted 1/4 Zip Sweater,$39.99,$39.99,$0.00,19,+4,7,12
Dec 5 - 7,Etihad Airways Abu Dhabi GPYas Marina Circuit,17,CMC Motorsports Haas Racing F1 Roundel Essentials T-Shirt,$29.99,$29.99,$0.00,19,+4,7,12
Dec 5 - 7,Etihad Airways Abu Dhabi GPYas Marina Circuit,18,CMC Motorsports Haas Racing F1 2024 Team Fitted T-Shirt,$39.99,$39.99,$0.00,19,+4,7,12
Dec 5 - 7,Etihad Airways Abu Dhabi GPYas Marina Circuit,19,CMC Motorsports Haas Racing F1 Kevin Magnussen Hoodie,$19.99,$19.99,$0.00,19,+4,7,12
Dec 5 - 7,Etihad Airways Abu Dhabi GPYas Marina Circuit,20,CMC Motorsports Haas Racing F1 Kevin Magnussen T-Shirt,$9.99,$9.99,$0.00,19,+4,7,12
