Team,Season Rank,Product Name,Product Link,Reviews
Astonmartin,1,Bburago 1/43 - F1 Aston Martin Aramco F1 Team AMR23 2023 Collection Racing Alloy Car Die Cast Car Model (#14 Fernando Alonso),https://www.amazon.com/s?k=Bburago%201/43%20-%20F1%20Aston%20Martin%20Aramco%20F1%20Team%20AMR23%202023%20Collection%20Racing%20Alloy%20Car%20Die%20Cast%20Car%20Model%20%28%2314%20Fernando%20Alonso%29,"He was in good condition. Brand New.
---
This product was exactly what I wanted. I wish it would have been the next size (scale) larger but this was still good.
---
Mon mari l'a adoré, très beau fini
---
Ótimo produto, igual ao anúncio
---
Fantastic and fast delivery. My collection is almost complete!
---
Bonita réplica, mas minúsculo a escala
---
The person I bought this for really like it.
He is a fan of 14"
Astonmartin,2,CMC Motorsports Aston Martin Cognizant F1 Exclusive Colorway Team Hat - One Size - Green,https://www.amazon.com/s?k=CMC%20Motorsports%20Aston%20Martin%20Cognizant%20F1%20Exclusive%20Colorway%20Team%20Hat%20-%20One%20Size%20-%20Green,"Excelente
---
Awesome
---
Excelente
---
Great hat for the money. High quantity construction and as an F1 fan si much heaper than Id pay at an actual race.
---
I buy my F1 super fan husband a new cap every year and this one is a great addition to his collection. Great fit and colors.
---
This thing feels like a knock off and not official F1 Aston Martin gear, buy with caution
---
The front ""logos"" (Aston Martin F1) seems like a very cheap iron-on type of material. I just don't feel it will be a durable item. Am returning this item.
---
The quality is good and the color is just what I expected."
Astonmartin,3,1:43 2025 Racing Aston Martin Aramco F1 Team AMR25 No.14 Fernando Alonso F1 18# Lance StrollAlloy Car Die Cast Car Model (1/43 AMR25 18#),https://www.amazon.com/s?k=1%3A43%202025%20Racing%20Aston%20Martin%20Aramco%20F1%20Team%20AMR25%20No.14%20Fernando%20Alonso%20F1%2018%23%20Lance%20StrollAlloy%20Car%20Die%20Cast%20Car%20Model%20%281/43%20AMR25%2018%23%29,Great Replica
Astonmartin,4,Aston Martin F1 Team Race Car,https://www.amazon.com/s?k=Aston%20Martin%20F1%20Team%20Race%20Car,No reviews found
Astonmartin,5,Aston Martin F1 2025 Men's Team Polo Green,https://www.amazon.com/s?k=Aston%20Martin%20F1%202025%20Men%27s%20Team%20Polo%20Green,"""I recently purchased this Aston Martin Aramco F1 Team polo, and I am extremely impressed with the quality. You can really tell that the collaboration with BOSS brings a level of premium tailoring that you don't always find in sports merchandise.
Fabric & Feel: The material is lightweight and breathable, perfect for race weekends or casual wear. It has a high-end 'technical' feel without being stiff.
Design & Logos: The British Racing Green is stunning in person. All the logos—Aramco, Aston Martin, and BOSS—are crisp and professionally applied. The detail on the collar is a nice touch that makes it look more like a fashion piece than just a standard fan shirt.
Fit: (Note: You might want to add: 'It has a modern, slim fit, so I’d recommend sizing up if you prefer a looser feel.')
Overall, it’s a great investment for any Fernando Alonso or Lance Stroll supporter. It looks sharp, feels durable, and definitely stands out. Highly recommended!""
Why this works:
Keywords: Using terms like ""British Racing Green,"" ""Technical feel,"" and ""Tailoring"" helps your review show up for people looking for high-quality gear.
Authenticity: Mentioning the specific sponsors (Aramco/BOSS) proves you know the product well.
Read more
---
Muy buen producto la calidad y la talla de lo mejor... 100% recomendado
---
Excelente calidad, una prenda con aura bien exclusiva.
---
Excelente
---
Buen material, excelente calidad
---
Outstanding seller! The Aston Martin F1 2025 Team Polo arrived quickly, well-packaged, and exactly as described. The fabric feels premium, the fit is perfect, and the design is stylish yet comfortable.
---
Excelente
---
Amazing!!
---
Super Polo.kaufen….kaufen….kaufen.
---
Perfecto 100 % original. Me sorprendió cuando llegó el paquete que venga solo con la bolsa del polo, que se ve el contenido trasparente es solo eso al igual gracias
---
MAGLIA SCUCITA
---
Taille juste, qualité parfaite
---
Nice top fits well"
Ferrari,1,Red Bull Racing F1 Men's 2025 Team Polo Shirt,https://www.amazon.com/s?k=Red%20Bull%20Racing%20F1%20Men%27s%202025%20Team%20Polo%20Shirt,"Size runs small, an Xl size is more a normal L, despite that, is great quality and it is authentic, will recommend it
---
Fits great. It is a slim fit brand so that’s goes for any size. It’s a very good quality and feels soft. The style is vibrant and colors look as shown. My husband loves it.
---
Love this shirt and have received a lot of compliments on it from people. Definitely recommend
---
Very good, fits very nicely, emblems feel smooth and fabric is well-made. Definitely a slim-fit shirt.
---
Excelente compra, tal cual como lo describe el vendedor, cómoda y fresca, muy satisfecho.
---
Love it .
---
Linda
---
My 13 year old grandson absolutely loves this shirt
---
Very nice and confortable
---
Veste bene
---
Nice quality t-shirt
---
Tolles Shirt, aber leider nur Kunststoff aufdruck, der nach dem waschen abgeht!
---
Muito linda, meu marido amou muito! Vale a pena e ainda chegou antes do prazo!"
Ferrari,2,Scuderia Ferrari F1 2026 Men's Team Polo - Red,https://www.amazon.com/s?k=Scuderia%20Ferrari%20F1%202026%20Men%27s%20Team%20Polo%20-%20Red,"Washes well, fits good but a little smaller than expected.
If you like it loose, order the next size up
---
Bonne qualité
---
Es original y muy bonita, pero la calidad de la tela es algodón, pero se siente como algodón reciclado por el precio no se siente nada premium,
---
perfetta
---
Polo fatta molto bene!
---
Buon Prodotto. Conforme alle immagini."
Ferrari,3,"Speed Champions Ferrari SF-24 F1 Race Car Toys - Building Sets for Kids, Boys & Girls, Ages 10+ - Ferrari F1 Model Car Kits for Display or Play - Gift Ideas for Birthdays and Fans - 77242",https://www.amazon.com/s?k=Speed%20Champions%20Ferrari%20SF-24%20F1%20Race%20Car%20Toys%20-%20Building%20Sets%20for%20Kids%2C%20Boys%20%26%20Girls%2C%20Ages%2010%2B%20-%20Ferrari%20F1%20Model%20Car%20Kits%20for%20Display%20or%20Play%20-%20Gift%20Ideas%20for%20Birthdays%20and%20Fans%20-%2077242,"This LEGO car set is an absolute win in our house. The instructions are clear and easy to follow, so kids can build it mostly on their own, which is always a confidence booster. The pieces snap together well, and the finished car is sturdy enough to actually play with—not just build once and leave on a shelf.

What I love most is that it keeps kids engaged in a meaningful way. It encourages problem-solving, patience, and creativity, and once the car is built, it turns into hours of imaginative play. My kid immediately started racing it, taking it apart, and rebuilding it in different ways.

The size is just right for small hands, and the quality is exactly what you expect from LEGO—durable, well-designed, and built to last through lots of playtime.

Why this set stands out:
• Easy-to-follow instructions
• Great balance of challenge and fun
• Sturdy car that actually rolls and holds up to play
• Encourages creativity and independent building
• Excellent gift idea for LEGO and car lovers

If you’re looking for a LEGO set that delivers both building fun and lasting play value, this one is a home run. I’d happily buy it again and recommend it without hesitation.
Read more
---
The LEGO Speed Champions Ferrari was a huge hit with my nephew! He put it together quickly and immediately started racing it all over the house. The quality is excellent, especially for the price point, and it’s held up well to lots of high-speed “laps.” It brought hours of entertainment to an F1-obsessed kid — definitely a fantastic gift choice!
---
I bought this for my 26-year-old son-in-law and he loved it! It's honestly nothing special, looks exactly as advertised and is made well.
---
I bought this as a last-minute Christmas gift for my nephew and it literally arrived just in time — photo finish. LEGO never disappoints, and this set was no exception. The build is fun, detailed, and perfect for kids who love cars and racing.

What I really like about LEGO Speed Champions is that it keeps kids engaged without being overwhelming. He started building it right away and didn’t put it down until it was done. Great quality, clear instructions, and a solid gift option when you want something that you know will land well.

If you need a safe, easy win for a kids’ gift (especially last minute), this is it.
---
Great little build beautiful looking car stickers were a fun challenge. Would definitely buy more
---
This LEGO F1 car set was a blast to build. What really impressed me is that each car isn’t just a simple recolor — the building patterns actually vary to reflect the differences between the real cars. You’re not just applying different stickers; there are subtle design changes throughout the build, which makes the process feel fresher and more unique each time.

If you’re an F1 fan or just enjoy a satisfying build with attention to detail, this set does a great job capturing the feel of the cars. Fun to assemble, looks great on display, and keeps things interesting instead of repetitive.

A solid pick for collectors and builders alike
---
The appearance is great, and the car feels like it is of high quality. It’s lightweight, and durability. Overall this was a great purchase!
---
Durable, easy-ish assembly, takes probably 30min to an hour to build. Great guy gift.
---
Está genial.
Se siente de muy buena calidad y, como todo lego, armarlo fue toda una experiencia.
Es de muy buen tamaño y tiene mucho detalle, definitivamente quiero la colección con todos los demás autos.
---
Excelente qualidade e tamanho, muito divertido de montar!
---
Súper entretenido y fácil de armar
---
Maravilhoso, comprei de Natal para o meu pai amante de formula 1 e foi uma gracinha vê-lo todo empolgado montando o carrinho. Tem um ótimo tamanho para colecionador, o manual é bem intuitivo e ainda segue o manual por app
---
Veio tudo perfeitamente, entrega bem rápida. Meu filho amou!!"
Ferrari,4,Scuderia Ferrari F1 2026 Men's Team Drivers Tshirt - Red,https://www.amazon.com/s?k=Scuderia%20Ferrari%20F1%202026%20Men%27s%20Team%20Drivers%20Tshirt%20-%20Red,"Authentic Ferrari shirt - nice cotton and quality! Worth the money.
---
Bel prodotto solo che io lo cambiato perché era grande vorrei provare a prendere una taglia più piccola sperando che andrà a mio nipote"
Ferrari,5,Scuderia Ferrari F1 2026 Men's Team Tshirt - Red,https://www.amazon.com/s?k=Scuderia%20Ferrari%20F1%202026%20Men%27s%20Team%20Tshirt%20-%20Red,Super
Alpine,1,Alpine Racing F1 Franco Colapinto Relaxed Fit T-Shirt,https://www.amazon.com/s?k=Alpine%20Racing%20F1%20Franco%20Colapinto%20Relaxed%20Fit%20T-Shirt,
Alpine,2,Alpine Racing F1 2025 Men's Team T-Shirt,https://www.amazon.com/s?k=Alpine%20Racing%20F1%202025%20Men%27s%20Team%20T-Shirt,
Alpine,3,Alpine Racing F1 2025 Men's Team Polo Shirt,https://www.amazon.com/s?k=Alpine%20Racing%20F1%202025%20Men%27s%20Team%20Polo%20Shirt,
Alpine,4,1:43 Race BWT Alpine F1 Team A523 (2023) w/Driver,https://www.amazon.com/s?k=1%3A43%20Race%20BWT%20Alpine%20F1%20Team%20A523%20%282023%29%20w/Driver,
Alpine,5,Alpine Racing F1 2025 Team Pullover Hoodie,https://www.amazon.com/s?k=Alpine%20Racing%20F1%202025%20Team%20Pullover%20Hoodie,
Sauber,1,"CaDA C64010W Kick Sauber F1 Team C44 Racing Building Set,MOC 1:8 F1 Building Block Car,Formula 1 Championship Super Car Model for Adults (2553pcs)",https://www.amazon.com/s?k=CaDA%20C64010W%20Kick%20Sauber%20F1%20Team%20C44%20Racing%20Building%20Set%2CMOC%201%3A8%20F1%20Building%20Block%20Car%2CFormula%201%20Championship%20Super%20Car%20Model%20for%20Adults%20%282553pcs%29,
Sauber,2,"CaDA C64010W C44 Kick Sauber & Pirelli Official Licensed 1:8 Scale F1 Racing Car Building Blocks Set 2553 Piece Model Car Kit with DRS System, STEM Educational Toy for Adults & Teens [Authorized]",https://www.amazon.com/s?k=CaDA%20C64010W%20C44%20Kick%20Sauber%20%26%20Pirelli%20Official%20Licensed%201%3A8%20Scale%20F1%20Racing%20Car%20Building%20Blocks%20Set%202553%20Piece%20Model%20Car%20Kit%20with%20DRS%20System%2C%20STEM%20Educational%20Toy%20for%20Adults%20%26%20Teens%20%5BAuthorized%5D,
Sauber,3,Hot Wheels Premium 2024 Formula 1 Kick Sauber F1 Team - #77 - JBM13,https://www.amazon.com/s?k=Hot%20Wheels%20Premium%202024%20Formula%201%20Kick%20Sauber%20F1%20Team%20-%20%2377%20-%20JBM13,
Sauber,4,"1:24 Model Car Kits for Stake F1 Team Kick Sauber C44, Formula 1 Toys Building Set with 319 Pcs Blocks, Free Wheel, Cool Cockpit, Ideas Race Car Collectibles Gifts for Boyfriend, Adults, Green",https://www.amazon.com/s?k=1%3A24%20Model%20Car%20Kits%20for%20Stake%20F1%20Team%20Kick%20Sauber%20C44%2C%20Formula%201%20Toys%20Building%20Set%20with%20319%20Pcs%20Blocks%2C%20Free%20Wheel%2C%20Cool%20Cockpit%2C%20Ideas%20Race%20Car%20Collectibles%20Gifts%20for%20Boyfriend%2C%20Adults%2C%20Green,
Sauber,5,Speedgear Stake F1 Sauber Kick Team Polo Shirt Black,https://www.amazon.com/s?k=Speedgear%20Stake%20F1%20Sauber%20Kick%20Team%20Polo%20Shirt%20Black,
Haas,1,CMC Motorsports Haas Racing F1 2024 Men's Team Fitted Polo Shirt,https://www.amazon.com/s?k=CMC%20Motorsports%20Haas%20Racing%20F1%202024%20Men%27s%20Team%20Fitted%20Polo%20Shirt,
Haas,2,"LEGO Speed Champions MoneyGram Haas F1 Team VF-24 Race Car Toy - Building Set for Kids, Boys & Girls, Ages 10+ - Toy Car for F1 Fans - Gift Idea for Birthday - 77250",https://www.amazon.com/s?k=LEGO%20Speed%20Champions%20MoneyGram%20Haas%20F1%20Team%20VF-24%20Race%20Car%20Toy%20-%20Building%20Set%20for%20Kids%2C%20Boys%20%26%20Girls%2C%20Ages%2010%2B%20-%20Toy%20Car%20for%20F1%20Fans%20-%20Gift%20Idea%20for%20Birthday%20-%2077250,
Haas,3,CMC Motorsports Haas Racing F1 Team Logo Hat - Black,https://www.amazon.com/s?k=CMC%20Motorsports%20Haas%20Racing%20F1%20Team%20Logo%20Hat%20-%20Black,
Haas,4,Castore Haas Racing F1 2026 Men's Team Set Up T-Shirt,https://www.amazon.com/s?k=Castore%20Haas%20Racing%20F1%202026%20Men%27s%20Team%20Set%20Up%20T-Shirt,
Haas,5,Castore Haas Racing F1 2026 Men's Team Polo Shirt,https://www.amazon.com/s?k=Castore%20Haas%20Racing%20F1%202026%20Men%27s%20Team%20Polo%20Shirt,
Mclaren,1,"Speed Champions 2023 McLaren Formula 1 Race Car Toy for Play and Display, Buildable McLaren Toy Set for Kids, F1 Toy Gift Idea for Boys and Girls Ages 9 and Up who Enjoy Independent Play, 76919",https://www.amazon.com/s?k=Speed%20Champions%202023%20McLaren%20Formula%201%20Race%20Car%20Toy%20for%20Play%20and%20Display%2C%20Buildable%20McLaren%20Toy%20Set%20for%20Kids%2C%20F1%20Toy%20Gift%20Idea%20for%20Boys%20and%20Girls%20Ages%209%20and%20Up%20who%20Enjoy%20Independent%20Play%2C%2076919,
Mclaren,2,McLaren F1 2025 Men's Team Polo Shirt,https://www.amazon.com/s?k=McLaren%20F1%202025%20Men%27s%20Team%20Polo%20Shirt,
Mclaren,3,"Speed Champions McLaren F1 Team MCL38 Race Car Toy - Building Set for Kids, Boys & Girls, Ages 10+ - Toy Car for F1 Fans - Gift Idea for Birthday - 77251",https://www.amazon.com/s?k=Speed%20Champions%20McLaren%20F1%20Team%20MCL38%20Race%20Car%20Toy%20-%20Building%20Set%20for%20Kids%2C%20Boys%20%26%20Girls%2C%20Ages%2010%2B%20-%20Toy%20Car%20for%20F1%20Fans%20-%20Gift%20Idea%20for%20Birthday%20-%2077251,
Mclaren,4,"Technic McLaren MCL39 F1 Car Building Set for Adults - Room or Office Decor for Men & Women, Ages 18+ - F1 Gifts for Fans - Authentic Details - 42228",https://www.amazon.com/s?k=Technic%20McLaren%20MCL39%20F1%20Car%20Building%20Set%20for%20Adults%20-%20Room%20or%20Office%20Decor%20for%20Men%20%26%20Women%2C%20Ages%2018%2B%20-%20F1%20Gifts%20for%20Fans%20-%20Authentic%20Details%20-%2042228,
Mclaren,5,McLaren F1 2025 Men's Team T-Shirt,https://www.amazon.com/s?k=McLaren%20F1%202025%20Men%27s%20Team%20T-Shirt,
Redbull,1,Red Bull Racing F1 Men's 2025 Team Polo Shirt,https://www.amazon.com/s?k=Red%20Bull%20Racing%20F1%20Men%27s%202025%20Team%20Polo%20Shirt,
Redbull,2,Red Bull Racing F1 Men's 2025 Team T-Shirt,https://www.amazon.com/s?k=Red%20Bull%20Racing%20F1%20Men%27s%202025%20Team%20T-Shirt,
Redbull,3,"F1 Oracle Red Bull Racing Official Fleece Throw Blanket 47x59 in, Soft Warm Polyester Blanket for Couch, Bed and Travel, Gift for Motorsport Fans",https://www.amazon.com/s?k=F1%20Oracle%20Red%20Bull%20Racing%20Official%20Fleece%20Throw%20Blanket%2047x59%20in%2C%20Soft%20Warm%20Polyester%20Blanket%20for%20Couch%2C%20Bed%20and%20Travel%2C%20Gift%20for%20Motorsport%20Fans,
Redbull,4,"Speed Champions Oracle Red Bull Racing RB20 F1 Race Car Model Kits - Building Set for Adults, Ages 18+ with Realistic Features - Red Bull F1 DIY Crafts for Display - Gift Idea for Fans - 77243",https://www.amazon.com/s?k=Speed%20Champions%20Oracle%20Red%20Bull%20Racing%20RB20%20F1%20Race%20Car%20Model%20Kits%20-%20Building%20Set%20for%20Adults%2C%20Ages%2018%2B%20with%20Realistic%20Features%20-%20Red%20Bull%20F1%20DIY%20Crafts%20for%20Display%20-%20Gift%20Idea%20for%20Fans%20-%2077243,
Redbull,5,Red Bull Racing F1 Men's 2026 Team T-Shirt,https://www.amazon.com/s?k=Red%20Bull%20Racing%20F1%20Men%27s%202026%20Team%20T-Shirt,
Williams,1,x Williams Racing F1 Team CVC Media Men's Polo Shirt,https://www.amazon.com/s?k=x%20Williams%20Racing%20F1%20Team%20CVC%20Media%20Men%27s%20Polo%20Shirt,
Williams,2,"x Williams Racing Team Presentation Full Zip Men's Jacket, Peacoat/Diva Blue",https://www.amazon.com/s?k=x%20Williams%20Racing%20Team%20Presentation%20Full%20Zip%20Men%27s%20Jacket%2C%20Peacoat/Diva%20Blue,
Williams,3,"LEGO Speed Champions Williams Racing FW46 F1 Race Car Toy - Building Set for Kids, Boys & Girls, Ages 10+ - Toy Car for F1 Fans - Gift Idea for Birthday - 77249",https://www.amazon.com/s?k=LEGO%20Speed%20Champions%20Williams%20Racing%20FW46%20F1%20Race%20Car%20Toy%20-%20Building%20Set%20for%20Kids%2C%20Boys%20%26%20Girls%2C%20Ages%2010%2B%20-%20Toy%20Car%20for%20F1%20Fans%20-%20Gift%20Idea%20for%20Birthday%20-%2077249,
Williams,4,Williams F1 Team Race Car,https://www.amazon.com/s?k=Williams%20F1%20Team%20Race%20Car,
Williams,5,"Hot Wheels Williams Racing [Blue], Track Aces 1/5, 59/250, 1:64 Scale Diecast Car",https://www.amazon.com/s?k=Hot%20Wheels%20Williams%20Racing%20%5BBlue%5D%2C%20Track%20Aces%201/5%2C%2059/250%2C%201%3A64%20Scale%20Diecast%20Car,
Mercedes,1,Red Bull Racing F1 Men's 2025 Team Polo Shirt,https://www.amazon.com/s?k=Red%20Bull%20Racing%20F1%20Men%27s%202025%20Team%20Polo%20Shirt,
Mercedes,2,"LEGO Speed Champions Mercedes-AMG F1 W15 Race Car Toy - Building Set for Kids, Boys & Girls, Ages 10+ - Toy Car for F1 Fans - Gift Idea for Birthday - 77244",https://www.amazon.com/s?k=LEGO%20Speed%20Champions%20Mercedes-AMG%20F1%20W15%20Race%20Car%20Toy%20-%20Building%20Set%20for%20Kids%2C%20Boys%20%26%20Girls%2C%20Ages%2010%2B%20-%20Toy%20Car%20for%20F1%20Fans%20-%20Gift%20Idea%20for%20Birthday%20-%2077244,
Mercedes,3,"Mercedes AMG Petronas F1 Sherpa Blanket – Official Formula 1 Merchandise, Ultra Soft Fleece Throw with Warm Sherpa Reverse, Premium Cozy Blanket for Sofa Bed Travel, 47x59 in",https://www.amazon.com/s?k=Mercedes%20AMG%20Petronas%20F1%20Sherpa%20Blanket%20%E2%80%93%20Official%20Formula%201%20Merchandise%2C%20Ultra%20Soft%20Fleece%20Throw%20with%20Warm%20Sherpa%20Reverse%2C%20Premium%20Cozy%20Blanket%20for%20Sofa%20Bed%20Travel%2C%2047x59%20in,
Mercedes,4,Formula 1 Mens Mercedes - Amg Petronas Formula One Team Graphic T-Shirt,https://www.amazon.com/s?k=Formula%201%20Mens%20Mercedes%20-%20Amg%20Petronas%20Formula%20One%20Team%20Graphic%20T-Shirt,
Mercedes,5,Racer Hat,https://www.amazon.com/s?k=Racer%20Hat,
