Team,Race Date,Race Name,Product Rank,Product Name
Alfa Romeo,Mar 13 - 15,Qatar Airways Australian GP,1,F1 2023 Men's Team Polo Shirt
Alfa Romeo,Mar 13 - 15,Qatar Airways Australian GP,2,Formula 1 x Malbon Chinese Grand Prix Men's Forge Polo
Alfa Romeo,Mar 13 - 15,Qatar Airways Australian GP,3,F1 Men's Camo T-Shirt
AlphaTauri,Mar 13 - 15,Qatar Airways Australian GP,1,Alfa Romeo Racing F1 2023 Men's Team Polo Shirt
AlphaTauri,Mar 13 - 15,Qatar Airways Australian GP,2,Scuderia AlphaTauri F1 2023 Women's Team T-Shirt
AlphaTauri,Mar 13 - 15,Qatar Airways Australian GP,3,"Sciencow F1 Racing Wheels Model Building Set, Racing Theme Construction Building Blocks Toys with Realistic Features, Chirstmas Birthday Gift for Ages 6+, Home Office, Desk Deco"
Alpine,Mar 13 - 15,Qatar Airways Australian GP,1,Alpine Racing F1 2026 Men's Team Polo Shirt
Alpine,Mar 13 - 15,Qatar Airways Australian GP,2,Alpine Racing F1 2025 Men's Team Polo Shirt
Alpine,Mar 13 - 15,Qatar Airways Australian GP,3,Alpine Racing F1 2023 Men's Team Polo Shirt
Aston Martin,Mar 13 - 15,Qatar Airways Australian GP,1,"Formula 1 Model Car Kits for Adults, Aston Martin F1 Car with Realistic Details, F1 Toys Building Sets Craft for Display, Formula 1 Racing Gifts for Teen Boys, Ideal F1 Gifts for Men"
Aston Martin,Mar 13 - 15,Qatar Airways Australian GP,2,Castore Red Bull Racing F1 Men's 2025 Team Polo Shirt
Aston Martin,Mar 13 - 15,Qatar Airways Australian GP,3,Aston Martin F1 2025 Men's Team Polo Green
Astonmartin,Mar 13 - 15,Qatar Airways Australian GP,1,Bburago 1/43 - F1 Aston Martin Aramco F1 Team AMR23 2023 Collection Racing Alloy Car Die Cast Car Model (#14 Fernando Alonso)
Astonmartin,Mar 13 - 15,Qatar Airways Australian GP,2,1:43 2025 Racing Aston Martin Aramco F1 Team AMR25 No.14 Fernando Alonso F1 18# Lance StrollAlloy Car Die Cast Car Model (1/43 AMR25 18#)
Astonmartin,Mar 13 - 15,Qatar Airways Australian GP,3,Bburago 1/43 - F1 Aston Martin Aramco F1 Team AMR23 2023 Collection Racing Alloy Car Die Cast Car Model (#18 Lance Stroll)
Ferrari,Mar 13 - 15,Qatar Airways Australian GP,1,Scuderia Ferrari F1 2026 Men's Team Tshirt - Red
Ferrari,Mar 13 - 15,Qatar Airways Australian GP,2,Scuderia Ferrari F1 2026 Men's Team Drivers Tshirt - Red
Ferrari,Mar 13 - 15,Qatar Airways Australian GP,3,"Technic Ferrari SF-24 F1 Model Car Kit - Building Set for Adults, Ages 18+ with Realistic Features - Ferrari DIY Craft for Display - Gift Idea for F1 Fans - 42207"
Haas,Mar 13 - 15,Qatar Airways Australian GP,1,Haas Racing F1 2022 Men's Team Fitted 1/4 Zip Sweatshirt Blue 900972
Haas,Mar 13 - 15,Qatar Airways Australian GP,2,Castore Haas Racing F1 2026 Men's Team Polo Shirt
Haas,Mar 13 - 15,Qatar Airways Australian GP,3,CMC Motorsports Haas Racing F1 2024 Men's Team Fitted Polo Shirt
McLaren,Mar 13 - 15,Qatar Airways Australian GP,1,McLaren F1 2026 Men's Team Tshirt - Orange
McLaren,Mar 13 - 15,Qatar Airways Australian GP,2,McLaren F1 2025 Team Hoodie
McLaren,Mar 13 - 15,Qatar Airways Australian GP,3,McLaren F1 2025 Men's Team Polo Shirt
Mclaren,Mar 13 - 15,Qatar Airways Australian GP,1,"Technic McLaren MCL39 F1 Car Building Set for Adults - Room or Office Decor for Men & Women, Ages 18+ - F1 Gifts for Fans - Authentic Details - 42228"
Mclaren,Mar 13 - 15,Qatar Airways Australian GP,2,McLaren F1 2026 Team Hat - Orange - One Size Fits Most
Mclaren,Mar 13 - 15,Qatar Airways Australian GP,3,McLaren F1 2025 Men's Team Polo Shirt
Mercedes,Mar 13 - 15,Qatar Airways Australian GP,1,F1 Men's 2024 Team Driver Tshirt - White - Size: XXL
Mercedes,Mar 13 - 15,Qatar Airways Australian GP,2,Mercedes AMG Petronas F1 Men's 2024 Team Driver Tshirt - White - Size: XXL
Mercedes,Mar 13 - 15,Qatar Airways Australian GP,3,Red Bull Racing F1 Men's 2025 Team Polo Shirt
Racing Bulls,Mar 13 - 15,Qatar Airways Australian GP,1,Red Bull Racing F1 Men's 2024 Team Full Zip Hooded Sweatshirt
Racing Bulls,Mar 13 - 15,Qatar Airways Australian GP,2,Red Bull Racing F1 Men's 2025 Team Polo Shirt
Racing Bulls,Mar 13 - 15,Qatar Airways Australian GP,3,Men's Red Bull Racing F1 2024 Sergio Checo Perez Team Polo Shirt - Large - Night Sky
Red Bull,Mar 13 - 15,Qatar Airways Australian GP,1,Red Bull Racing F1 Men's 2024 Team Full Zip Hooded Sweatshirt
Red Bull,Mar 13 - 15,Qatar Airways Australian GP,2,Red Bull Racing F1 Men's 2025 Team Polo Shirt
Red Bull,Mar 13 - 15,Qatar Airways Australian GP,3,Formula 1 x Malbon Chinese Grand Prix Men's Forge Polo
Redbull,Mar 13 - 15,Qatar Airways Australian GP,1,Red Bull Racing F1 Men's 2025 Team Polo Shirt
Redbull,Mar 13 - 15,Qatar Airways Australian GP,2,Red Bull Racing F1 Men's 2025 Team T-Shirt
Redbull,Mar 13 - 15,Qatar Airways Australian GP,3,Red Bull Racing F1 Men's 2026 Team T-Shirt
Sauber,Mar 13 - 15,Qatar Airways Australian GP,1,"CaDA C64010W C44 Kick Sauber & Pirelli Official Licensed 1:8 Scale F1 Racing Car Building Blocks Set 2553 Piece Model Car Kit with DRS System, STEM Educational Toy for Adults & Teens [Authorized]"
Sauber,Mar 13 - 15,Qatar Airways Australian GP,2,OPO 10 - Model Car Compatible with Kick Sauber F1 Team C44 Black V. BOTTAS LAS Vegas 2024-1:18 Solido - 1814104
Sauber,Mar 13 - 15,Qatar Airways Australian GP,3,Solido 1:18 Model Car - Kick Clean F1 Team C44 Zhou Guanyu Bahrain GP 2024 Formula 1 Racing Car
Williams,Mar 13 - 15,Qatar Airways Australian GP,1,"LEGO Speed Champions Williams Racing FW46 F1 Race Car Toy - Building Set for Kids, Boys & Girls, Ages 10+ - Toy Car for F1 Fans - Gift Idea for Birthday - 77249"
Williams,Mar 13 - 15,Qatar Airways Australian GP,2,Umbro x Williams Racing F1 Team CVC Media Men's Polo Shirt
Williams,Mar 13 - 15,Qatar Airways Australian GP,3,CMC Motorsports Haas Racing F1 2024 Men's Team Fitted Polo Shirt
Alfa Romeo,Mar 20 - 23,Heineken Chinese GP,1,F1 2023 Men's Team Polo Shirt
Alfa Romeo,Mar 20 - 23,Heineken Chinese GP,2,Formula 1 x Malbon Chinese Grand Prix Men's Forge Polo
Alfa Romeo,Mar 20 - 23,Heineken Chinese GP,3,F1 Men's Camo T-Shirt
AlphaTauri,Mar 20 - 23,Heineken Chinese GP,1,Alfa Romeo Racing F1 2023 Men's Team Polo Shirt
AlphaTauri,Mar 20 - 23,Heineken Chinese GP,2,Scuderia AlphaTauri F1 2023 Women's Team T-Shirt
AlphaTauri,Mar 20 - 23,Heineken Chinese GP,3,"Sciencow F1 Racing Wheels Model Building Set, Racing Theme Construction Building Blocks Toys with Realistic Features, Chirstmas Birthday Gift for Ages 6+, Home Office, Desk Deco"
Alpine,Mar 20 - 23,Heineken Chinese GP,1,Alpine Racing F1 2026 Men's Team Polo Shirt
Alpine,Mar 20 - 23,Heineken Chinese GP,2,Alpine Racing F1 2025 Men's Team Polo Shirt
Alpine,Mar 20 - 23,Heineken Chinese GP,3,Alpine Racing F1 2023 Men's Team Polo Shirt
Aston Martin,Mar 20 - 23,Heineken Chinese GP,1,"Formula 1 Model Car Kits for Adults, Aston Martin F1 Car with Realistic Details, F1 Toys Building Sets Craft for Display, Formula 1 Racing Gifts for Teen Boys, Ideal F1 Gifts for Men"
Aston Martin,Mar 20 - 23,Heineken Chinese GP,2,Castore Red Bull Racing F1 Men's 2025 Team Polo Shirt
Aston Martin,Mar 20 - 23,Heineken Chinese GP,3,Aston Martin F1 2025 Men's Team Polo Green
Astonmartin,Mar 20 - 23,Heineken Chinese GP,1,Bburago 1/43 - F1 Aston Martin Aramco F1 Team AMR23 2023 Collection Racing Alloy Car Die Cast Car Model (#14 Fernando Alonso)
Astonmartin,Mar 20 - 23,Heineken Chinese GP,2,1:43 2025 Racing Aston Martin Aramco F1 Team AMR25 No.14 Fernando Alonso F1 18# Lance StrollAlloy Car Die Cast Car Model (1/43 AMR25 18#)
Astonmartin,Mar 20 - 23,Heineken Chinese GP,3,Bburago 1/43 - F1 Aston Martin Aramco F1 Team AMR23 2023 Collection Racing Alloy Car Die Cast Car Model (#18 Lance Stroll)
Ferrari,Mar 20 - 23,Heineken Chinese GP,1,Scuderia Ferrari F1 2026 Men's Team Tshirt - Red
Ferrari,Mar 20 - 23,Heineken Chinese GP,2,Scuderia Ferrari F1 2026 Men's Team Drivers Tshirt - Red
Ferrari,Mar 20 - 23,Heineken Chinese GP,3,"Technic Ferrari SF-24 F1 Model Car Kit - Building Set for Adults, Ages 18+ with Realistic Features - Ferrari DIY Craft for Display - Gift Idea for F1 Fans - 42207"
Haas,Mar 20 - 23,Heineken Chinese GP,1,Haas Racing F1 2022 Men's Team Fitted 1/4 Zip Sweatshirt Blue 900972
Haas,Mar 20 - 23,Heineken Chinese GP,2,Castore Haas Racing F1 2026 Men's Team Polo Shirt
Haas,Mar 20 - 23,Heineken Chinese GP,3,CMC Motorsports Haas Racing F1 2024 Men's Team Fitted Polo Shirt
McLaren,Mar 20 - 23,Heineken Chinese GP,1,McLaren F1 2026 Men's Team Tshirt - Orange
McLaren,Mar 20 - 23,Heineken Chinese GP,2,McLaren F1 2025 Team Hoodie
McLaren,Mar 20 - 23,Heineken Chinese GP,3,McLaren F1 2025 Men's Team Polo Shirt
Mclaren,Mar 20 - 23,Heineken Chinese GP,1,"Technic McLaren MCL39 F1 Car Building Set for Adults - Room or Office Decor for Men & Women, Ages 18+ - F1 Gifts for Fans - Authentic Details - 42228"
Mclaren,Mar 20 - 23,Heineken Chinese GP,2,McLaren F1 2026 Team Hat - Orange - One Size Fits Most
Mclaren,Mar 20 - 23,Heineken Chinese GP,3,McLaren F1 2025 Men's Team Polo Shirt
Mercedes,Mar 20 - 23,Heineken Chinese GP,1,F1 Men's 2024 Team Driver Tshirt - White - Size: XXL
Mercedes,Mar 20 - 23,Heineken Chinese GP,2,Mercedes AMG Petronas F1 Men's 2024 Team Driver Tshirt - White - Size: XXL
Mercedes,Mar 20 - 23,Heineken Chinese GP,3,Red Bull Racing F1 Men's 2025 Team Polo Shirt
Racing Bulls,Mar 20 - 23,Heineken Chinese GP,1,Red Bull Racing F1 Men's 2024 Team Full Zip Hooded Sweatshirt
Racing Bulls,Mar 20 - 23,Heineken Chinese GP,2,Red Bull Racing F1 Men's 2025 Team Polo Shirt
Racing Bulls,Mar 20 - 23,Heineken Chinese GP,3,Men's Red Bull Racing F1 2024 Sergio Checo Perez Team Polo Shirt - Large - Night Sky
Red Bull,Mar 20 - 23,Heineken Chinese GP,1,Red Bull Racing F1 Men's 2024 Team Full Zip Hooded Sweatshirt
Red Bull,Mar 20 - 23,Heineken Chinese GP,2,Red Bull Racing F1 Men's 2025 Team Polo Shirt
Red Bull,Mar 20 - 23,Heineken Chinese GP,3,Formula 1 x Malbon Chinese Grand Prix Men's Forge Polo
Redbull,Mar 20 - 23,Heineken Chinese GP,1,Red Bull Racing F1 Men's 2025 Team Polo Shirt
Redbull,Mar 20 - 23,Heineken Chinese GP,2,Red Bull Racing F1 Men's 2025 Team T-Shirt
Redbull,Mar 20 - 23,Heineken Chinese GP,3,Red Bull Racing F1 Men's 2026 Team T-Shirt
Sauber,Mar 20 - 23,Heineken Chinese GP,1,"CaDA C64010W C44 Kick Sauber & Pirelli Official Licensed 1:8 Scale F1 Racing Car Building Blocks Set 2553 Piece Model Car Kit with DRS System, STEM Educational Toy for Adults & Teens [Authorized]"
Sauber,Mar 20 - 23,Heineken Chinese GP,2,OPO 10 - Model Car Compatible with Kick Sauber F1 Team C44 Black V. BOTTAS LAS Vegas 2024-1:18 Solido - 1814104
Sauber,Mar 20 - 23,Heineken Chinese GP,3,Solido 1:18 Model Car - Kick Clean F1 Team C44 Zhou Guanyu Bahrain GP 2024 Formula 1 Racing Car
Williams,Mar 20 - 23,Heineken Chinese GP,1,"LEGO Speed Champions Williams Racing FW46 F1 Race Car Toy - Building Set for Kids, Boys & Girls, Ages 10+ - Toy Car for F1 Fans - Gift Idea for Birthday - 77249"
Williams,Mar 20 - 23,Heineken Chinese GP,2,Umbro x Williams Racing F1 Team CVC Media Men's Polo Shirt
Williams,Mar 20 - 23,Heineken Chinese GP,3,CMC Motorsports Haas Racing F1 2024 Men's Team Fitted Polo Shirt
Alfa Romeo,Apr 3 - 6,Aramco Japanese GP,1,F1 2023 Men's Team Polo Shirt
Alfa Romeo,Apr 3 - 6,Aramco Japanese GP,2,Formula 1 x Malbon Chinese Grand Prix Men's Forge Polo
Alfa Romeo,Apr 3 - 6,Aramco Japanese GP,3,F1 Men's Camo T-Shirt
AlphaTauri,Apr 3 - 6,Aramco Japanese GP,1,Alfa Romeo Racing F1 2023 Men's Team Polo Shirt
AlphaTauri,Apr 3 - 6,Aramco Japanese GP,2,Scuderia AlphaTauri F1 2023 Women's Team T-Shirt
AlphaTauri,Apr 3 - 6,Aramco Japanese GP,3,"Sciencow F1 Racing Wheels Model Building Set, Racing Theme Construction Building Blocks Toys with Realistic Features, Chirstmas Birthday Gift for Ages 6+, Home Office, Desk Deco"
Alpine,Apr 3 - 6,Aramco Japanese GP,1,Alpine Racing F1 2026 Men's Team Polo Shirt
Alpine,Apr 3 - 6,Aramco Japanese GP,2,Alpine Racing F1 2025 Men's Team Polo Shirt
Alpine,Apr 3 - 6,Aramco Japanese GP,3,Alpine Racing F1 2023 Men's Team Polo Shirt
Aston Martin,Apr 3 - 6,Aramco Japanese GP,1,"Formula 1 Model Car Kits for Adults, Aston Martin F1 Car with Realistic Details, F1 Toys Building Sets Craft for Display, Formula 1 Racing Gifts for Teen Boys, Ideal F1 Gifts for Men"
Aston Martin,Apr 3 - 6,Aramco Japanese GP,2,Castore Red Bull Racing F1 Men's 2025 Team Polo Shirt
Aston Martin,Apr 3 - 6,Aramco Japanese GP,3,Aston Martin F1 2025 Men's Team Polo Green
Astonmartin,Apr 3 - 6,Aramco Japanese GP,1,Bburago 1/43 - F1 Aston Martin Aramco F1 Team AMR23 2023 Collection Racing Alloy Car Die Cast Car Model (#14 Fernando Alonso)
Astonmartin,Apr 3 - 6,Aramco Japanese GP,2,1:43 2025 Racing Aston Martin Aramco F1 Team AMR25 No.14 Fernando Alonso F1 18# Lance StrollAlloy Car Die Cast Car Model (1/43 AMR25 18#)
Astonmartin,Apr 3 - 6,Aramco Japanese GP,3,Bburago 1/43 - F1 Aston Martin Aramco F1 Team AMR23 2023 Collection Racing Alloy Car Die Cast Car Model (#18 Lance Stroll)
Ferrari,Apr 3 - 6,Aramco Japanese GP,1,Scuderia Ferrari F1 2026 Men's Team Tshirt - Red
Ferrari,Apr 3 - 6,Aramco Japanese GP,2,Scuderia Ferrari F1 2026 Men's Team Drivers Tshirt - Red
Ferrari,Apr 3 - 6,Aramco Japanese GP,3,"Technic Ferrari SF-24 F1 Model Car Kit - Building Set for Adults, Ages 18+ with Realistic Features - Ferrari DIY Craft for Display - Gift Idea for F1 Fans - 42207"
Haas,Apr 3 - 6,Aramco Japanese GP,1,Haas Racing F1 2022 Men's Team Fitted 1/4 Zip Sweatshirt Blue 900972
Haas,Apr 3 - 6,Aramco Japanese GP,2,Castore Haas Racing F1 2026 Men's Team Polo Shirt
Haas,Apr 3 - 6,Aramco Japanese GP,3,CMC Motorsports Haas Racing F1 2024 Men's Team Fitted Polo Shirt
McLaren,Apr 3 - 6,Aramco Japanese GP,1,McLaren F1 2026 Men's Team Tshirt - Orange
McLaren,Apr 3 - 6,Aramco Japanese GP,2,McLaren F1 2025 Team Hoodie
McLaren,Apr 3 - 6,Aramco Japanese GP,3,McLaren F1 2025 Men's Team Polo Shirt
Mclaren,Apr 3 - 6,Aramco Japanese GP,1,"Technic McLaren MCL39 F1 Car Building Set for Adults - Room or Office Decor for Men & Women, Ages 18+ - F1 Gifts for Fans - Authentic Details - 42228"
Mclaren,Apr 3 - 6,Aramco Japanese GP,2,McLaren F1 2026 Team Hat - Orange - One Size Fits Most
Mclaren,Apr 3 - 6,Aramco Japanese GP,3,McLaren F1 2025 Men's Team Polo Shirt
Mercedes,Apr 3 - 6,Aramco Japanese GP,1,F1 Men's 2024 Team Driver Tshirt - White - Size: XXL
Mercedes,Apr 3 - 6,Aramco Japanese GP,2,Mercedes AMG Petronas F1 Men's 2024 Team Driver Tshirt - White - Size: XXL
Mercedes,Apr 3 - 6,Aramco Japanese GP,3,Red Bull Racing F1 Men's 2025 Team Polo Shirt
Racing Bulls,Apr 3 - 6,Aramco Japanese GP,1,Red Bull Racing F1 Men's 2024 Team Full Zip Hooded Sweatshirt
Racing Bulls,Apr 3 - 6,Aramco Japanese GP,2,Red Bull Racing F1 Men's 2025 Team Polo Shirt
Racing Bulls,Apr 3 - 6,Aramco Japanese GP,3,Men's Red Bull Racing F1 2024 Sergio Checo Perez Team Polo Shirt - Large - Night Sky
Red Bull,Apr 3 - 6,Aramco Japanese GP,1,Red Bull Racing F1 Men's 2024 Team Full Zip Hooded Sweatshirt
Red Bull,Apr 3 - 6,Aramco Japanese GP,2,Red Bull Racing F1 Men's 2025 Team Polo Shirt
Red Bull,Apr 3 - 6,Aramco Japanese GP,3,Formula 1 x Malbon Chinese Grand Prix Men's Forge Polo
Redbull,Apr 3 - 6,Aramco Japanese GP,1,Red Bull Racing F1 Men's 2025 Team Polo Shirt
Redbull,Apr 3 - 6,Aramco Japanese GP,2,Red Bull Racing F1 Men's 2025 Team T-Shirt
Redbull,Apr 3 - 6,Aramco Japanese GP,3,Red Bull Racing F1 Men's 2026 Team T-Shirt
Sauber,Apr 3 - 6,Aramco Japanese GP,1,"CaDA C64010W C44 Kick Sauber & Pirelli Official Licensed 1:8 Scale F1 Racing Car Building Blocks Set 2553 Piece Model Car Kit with DRS System, STEM Educational Toy for Adults & Teens [Authorized]"
Sauber,Apr 3 - 6,Aramco Japanese GP,2,OPO 10 - Model Car Compatible with Kick Sauber F1 Team C44 Black V. BOTTAS LAS Vegas 2024-1:18 Solido - 1814104
Sauber,Apr 3 - 6,Aramco Japanese GP,3,Solido 1:18 Model Car - Kick Clean F1 Team C44 Zhou Guanyu Bahrain GP 2024 Formula 1 Racing Car
Williams,Apr 3 - 6,Aramco Japanese GP,1,"LEGO Speed Champions Williams Racing FW46 F1 Race Car Toy - Building Set for Kids, Boys & Girls, Ages 10+ - Toy Car for F1 Fans - Gift Idea for Birthday - 77249"
Williams,Apr 3 - 6,Aramco Japanese GP,2,Umbro x Williams Racing F1 Team CVC Media Men's Polo Shirt
Williams,Apr 3 - 6,Aramco Japanese GP,3,CMC Motorsports Haas Racing F1 2024 Men's Team Fitted Polo Shirt
Alfa Romeo,Apr 11 - 13,Gulf Air Bahrain GP,1,F1 2023 Men's Team Polo Shirt
Alfa Romeo,Apr 11 - 13,Gulf Air Bahrain GP,2,Formula 1 x Malbon Chinese Grand Prix Men's Forge Polo
Alfa Romeo,Apr 11 - 13,Gulf Air Bahrain GP,3,F1 Men's Camo T-Shirt
AlphaTauri,Apr 11 - 13,Gulf Air Bahrain GP,1,Alfa Romeo Racing F1 2023 Men's Team Polo Shirt
AlphaTauri,Apr 11 - 13,Gulf Air Bahrain GP,2,Scuderia AlphaTauri F1 2023 Women's Team T-Shirt
AlphaTauri,Apr 11 - 13,Gulf Air Bahrain GP,3,"Sciencow F1 Racing Wheels Model Building Set, Racing Theme Construction Building Blocks Toys with Realistic Features, Chirstmas Birthday Gift for Ages 6+, Home Office, Desk Deco"
Alpine,Apr 11 - 13,Gulf Air Bahrain GP,1,Alpine Racing F1 2026 Men's Team Polo Shirt
Alpine,Apr 11 - 13,Gulf Air Bahrain GP,2,Alpine Racing F1 2025 Men's Team Polo Shirt
Alpine,Apr 11 - 13,Gulf Air Bahrain GP,3,Alpine Racing F1 2023 Men's Team Polo Shirt
Aston Martin,Apr 11 - 13,Gulf Air Bahrain GP,1,"Formula 1 Model Car Kits for Adults, Aston Martin F1 Car with Realistic Details, F1 Toys Building Sets Craft for Display, Formula 1 Racing Gifts for Teen Boys, Ideal F1 Gifts for Men"
Aston Martin,Apr 11 - 13,Gulf Air Bahrain GP,2,Castore Red Bull Racing F1 Men's 2025 Team Polo Shirt
Aston Martin,Apr 11 - 13,Gulf Air Bahrain GP,3,Aston Martin F1 2025 Men's Team Polo Green
Astonmartin,Apr 11 - 13,Gulf Air Bahrain GP,1,Bburago 1/43 - F1 Aston Martin Aramco F1 Team AMR23 2023 Collection Racing Alloy Car Die Cast Car Model (#14 Fernando Alonso)
Astonmartin,Apr 11 - 13,Gulf Air Bahrain GP,2,1:43 2025 Racing Aston Martin Aramco F1 Team AMR25 No.14 Fernando Alonso F1 18# Lance StrollAlloy Car Die Cast Car Model (1/43 AMR25 18#)
Astonmartin,Apr 11 - 13,Gulf Air Bahrain GP,3,Bburago 1/43 - F1 Aston Martin Aramco F1 Team AMR23 2023 Collection Racing Alloy Car Die Cast Car Model (#18 Lance Stroll)
Ferrari,Apr 11 - 13,Gulf Air Bahrain GP,1,Scuderia Ferrari F1 2026 Men's Team Tshirt - Red
Ferrari,Apr 11 - 13,Gulf Air Bahrain GP,2,Scuderia Ferrari F1 2026 Men's Team Drivers Tshirt - Red
Ferrari,Apr 11 - 13,Gulf Air Bahrain GP,3,"Technic Ferrari SF-24 F1 Model Car Kit - Building Set for Adults, Ages 18+ with Realistic Features - Ferrari DIY Craft for Display - Gift Idea for F1 Fans - 42207"
Haas,Apr 11 - 13,Gulf Air Bahrain GP,1,Haas Racing F1 2022 Men's Team Fitted 1/4 Zip Sweatshirt Blue 900972
Haas,Apr 11 - 13,Gulf Air Bahrain GP,2,Castore Haas Racing F1 2026 Men's Team Polo Shirt
Haas,Apr 11 - 13,Gulf Air Bahrain GP,3,CMC Motorsports Haas Racing F1 2024 Men's Team Fitted Polo Shirt
McLaren,Apr 11 - 13,Gulf Air Bahrain GP,1,McLaren F1 2026 Men's Team Tshirt - Orange
McLaren,Apr 11 - 13,Gulf Air Bahrain GP,2,McLaren F1 2025 Team Hoodie
McLaren,Apr 11 - 13,Gulf Air Bahrain GP,3,McLaren F1 2025 Men's Team Polo Shirt
Mclaren,Apr 11 - 13,Gulf Air Bahrain GP,1,"Technic McLaren MCL39 F1 Car Building Set for Adults - Room or Office Decor for Men & Women, Ages 18+ - F1 Gifts for Fans - Authentic Details - 42228"
Mclaren,Apr 11 - 13,Gulf Air Bahrain GP,2,McLaren F1 2026 Team Hat - Orange - One Size Fits Most
Mclaren,Apr 11 - 13,Gulf Air Bahrain GP,3,McLaren F1 2025 Men's Team Polo Shirt
Mercedes,Apr 11 - 13,Gulf Air Bahrain GP,1,F1 Men's 2024 Team Driver Tshirt - White - Size: XXL
Mercedes,Apr 11 - 13,Gulf Air Bahrain GP,2,Mercedes AMG Petronas F1 Men's 2024 Team Driver Tshirt - White - Size: XXL
Mercedes,Apr 11 - 13,Gulf Air Bahrain GP,3,Red Bull Racing F1 Men's 2025 Team Polo Shirt
Racing Bulls,Apr 11 - 13,Gulf Air Bahrain GP,1,Red Bull Racing F1 Men's 2024 Team Full Zip Hooded Sweatshirt
Racing Bulls,Apr 11 - 13,Gulf Air Bahrain GP,2,Red Bull Racing F1 Men's 2025 Team Polo Shirt
Racing Bulls,Apr 11 - 13,Gulf Air Bahrain GP,3,Men's Red Bull Racing F1 2024 Sergio Checo Perez Team Polo Shirt - Large - Night Sky
Red Bull,Apr 11 - 13,Gulf Air Bahrain GP,1,Red Bull Racing F1 Men's 2024 Team Full Zip Hooded Sweatshirt
Red Bull,Apr 11 - 13,Gulf Air Bahrain GP,2,Red Bull Racing F1 Men's 2025 Team Polo Shirt
Red Bull,Apr 11 - 13,Gulf Air Bahrain GP,3,Formula 1 x Malbon Chinese Grand Prix Men's Forge Polo
Redbull,Apr 11 - 13,Gulf Air Bahrain GP,1,Red Bull Racing F1 Men's 2025 Team Polo Shirt
Redbull,Apr 11 - 13,Gulf Air Bahrain GP,2,Red Bull Racing F1 Men's 2025 Team T-Shirt
Redbull,Apr 11 - 13,Gulf Air Bahrain GP,3,Red Bull Racing F1 Men's 2026 Team T-Shirt
Sauber,Apr 11 - 13,Gulf Air Bahrain GP,1,"CaDA C64010W C44 Kick Sauber & Pirelli Official Licensed 1:8 Scale F1 Racing Car Building Blocks Set 2553 Piece Model Car Kit with DRS System, STEM Educational Toy for Adults & Teens [Authorized]"
Sauber,Apr 11 - 13,Gulf Air Bahrain GP,2,OPO 10 - Model Car Compatible with Kick Sauber F1 Team C44 Black V. BOTTAS LAS Vegas 2024-1:18 Solido - 1814104
Sauber,Apr 11 - 13,Gulf Air Bahrain GP,3,Solido 1:18 Model Car - Kick Clean F1 Team C44 Zhou Guanyu Bahrain GP 2024 Formula 1 Racing Car
Williams,Apr 11 - 13,Gulf Air Bahrain GP,1,"LEGO Speed Champions Williams Racing FW46 F1 Race Car Toy - Building Set for Kids, Boys & Girls, Ages 10+ - Toy Car for F1 Fans - Gift Idea for Birthday - 77249"
Williams,Apr 11 - 13,Gulf Air Bahrain GP,2,Umbro x Williams Racing F1 Team CVC Media Men's Polo Shirt
Williams,Apr 11 - 13,Gulf Air Bahrain GP,3,CMC Motorsports Haas Racing F1 2024 Men's Team Fitted Polo Shirt
