Race Date,Race Name,Product Rank,Product Name,Current Price,Previous Price,Price Change,Team Cumulative Placement,Team Placement Change,Alpine Driver GAS Pos,Alpine Driver DOO Pos
Mar 13 - 16,Louis Vuitton Australian GPMelbourne Grand Prix Circuit,1,LEGO,$21.99,N/A,N/A,11,N/A,11,Ret
Mar 13 - 16,Louis Vuitton Australian GPMelbourne Grand Prix Circuit,2,Castore,$99.99,N/A,N/A,11,N/A,11,Ret
Mar 13 - 16,Louis Vuitton Australian GPMelbourne Grand Prix Circuit,3,Castore,$49.99,$99.99,-$50.00,11,N/A,11,Ret
Mar 13 - 16,Louis Vuitton Australian GPMelbourne Grand Prix Circuit,4,Castore,$99.99,$49.99,+$50.00,11,N/A,11,Ret
Mar 13 - 16,Louis Vuitton Australian GPMelbourne Grand Prix Circuit,5,Castore,$59.99,$99.99,-$40.00,11,N/A,11,Ret
Mar 13 - 16,Louis Vuitton Australian GPMelbourne Grand Prix Circuit,6,Bburago,$9.99,N/A,N/A,11,N/A,11,Ret
Mar 13 - 16,Louis Vuitton Australian GPMelbourne Grand Prix Circuit,7,Castore,$55.51,$59.99,-$4.48,11,N/A,11,Ret
Mar 13 - 16,Louis Vuitton Australian GPMelbourne Grand Prix Circuit,8,CaDA,$22.59,N/A,N/A,11,N/A,11,Ret
Mar 13 - 16,Louis Vuitton Australian GPMelbourne Grand Prix Circuit,9,Castore,$79.99,$55.51,+$24.48,11,N/A,11,Ret
Mar 13 - 16,Louis Vuitton Australian GPMelbourne Grand Prix Circuit,10,Castore,$59.99,$79.99,-$20.00,11,N/A,11,Ret
Mar 13 - 16,Louis Vuitton Australian GPMelbourne Grand Prix Circuit,11,1/43 2025 BWT Alpine F1 Team A525 10# Pierre Gasly F1 43# Franco Colapinto Alloy Car Die Cast Car Model Collection Gift (1/43 A525 10#),$17.58,N/A,N/A,11,N/A,11,Ret
Mar 13 - 16,Louis Vuitton Australian GPMelbourne Grand Prix Circuit,12,Castore,$29.99,$59.99,-$30.00,11,N/A,11,Ret
Mar 13 - 16,Louis Vuitton Australian GPMelbourne Grand Prix Circuit,13,Alpine Racing F1 New Era 9fifty 2022 Team Hat,$54.99,N/A,N/A,11,N/A,11,Ret
Mar 13 - 16,Louis Vuitton Australian GPMelbourne Grand Prix Circuit,14,Bburago,$9.99,$9.99,$0.00,11,N/A,11,Ret
Mar 13 - 16,Louis Vuitton Australian GPMelbourne Grand Prix Circuit,15,Castore,$125.00,$29.99,+$95.01,11,N/A,11,Ret
Mar 13 - 16,Louis Vuitton Australian GPMelbourne Grand Prix Circuit,16,Castore,$99.99,$125.00,-$25.01,11,N/A,11,Ret
Mar 13 - 16,Louis Vuitton Australian GPMelbourne Grand Prix Circuit,17,Castore,$225.00,$99.99,+$125.01,11,N/A,11,Ret
Mar 13 - 16,Louis Vuitton Australian GPMelbourne Grand Prix Circuit,18,Castore,$160.00,$225.00,-$65.00,11,N/A,11,Ret
Mar 13 - 16,Louis Vuitton Australian GPMelbourne Grand Prix Circuit,19,BWT Alpine F1 Team A524 GP Collection Signature Diecast 1/43 | #10 Pierre Gasly,$19.21,N/A,N/A,11,N/A,11,Ret
Mar 13 - 16,Louis Vuitton Australian GPMelbourne Grand Prix Circuit,20,Castore,$49.99,$160.00,-$110.01,11,N/A,11,Ret
Mar 20 - 23,Heineken Chinese GPShanghai International Circuit,1,LEGO,$21.99,$21.99,$0.00,13,+2,DQ,13
Mar 20 - 23,Heineken Chinese GPShanghai International Circuit,2,Castore,$99.99,$49.99,+$50.00,13,+2,DQ,13
Mar 20 - 23,Heineken Chinese GPShanghai International Circuit,3,Castore,$49.99,$99.99,-$50.00,13,+2,DQ,13
Mar 20 - 23,Heineken Chinese GPShanghai International Circuit,4,Castore,$99.99,$49.99,+$50.00,13,+2,DQ,13
Mar 20 - 23,Heineken Chinese GPShanghai International Circuit,5,Castore,$59.99,$99.99,-$40.00,13,+2,DQ,13
Mar 20 - 23,Heineken Chinese GPShanghai International Circuit,6,Bburago,$9.99,$9.99,$0.00,13,+2,DQ,13
Mar 20 - 23,Heineken Chinese GPShanghai International Circuit,7,Castore,$55.51,$59.99,-$4.48,13,+2,DQ,13
Mar 20 - 23,Heineken Chinese GPShanghai International Circuit,8,CaDA,$22.59,$22.59,$0.00,13,+2,DQ,13
Mar 20 - 23,Heineken Chinese GPShanghai International Circuit,9,Castore,$79.99,$55.51,+$24.48,13,+2,DQ,13
Mar 20 - 23,Heineken Chinese GPShanghai International Circuit,10,Castore,$59.99,$79.99,-$20.00,13,+2,DQ,13
Mar 20 - 23,Heineken Chinese GPShanghai International Circuit,11,1/43 2025 BWT Alpine F1 Team A525 10# Pierre Gasly F1 43# Franco Colapinto Alloy Car Die Cast Car Model Collection Gift (1/43 A525 10#),$17.58,$17.58,$0.00,13,+2,DQ,13
Mar 20 - 23,Heineken Chinese GPShanghai International Circuit,12,Castore,$29.99,$59.99,-$30.00,13,+2,DQ,13
Mar 20 - 23,Heineken Chinese GPShanghai International Circuit,13,Alpine Racing F1 New Era 9fifty 2022 Team Hat,$54.99,$54.99,$0.00,13,+2,DQ,13
Mar 20 - 23,Heineken Chinese GPShanghai International Circuit,14,Bburago,$9.99,$9.99,$0.00,13,+2,DQ,13
Mar 20 - 23,Heineken Chinese GPShanghai International Circuit,15,Castore,$125.00,$29.99,+$95.01,13,+2,DQ,13
Mar 20 - 23,Heineken Chinese GPShanghai International Circuit,16,Castore,$99.99,$125.00,-$25.01,13,+2,DQ,13
Mar 20 - 23,Heineken Chinese GPShanghai International Circuit,17,Castore,$225.00,$99.99,+$125.01,13,+2,DQ,13
Mar 20 - 23,Heineken Chinese GPShanghai International Circuit,18,Castore,$160.00,$225.00,-$65.00,13,+2,DQ,13
Mar 20 - 23,Heineken Chinese GPShanghai International Circuit,19,BWT Alpine F1 Team A524 GP Collection Signature Diecast 1/43 | #10 Pierre Gasly,$19.21,$19.21,$0.00,13,+2,DQ,13
Mar 20 - 23,Heineken Chinese GPShanghai International Circuit,20,Castore,$49.99,$160.00,-$110.01,13,+2,DQ,13
Apr 3 - 6,Lenovo Japanese GPSuzuka International Racing Course,1,LEGO,$21.99,$21.99,$0.00,28,+15,13,15
Apr 3 - 6,Lenovo Japanese GPSuzuka International Racing Course,2,Castore,$99.99,$49.99,+$50.00,28,+15,13,15
Apr 3 - 6,Lenovo Japanese GPSuzuka International Racing Course,3,Castore,$49.99,$99.99,-$50.00,28,+15,13,15
Apr 3 - 6,Lenovo Japanese GPSuzuka International Racing Course,4,Castore,$99.99,$49.99,+$50.00,28,+15,13,15
Apr 3 - 6,Lenovo Japanese GPSuzuka International Racing Course,5,Castore,$59.99,$99.99,-$40.00,28,+15,13,15
Apr 3 - 6,Lenovo Japanese GPSuzuka International Racing Course,6,Bburago,$9.99,$9.99,$0.00,28,+15,13,15
Apr 3 - 6,Lenovo Japanese GPSuzuka International Racing Course,7,Castore,$55.51,$59.99,-$4.48,28,+15,13,15
Apr 3 - 6,Lenovo Japanese GPSuzuka International Racing Course,8,CaDA,$22.59,$22.59,$0.00,28,+15,13,15
Apr 3 - 6,Lenovo Japanese GPSuzuka International Racing Course,9,Castore,$79.99,$55.51,+$24.48,28,+15,13,15
Apr 3 - 6,Lenovo Japanese GPSuzuka International Racing Course,10,Castore,$59.99,$79.99,-$20.00,28,+15,13,15
Apr 3 - 6,Lenovo Japanese GPSuzuka International Racing Course,11,1/43 2025 BWT Alpine F1 Team A525 10# Pierre Gasly F1 43# Franco Colapinto Alloy Car Die Cast Car Model Collection Gift (1/43 A525 10#),$17.58,$17.58,$0.00,28,+15,13,15
Apr 3 - 6,Lenovo Japanese GPSuzuka International Racing Course,12,Castore,$29.99,$59.99,-$30.00,28,+15,13,15
Apr 3 - 6,Lenovo Japanese GPSuzuka International Racing Course,13,Alpine Racing F1 New Era 9fifty 2022 Team Hat,$54.99,$54.99,$0.00,28,+15,13,15
Apr 3 - 6,Lenovo Japanese GPSuzuka International Racing Course,14,Bburago,$9.99,$9.99,$0.00,28,+15,13,15
Apr 3 - 6,Lenovo Japanese GPSuzuka International Racing Course,15,Castore,$125.00,$29.99,+$95.01,28,+15,13,15
Apr 3 - 6,Lenovo Japanese GPSuzuka International Racing Course,16,Castore,$99.99,$125.00,-$25.01,28,+15,13,15
Apr 3 - 6,Lenovo Japanese GPSuzuka International Racing Course,17,Castore,$225.00,$99.99,+$125.01,28,+15,13,15
Apr 3 - 6,Lenovo Japanese GPSuzuka International Racing Course,18,Castore,$160.00,$225.00,-$65.00,28,+15,13,15
Apr 3 - 6,Lenovo Japanese GPSuzuka International Racing Course,19,BWT Alpine F1 Team A524 GP Collection Signature Diecast 1/43 | #10 Pierre Gasly,$19.21,$19.21,$0.00,28,+15,13,15
Apr 3 - 6,Lenovo Japanese GPSuzuka International Racing Course,20,Castore,$49.99,$160.00,-$110.01,28,+15,13,15
Apr 11 - 13,Gulf Air Bahrain GPBahrain International Circuit,1,LEGO,$21.99,$21.99,$0.00,21,-7,7,14
Apr 11 - 13,Gulf Air Bahrain GPBahrain International Circuit,2,Castore,$99.99,$49.99,+$50.00,21,-7,7,14
Apr 11 - 13,Gulf Air Bahrain GPBahrain International Circuit,3,Castore,$49.99,$99.99,-$50.00,21,-7,7,14
Apr 11 - 13,Gulf Air Bahrain GPBahrain International Circuit,4,Castore,$99.99,$49.99,+$50.00,21,-7,7,14
Apr 11 - 13,Gulf Air Bahrain GPBahrain International Circuit,5,Castore,$59.99,$99.99,-$40.00,21,-7,7,14
Apr 11 - 13,Gulf Air Bahrain GPBahrain International Circuit,6,Bburago,$9.99,$9.99,$0.00,21,-7,7,14
Apr 11 - 13,Gulf Air Bahrain GPBahrain International Circuit,7,Castore,$55.51,$59.99,-$4.48,21,-7,7,14
Apr 11 - 13,Gulf Air Bahrain GPBahrain International Circuit,8,CaDA,$22.59,$22.59,$0.00,21,-7,7,14
Apr 11 - 13,Gulf Air Bahrain GPBahrain International Circuit,9,Castore,$79.99,$55.51,+$24.48,21,-7,7,14
Apr 11 - 13,Gulf Air Bahrain GPBahrain International Circuit,10,Castore,$59.99,$79.99,-$20.00,21,-7,7,14
Apr 11 - 13,Gulf Air Bahrain GPBahrain International Circuit,11,1/43 2025 BWT Alpine F1 Team A525 10# Pierre Gasly F1 43# Franco Colapinto Alloy Car Die Cast Car Model Collection Gift (1/43 A525 10#),$17.58,$17.58,$0.00,21,-7,7,14
Apr 11 - 13,Gulf Air Bahrain GPBahrain International Circuit,12,Castore,$29.99,$59.99,-$30.00,21,-7,7,14
Apr 11 - 13,Gulf Air Bahrain GPBahrain International Circuit,13,Alpine Racing F1 New Era 9fifty 2022 Team Hat,$54.99,$54.99,$0.00,21,-7,7,14
Apr 11 - 13,Gulf Air Bahrain GPBahrain International Circuit,14,Bburago,$9.99,$9.99,$0.00,21,-7,7,14
Apr 11 - 13,Gulf Air Bahrain GPBahrain International Circuit,15,Castore,$125.00,$29.99,+$95.01,21,-7,7,14
Apr 11 - 13,Gulf Air Bahrain GPBahrain International Circuit,16,Castore,$99.99,$125.00,-$25.01,21,-7,7,14
Apr 11 - 13,Gulf Air Bahrain GPBahrain International Circuit,17,Castore,$225.00,$99.99,+$125.01,21,-7,7,14
Apr 11 - 13,Gulf Air Bahrain GPBahrain International Circuit,18,Castore,$160.00,$225.00,-$65.00,21,-7,7,14
Apr 11 - 13,Gulf Air Bahrain GPBahrain International Circuit,19,BWT Alpine F1 Team A524 GP Collection Signature Diecast 1/43 | #10 Pierre Gasly,$19.21,$19.21,$0.00,21,-7,7,14
Apr 11 - 13,Gulf Air Bahrain GPBahrain International Circuit,20,Castore,$49.99,$160.00,-$110.01,21,-7,7,14
Apr 18 - 20,STC Saudi Arabian GPJeddah Street Circuit,1,LEGO,$21.99,$21.99,$0.00,17,-4,Ret,17
Apr 18 - 20,STC Saudi Arabian GPJeddah Street Circuit,2,Castore,$99.99,$49.99,+$50.00,17,-4,Ret,17
Apr 18 - 20,STC Saudi Arabian GPJeddah Street Circuit,3,Castore,$49.99,$99.99,-$50.00,17,-4,Ret,17
Apr 18 - 20,STC Saudi Arabian GPJeddah Street Circuit,4,Castore,$99.99,$49.99,+$50.00,17,-4,Ret,17
Apr 18 - 20,STC Saudi Arabian GPJeddah Street Circuit,5,Castore,$59.99,$99.99,-$40.00,17,-4,Ret,17
Apr 18 - 20,STC Saudi Arabian GPJeddah Street Circuit,6,Bburago,$9.99,$9.99,$0.00,17,-4,Ret,17
Apr 18 - 20,STC Saudi Arabian GPJeddah Street Circuit,7,Castore,$55.51,$59.99,-$4.48,17,-4,Ret,17
Apr 18 - 20,STC Saudi Arabian GPJeddah Street Circuit,8,CaDA,$22.59,$22.59,$0.00,17,-4,Ret,17
Apr 18 - 20,STC Saudi Arabian GPJeddah Street Circuit,9,Castore,$79.99,$55.51,+$24.48,17,-4,Ret,17
Apr 18 - 20,STC Saudi Arabian GPJeddah Street Circuit,10,Castore,$59.99,$79.99,-$20.00,17,-4,Ret,17
Apr 18 - 20,STC Saudi Arabian GPJeddah Street Circuit,11,1/43 2025 BWT Alpine F1 Team A525 10# Pierre Gasly F1 43# Franco Colapinto Alloy Car Die Cast Car Model Collection Gift (1/43 A525 10#),$17.58,$17.58,$0.00,17,-4,Ret,17
Apr 18 - 20,STC Saudi Arabian GPJeddah Street Circuit,12,Castore,$29.99,$59.99,-$30.00,17,-4,Ret,17
Apr 18 - 20,STC Saudi Arabian GPJeddah Street Circuit,13,Alpine Racing F1 New Era 9fifty 2022 Team Hat,$54.99,$54.99,$0.00,17,-4,Ret,17
Apr 18 - 20,STC Saudi Arabian GPJeddah Street Circuit,14,Bburago,$9.99,$9.99,$0.00,17,-4,Ret,17
Apr 18 - 20,STC Saudi Arabian GPJeddah Street Circuit,15,Castore,$125.00,$29.99,+$95.01,17,-4,Ret,17
Apr 18 - 20,STC Saudi Arabian GPJeddah Street Circuit,16,Castore,$99.99,$125.00,-$25.01,17,-4,Ret,17
Apr 18 - 20,STC Saudi Arabian GPJeddah Street Circuit,17,Castore,$225.00,$99.99,+$125.01,17,-4,Ret,17
Apr 18 - 20,STC Saudi Arabian GPJeddah Street Circuit,18,Castore,$160.00,$225.00,-$65.00,17,-4,Ret,17
Apr 18 - 20,STC Saudi Arabian GPJeddah Street Circuit,19,BWT Alpine F1 Team A524 GP Collection Signature Diecast 1/43 | #10 Pierre Gasly,$19.21,$19.21,$0.00,17,-4,Ret,17
Apr 18 - 20,STC Saudi Arabian GPJeddah Street Circuit,20,Castore,$49.99,$160.00,-$110.01,17,-4,Ret,17
May 2 - 4,Crypto.com Miami GPMiami International Autodrome,1,LEGO,$21.99,$21.99,$0.00,13,-4,13,Ret
May 2 - 4,Crypto.com Miami GPMiami International Autodrome,2,Castore,$99.99,$49.99,+$50.00,13,-4,13,Ret
May 2 - 4,Crypto.com Miami GPMiami International Autodrome,3,Castore,$49.99,$99.99,-$50.00,13,-4,13,Ret
May 2 - 4,Crypto.com Miami GPMiami International Autodrome,4,Castore,$99.99,$49.99,+$50.00,13,-4,13,Ret
May 2 - 4,Crypto.com Miami GPMiami International Autodrome,5,Castore,$59.99,$99.99,-$40.00,13,-4,13,Ret
May 2 - 4,Crypto.com Miami GPMiami International Autodrome,6,Bburago,$9.99,$9.99,$0.00,13,-4,13,Ret
May 2 - 4,Crypto.com Miami GPMiami International Autodrome,7,Castore,$55.51,$59.99,-$4.48,13,-4,13,Ret
May 2 - 4,Crypto.com Miami GPMiami International Autodrome,8,CaDA,$22.59,$22.59,$0.00,13,-4,13,Ret
May 2 - 4,Crypto.com Miami GPMiami International Autodrome,9,Castore,$79.99,$55.51,+$24.48,13,-4,13,Ret
May 2 - 4,Crypto.com Miami GPMiami International Autodrome,10,Castore,$59.99,$79.99,-$20.00,13,-4,13,Ret
May 2 - 4,Crypto.com Miami GPMiami International Autodrome,11,1/43 2025 BWT Alpine F1 Team A525 10# Pierre Gasly F1 43# Franco Colapinto Alloy Car Die Cast Car Model Collection Gift (1/43 A525 10#),$17.58,$17.58,$0.00,13,-4,13,Ret
May 2 - 4,Crypto.com Miami GPMiami International Autodrome,12,Castore,$29.99,$59.99,-$30.00,13,-4,13,Ret
May 2 - 4,Crypto.com Miami GPMiami International Autodrome,13,Alpine Racing F1 New Era 9fifty 2022 Team Hat,$54.99,$54.99,$0.00,13,-4,13,Ret
May 2 - 4,Crypto.com Miami GPMiami International Autodrome,14,Bburago,$9.99,$9.99,$0.00,13,-4,13,Ret
May 2 - 4,Crypto.com Miami GPMiami International Autodrome,15,Castore,$125.00,$29.99,+$95.01,13,-4,13,Ret
May 2 - 4,Crypto.com Miami GPMiami International Autodrome,16,Castore,$99.99,$125.00,-$25.01,13,-4,13,Ret
May 2 - 4,Crypto.com Miami GPMiami International Autodrome,17,Castore,$225.00,$99.99,+$125.01,13,-4,13,Ret
May 2 - 4,Crypto.com Miami GPMiami International Autodrome,18,Castore,$160.00,$225.00,-$65.00,13,-4,13,Ret
May 2 - 4,Crypto.com Miami GPMiami International Autodrome,19,BWT Alpine F1 Team A524 GP Collection Signature Diecast 1/43 | #10 Pierre Gasly,$19.21,$19.21,$0.00,13,-4,13,Ret
May 2 - 4,Crypto.com Miami GPMiami International Autodrome,20,Castore,$49.99,$160.00,-$110.01,13,-4,13,Ret
May 16 - 18,AWS Made in Italy Emilia Romagna GPAutodromo Enzo e Dino Ferrari,1,LEGO,$21.99,$21.99,$0.00,13,0,13,N/A
May 16 - 18,AWS Made in Italy Emilia Romagna GPAutodromo Enzo e Dino Ferrari,2,Castore,$99.99,$49.99,+$50.00,13,0,13,N/A
May 16 - 18,AWS Made in Italy Emilia Romagna GPAutodromo Enzo e Dino Ferrari,3,Castore,$49.99,$99.99,-$50.00,13,0,13,N/A
May 16 - 18,AWS Made in Italy Emilia Romagna GPAutodromo Enzo e Dino Ferrari,4,Castore,$99.99,$49.99,+$50.00,13,0,13,N/A
May 16 - 18,AWS Made in Italy Emilia Romagna GPAutodromo Enzo e Dino Ferrari,5,Castore,$59.99,$99.99,-$40.00,13,0,13,N/A
May 16 - 18,AWS Made in Italy Emilia Romagna GPAutodromo Enzo e Dino Ferrari,6,Bburago,$9.99,$9.99,$0.00,13,0,13,N/A
May 16 - 18,AWS Made in Italy Emilia Romagna GPAutodromo Enzo e Dino Ferrari,7,Castore,$55.51,$59.99,-$4.48,13,0,13,N/A
May 16 - 18,AWS Made in Italy Emilia Romagna GPAutodromo Enzo e Dino Ferrari,8,CaDA,$22.59,$22.59,$0.00,13,0,13,N/A
May 16 - 18,AWS Made in Italy Emilia Romagna GPAutodromo Enzo e Dino Ferrari,9,Castore,$79.99,$55.51,+$24.48,13,0,13,N/A
May 16 - 18,AWS Made in Italy Emilia Romagna GPAutodromo Enzo e Dino Ferrari,10,Castore,$59.99,$79.99,-$20.00,13,0,13,N/A
May 16 - 18,AWS Made in Italy Emilia Romagna GPAutodromo Enzo e Dino Ferrari,11,1/43 2025 BWT Alpine F1 Team A525 10# Pierre Gasly F1 43# Franco Colapinto Alloy Car Die Cast Car Model Collection Gift (1/43 A525 10#),$17.58,$17.58,$0.00,13,0,13,N/A
May 16 - 18,AWS Made in Italy Emilia Romagna GPAutodromo Enzo e Dino Ferrari,12,Castore,$29.99,$59.99,-$30.00,13,0,13,N/A
May 16 - 18,AWS Made in Italy Emilia Romagna GPAutodromo Enzo e Dino Ferrari,13,Alpine Racing F1 New Era 9fifty 2022 Team Hat,$54.99,$54.99,$0.00,13,0,13,N/A
May 16 - 18,AWS Made in Italy Emilia Romagna GPAutodromo Enzo e Dino Ferrari,14,Bburago,$9.99,$9.99,$0.00,13,0,13,N/A
May 16 - 18,AWS Made in Italy Emilia Romagna GPAutodromo Enzo e Dino Ferrari,15,Castore,$125.00,$29.99,+$95.01,13,0,13,N/A
May 16 - 18,AWS Made in Italy Emilia Romagna GPAutodromo Enzo e Dino Ferrari,16,Castore,$99.99,$125.00,-$25.01,13,0,13,N/A
May 16 - 18,AWS Made in Italy Emilia Romagna GPAutodromo Enzo e Dino Ferrari,17,Castore,$225.00,$99.99,+$125.01,13,0,13,N/A
May 16 - 18,AWS Made in Italy Emilia Romagna GPAutodromo Enzo e Dino Ferrari,18,Castore,$160.00,$225.00,-$65.00,13,0,13,N/A
May 16 - 18,AWS Made in Italy Emilia Romagna GPAutodromo Enzo e Dino Ferrari,19,BWT Alpine F1 Team A524 GP Collection Signature Diecast 1/43 | #10 Pierre Gasly,$19.21,$19.21,$0.00,13,0,13,N/A
May 16 - 18,AWS Made in Italy Emilia Romagna GPAutodromo Enzo e Dino Ferrari,20,Castore,$49.99,$160.00,-$110.01,13,0,13,N/A
May 23 - 25,Tag Heuer Monaco GPCircuit de Monaco,1,LEGO,$21.99,$21.99,$0.00,N/A,N/A,Ret,N/A
May 23 - 25,Tag Heuer Monaco GPCircuit de Monaco,2,Castore,$99.99,$49.99,+$50.00,N/A,N/A,Ret,N/A
May 23 - 25,Tag Heuer Monaco GPCircuit de Monaco,3,Castore,$49.99,$99.99,-$50.00,N/A,N/A,Ret,N/A
May 23 - 25,Tag Heuer Monaco GPCircuit de Monaco,4,Castore,$99.99,$49.99,+$50.00,N/A,N/A,Ret,N/A
May 23 - 25,Tag Heuer Monaco GPCircuit de Monaco,5,Castore,$59.99,$99.99,-$40.00,N/A,N/A,Ret,N/A
May 23 - 25,Tag Heuer Monaco GPCircuit de Monaco,6,Bburago,$9.99,$9.99,$0.00,N/A,N/A,Ret,N/A
May 23 - 25,Tag Heuer Monaco GPCircuit de Monaco,7,Castore,$55.51,$59.99,-$4.48,N/A,N/A,Ret,N/A
May 23 - 25,Tag Heuer Monaco GPCircuit de Monaco,8,CaDA,$22.59,$22.59,$0.00,N/A,N/A,Ret,N/A
May 23 - 25,Tag Heuer Monaco GPCircuit de Monaco,9,Castore,$79.99,$55.51,+$24.48,N/A,N/A,Ret,N/A
May 23 - 25,Tag Heuer Monaco GPCircuit de Monaco,10,Castore,$59.99,$79.99,-$20.00,N/A,N/A,Ret,N/A
May 23 - 25,Tag Heuer Monaco GPCircuit de Monaco,11,1/43 2025 BWT Alpine F1 Team A525 10# Pierre Gasly F1 43# Franco Colapinto Alloy Car Die Cast Car Model Collection Gift (1/43 A525 10#),$17.58,$17.58,$0.00,N/A,N/A,Ret,N/A
May 23 - 25,Tag Heuer Monaco GPCircuit de Monaco,12,Castore,$29.99,$59.99,-$30.00,N/A,N/A,Ret,N/A
May 23 - 25,Tag Heuer Monaco GPCircuit de Monaco,13,Alpine Racing F1 New Era 9fifty 2022 Team Hat,$54.99,$54.99,$0.00,N/A,N/A,Ret,N/A
May 23 - 25,Tag Heuer Monaco GPCircuit de Monaco,14,Bburago,$9.99,$9.99,$0.00,N/A,N/A,Ret,N/A
May 23 - 25,Tag Heuer Monaco GPCircuit de Monaco,15,Castore,$125.00,$29.99,+$95.01,N/A,N/A,Ret,N/A
May 23 - 25,Tag Heuer Monaco GPCircuit de Monaco,16,Castore,$99.99,$125.00,-$25.01,N/A,N/A,Ret,N/A
May 23 - 25,Tag Heuer Monaco GPCircuit de Monaco,17,Castore,$225.00,$99.99,+$125.01,N/A,N/A,Ret,N/A
May 23 - 25,Tag Heuer Monaco GPCircuit de Monaco,18,Castore,$160.00,$225.00,-$65.00,N/A,N/A,Ret,N/A
May 23 - 25,Tag Heuer Monaco GPCircuit de Monaco,19,BWT Alpine F1 Team A524 GP Collection Signature Diecast 1/43 | #10 Pierre Gasly,$19.21,$19.21,$0.00,N/A,N/A,Ret,N/A
May 23 - 25,Tag Heuer Monaco GPCircuit de Monaco,20,Castore,$49.99,$160.00,-$110.01,N/A,N/A,Ret,N/A
May 30 - Jun 1,Aramco Spanish GPMadring,1,LEGO,$21.99,$21.99,$0.00,8,-5,8,N/A
May 30 - Jun 1,Aramco Spanish GPMadring,2,Castore,$99.99,$49.99,+$50.00,8,-5,8,N/A
May 30 - Jun 1,Aramco Spanish GPMadring,3,Castore,$49.99,$99.99,-$50.00,8,-5,8,N/A
May 30 - Jun 1,Aramco Spanish GPMadring,4,Castore,$99.99,$49.99,+$50.00,8,-5,8,N/A
May 30 - Jun 1,Aramco Spanish GPMadring,5,Castore,$59.99,$99.99,-$40.00,8,-5,8,N/A
May 30 - Jun 1,Aramco Spanish GPMadring,6,Bburago,$9.99,$9.99,$0.00,8,-5,8,N/A
May 30 - Jun 1,Aramco Spanish GPMadring,7,Castore,$55.51,$59.99,-$4.48,8,-5,8,N/A
May 30 - Jun 1,Aramco Spanish GPMadring,8,CaDA,$22.59,$22.59,$0.00,8,-5,8,N/A
May 30 - Jun 1,Aramco Spanish GPMadring,9,Castore,$79.99,$55.51,+$24.48,8,-5,8,N/A
May 30 - Jun 1,Aramco Spanish GPMadring,10,Castore,$59.99,$79.99,-$20.00,8,-5,8,N/A
May 30 - Jun 1,Aramco Spanish GPMadring,11,1/43 2025 BWT Alpine F1 Team A525 10# Pierre Gasly F1 43# Franco Colapinto Alloy Car Die Cast Car Model Collection Gift (1/43 A525 10#),$17.58,$17.58,$0.00,8,-5,8,N/A
May 30 - Jun 1,Aramco Spanish GPMadring,12,Castore,$29.99,$59.99,-$30.00,8,-5,8,N/A
May 30 - Jun 1,Aramco Spanish GPMadring,13,Alpine Racing F1 New Era 9fifty 2022 Team Hat,$54.99,$54.99,$0.00,8,-5,8,N/A
May 30 - Jun 1,Aramco Spanish GPMadring,14,Bburago,$9.99,$9.99,$0.00,8,-5,8,N/A
May 30 - Jun 1,Aramco Spanish GPMadring,15,Castore,$125.00,$29.99,+$95.01,8,-5,8,N/A
May 30 - Jun 1,Aramco Spanish GPMadring,16,Castore,$99.99,$125.00,-$25.01,8,-5,8,N/A
May 30 - Jun 1,Aramco Spanish GPMadring,17,Castore,$225.00,$99.99,+$125.01,8,-5,8,N/A
May 30 - Jun 1,Aramco Spanish GPMadring,18,Castore,$160.00,$225.00,-$65.00,8,-5,8,N/A
May 30 - Jun 1,Aramco Spanish GPMadring,19,BWT Alpine F1 Team A524 GP Collection Signature Diecast 1/43 | #10 Pierre Gasly,$19.21,$19.21,$0.00,8,-5,8,N/A
May 30 - Jun 1,Aramco Spanish GPMadring,20,Castore,$49.99,$160.00,-$110.01,8,-5,8,N/A
Jun 13 - 15,Pirelli Canadian GPCircuit Gilles-Villeneuve,1,LEGO,$21.99,$21.99,$0.00,15,+7,15,N/A
Jun 13 - 15,Pirelli Canadian GPCircuit Gilles-Villeneuve,2,Castore,$99.99,$49.99,+$50.00,15,+7,15,N/A
Jun 13 - 15,Pirelli Canadian GPCircuit Gilles-Villeneuve,3,Castore,$49.99,$99.99,-$50.00,15,+7,15,N/A
Jun 13 - 15,Pirelli Canadian GPCircuit Gilles-Villeneuve,4,Castore,$99.99,$49.99,+$50.00,15,+7,15,N/A
Jun 13 - 15,Pirelli Canadian GPCircuit Gilles-Villeneuve,5,Castore,$59.99,$99.99,-$40.00,15,+7,15,N/A
Jun 13 - 15,Pirelli Canadian GPCircuit Gilles-Villeneuve,6,Bburago,$9.99,$9.99,$0.00,15,+7,15,N/A
Jun 13 - 15,Pirelli Canadian GPCircuit Gilles-Villeneuve,7,Castore,$55.51,$59.99,-$4.48,15,+7,15,N/A
Jun 13 - 15,Pirelli Canadian GPCircuit Gilles-Villeneuve,8,CaDA,$22.59,$22.59,$0.00,15,+7,15,N/A
Jun 13 - 15,Pirelli Canadian GPCircuit Gilles-Villeneuve,9,Castore,$79.99,$55.51,+$24.48,15,+7,15,N/A
Jun 13 - 15,Pirelli Canadian GPCircuit Gilles-Villeneuve,10,Castore,$59.99,$79.99,-$20.00,15,+7,15,N/A
Jun 13 - 15,Pirelli Canadian GPCircuit Gilles-Villeneuve,11,1/43 2025 BWT Alpine F1 Team A525 10# Pierre Gasly F1 43# Franco Colapinto Alloy Car Die Cast Car Model Collection Gift (1/43 A525 10#),$17.58,$17.58,$0.00,15,+7,15,N/A
Jun 13 - 15,Pirelli Canadian GPCircuit Gilles-Villeneuve,12,Castore,$29.99,$59.99,-$30.00,15,+7,15,N/A
Jun 13 - 15,Pirelli Canadian GPCircuit Gilles-Villeneuve,13,Alpine Racing F1 New Era 9fifty 2022 Team Hat,$54.99,$54.99,$0.00,15,+7,15,N/A
Jun 13 - 15,Pirelli Canadian GPCircuit Gilles-Villeneuve,14,Bburago,$9.99,$9.99,$0.00,15,+7,15,N/A
Jun 13 - 15,Pirelli Canadian GPCircuit Gilles-Villeneuve,15,Castore,$125.00,$29.99,+$95.01,15,+7,15,N/A
Jun 13 - 15,Pirelli Canadian GPCircuit Gilles-Villeneuve,16,Castore,$99.99,$125.00,-$25.01,15,+7,15,N/A
Jun 13 - 15,Pirelli Canadian GPCircuit Gilles-Villeneuve,17,Castore,$225.00,$99.99,+$125.01,15,+7,15,N/A
Jun 13 - 15,Pirelli Canadian GPCircuit Gilles-Villeneuve,18,Castore,$160.00,$225.00,-$65.00,15,+7,15,N/A
Jun 13 - 15,Pirelli Canadian GPCircuit Gilles-Villeneuve,19,BWT Alpine F1 Team A524 GP Collection Signature Diecast 1/43 | #10 Pierre Gasly,$19.21,$19.21,$0.00,15,+7,15,N/A
Jun 13 - 15,Pirelli Canadian GPCircuit Gilles-Villeneuve,20,Castore,$49.99,$160.00,-$110.01,15,+7,15,N/A
Jun 27 - 29,MSC Cruises Austrian GPRed Bull Ring,1,LEGO,$21.99,$21.99,$0.00,13,-2,13,N/A
Jun 27 - 29,MSC Cruises Austrian GPRed Bull Ring,2,Castore,$99.99,$49.99,+$50.00,13,-2,13,N/A
Jun 27 - 29,MSC Cruises Austrian GPRed Bull Ring,3,Castore,$49.99,$99.99,-$50.00,13,-2,13,N/A
Jun 27 - 29,MSC Cruises Austrian GPRed Bull Ring,4,Castore,$99.99,$49.99,+$50.00,13,-2,13,N/A
Jun 27 - 29,MSC Cruises Austrian GPRed Bull Ring,5,Castore,$59.99,$99.99,-$40.00,13,-2,13,N/A
Jun 27 - 29,MSC Cruises Austrian GPRed Bull Ring,6,Bburago,$9.99,$9.99,$0.00,13,-2,13,N/A
Jun 27 - 29,MSC Cruises Austrian GPRed Bull Ring,7,Castore,$55.51,$59.99,-$4.48,13,-2,13,N/A
Jun 27 - 29,MSC Cruises Austrian GPRed Bull Ring,8,CaDA,$22.59,$22.59,$0.00,13,-2,13,N/A
Jun 27 - 29,MSC Cruises Austrian GPRed Bull Ring,9,Castore,$79.99,$55.51,+$24.48,13,-2,13,N/A
Jun 27 - 29,MSC Cruises Austrian GPRed Bull Ring,10,Castore,$59.99,$79.99,-$20.00,13,-2,13,N/A
Jun 27 - 29,MSC Cruises Austrian GPRed Bull Ring,11,1/43 2025 BWT Alpine F1 Team A525 10# Pierre Gasly F1 43# Franco Colapinto Alloy Car Die Cast Car Model Collection Gift (1/43 A525 10#),$17.58,$17.58,$0.00,13,-2,13,N/A
Jun 27 - 29,MSC Cruises Austrian GPRed Bull Ring,12,Castore,$29.99,$59.99,-$30.00,13,-2,13,N/A
Jun 27 - 29,MSC Cruises Austrian GPRed Bull Ring,13,Alpine Racing F1 New Era 9fifty 2022 Team Hat,$54.99,$54.99,$0.00,13,-2,13,N/A
Jun 27 - 29,MSC Cruises Austrian GPRed Bull Ring,14,Bburago,$9.99,$9.99,$0.00,13,-2,13,N/A
Jun 27 - 29,MSC Cruises Austrian GPRed Bull Ring,15,Castore,$125.00,$29.99,+$95.01,13,-2,13,N/A
Jun 27 - 29,MSC Cruises Austrian GPRed Bull Ring,16,Castore,$99.99,$125.00,-$25.01,13,-2,13,N/A
Jun 27 - 29,MSC Cruises Austrian GPRed Bull Ring,17,Castore,$225.00,$99.99,+$125.01,13,-2,13,N/A
Jun 27 - 29,MSC Cruises Austrian GPRed Bull Ring,18,Castore,$160.00,$225.00,-$65.00,13,-2,13,N/A
Jun 27 - 29,MSC Cruises Austrian GPRed Bull Ring,19,BWT Alpine F1 Team A524 GP Collection Signature Diecast 1/43 | #10 Pierre Gasly,$19.21,$19.21,$0.00,13,-2,13,N/A
Jun 27 - 29,MSC Cruises Austrian GPRed Bull Ring,20,Castore,$49.99,$160.00,-$110.01,13,-2,13,N/A
Jul 4 - 6,Qatar Airways British GPSilverstone Circuit,1,LEGO,$21.99,$21.99,$0.00,6,-7,6,N/A
Jul 4 - 6,Qatar Airways British GPSilverstone Circuit,2,Castore,$99.99,$49.99,+$50.00,6,-7,6,N/A
Jul 4 - 6,Qatar Airways British GPSilverstone Circuit,3,Castore,$49.99,$99.99,-$50.00,6,-7,6,N/A
Jul 4 - 6,Qatar Airways British GPSilverstone Circuit,4,Castore,$99.99,$49.99,+$50.00,6,-7,6,N/A
Jul 4 - 6,Qatar Airways British GPSilverstone Circuit,5,Castore,$59.99,$99.99,-$40.00,6,-7,6,N/A
Jul 4 - 6,Qatar Airways British GPSilverstone Circuit,6,Bburago,$9.99,$9.99,$0.00,6,-7,6,N/A
Jul 4 - 6,Qatar Airways British GPSilverstone Circuit,7,Castore,$55.51,$59.99,-$4.48,6,-7,6,N/A
Jul 4 - 6,Qatar Airways British GPSilverstone Circuit,8,CaDA,$22.59,$22.59,$0.00,6,-7,6,N/A
Jul 4 - 6,Qatar Airways British GPSilverstone Circuit,9,Castore,$79.99,$55.51,+$24.48,6,-7,6,N/A
Jul 4 - 6,Qatar Airways British GPSilverstone Circuit,10,Castore,$59.99,$79.99,-$20.00,6,-7,6,N/A
Jul 4 - 6,Qatar Airways British GPSilverstone Circuit,11,1/43 2025 BWT Alpine F1 Team A525 10# Pierre Gasly F1 43# Franco Colapinto Alloy Car Die Cast Car Model Collection Gift (1/43 A525 10#),$17.58,$17.58,$0.00,6,-7,6,N/A
Jul 4 - 6,Qatar Airways British GPSilverstone Circuit,12,Castore,$29.99,$59.99,-$30.00,6,-7,6,N/A
Jul 4 - 6,Qatar Airways British GPSilverstone Circuit,13,Alpine Racing F1 New Era 9fifty 2022 Team Hat,$54.99,$54.99,$0.00,6,-7,6,N/A
Jul 4 - 6,Qatar Airways British GPSilverstone Circuit,14,Bburago,$9.99,$9.99,$0.00,6,-7,6,N/A
Jul 4 - 6,Qatar Airways British GPSilverstone Circuit,15,Castore,$125.00,$29.99,+$95.01,6,-7,6,N/A
Jul 4 - 6,Qatar Airways British GPSilverstone Circuit,16,Castore,$99.99,$125.00,-$25.01,6,-7,6,N/A
Jul 4 - 6,Qatar Airways British GPSilverstone Circuit,17,Castore,$225.00,$99.99,+$125.01,6,-7,6,N/A
Jul 4 - 6,Qatar Airways British GPSilverstone Circuit,18,Castore,$160.00,$225.00,-$65.00,6,-7,6,N/A
Jul 4 - 6,Qatar Airways British GPSilverstone Circuit,19,BWT Alpine F1 Team A524 GP Collection Signature Diecast 1/43 | #10 Pierre Gasly,$19.21,$19.21,$0.00,6,-7,6,N/A
Jul 4 - 6,Qatar Airways British GPSilverstone Circuit,20,Castore,$49.99,$160.00,-$110.01,6,-7,6,N/A
Jul 25 - 27,Moët & Chandon Belgian GPCircuit de Spa-Francorchamps,1,LEGO,$21.99,$21.99,$0.00,10,+4,10,N/A
Jul 25 - 27,Moët & Chandon Belgian GPCircuit de Spa-Francorchamps,2,Castore,$99.99,$49.99,+$50.00,10,+4,10,N/A
Jul 25 - 27,Moët & Chandon Belgian GPCircuit de Spa-Francorchamps,3,Castore,$49.99,$99.99,-$50.00,10,+4,10,N/A
Jul 25 - 27,Moët & Chandon Belgian GPCircuit de Spa-Francorchamps,4,Castore,$99.99,$49.99,+$50.00,10,+4,10,N/A
Jul 25 - 27,Moët & Chandon Belgian GPCircuit de Spa-Francorchamps,5,Castore,$59.99,$99.99,-$40.00,10,+4,10,N/A
Jul 25 - 27,Moët & Chandon Belgian GPCircuit de Spa-Francorchamps,6,Bburago,$9.99,$9.99,$0.00,10,+4,10,N/A
Jul 25 - 27,Moët & Chandon Belgian GPCircuit de Spa-Francorchamps,7,Castore,$55.51,$59.99,-$4.48,10,+4,10,N/A
Jul 25 - 27,Moët & Chandon Belgian GPCircuit de Spa-Francorchamps,8,CaDA,$22.59,$22.59,$0.00,10,+4,10,N/A
Jul 25 - 27,Moët & Chandon Belgian GPCircuit de Spa-Francorchamps,9,Castore,$79.99,$55.51,+$24.48,10,+4,10,N/A
Jul 25 - 27,Moët & Chandon Belgian GPCircuit de Spa-Francorchamps,10,Castore,$59.99,$79.99,-$20.00,10,+4,10,N/A
Jul 25 - 27,Moët & Chandon Belgian GPCircuit de Spa-Francorchamps,11,1/43 2025 BWT Alpine F1 Team A525 10# Pierre Gasly F1 43# Franco Colapinto Alloy Car Die Cast Car Model Collection Gift (1/43 A525 10#),$17.58,$17.58,$0.00,10,+4,10,N/A
Jul 25 - 27,Moët & Chandon Belgian GPCircuit de Spa-Francorchamps,12,Castore,$29.99,$59.99,-$30.00,10,+4,10,N/A
Jul 25 - 27,Moët & Chandon Belgian GPCircuit de Spa-Francorchamps,13,Alpine Racing F1 New Era 9fifty 2022 Team Hat,$54.99,$54.99,$0.00,10,+4,10,N/A
Jul 25 - 27,Moët & Chandon Belgian GPCircuit de Spa-Francorchamps,14,Bburago,$9.99,$9.99,$0.00,10,+4,10,N/A
Jul 25 - 27,Moët & Chandon Belgian GPCircuit de Spa-Francorchamps,15,Castore,$125.00,$29.99,+$95.01,10,+4,10,N/A
Jul 25 - 27,Moët & Chandon Belgian GPCircuit de Spa-Francorchamps,16,Castore,$99.99,$125.00,-$25.01,10,+4,10,N/A
Jul 25 - 27,Moët & Chandon Belgian GPCircuit de Spa-Francorchamps,17,Castore,$225.00,$99.99,+$125.01,10,+4,10,N/A
Jul 25 - 27,Moët & Chandon Belgian GPCircuit de Spa-Francorchamps,18,Castore,$160.00,$225.00,-$65.00,10,+4,10,N/A
Jul 25 - 27,Moët & Chandon Belgian GPCircuit de Spa-Francorchamps,19,BWT Alpine F1 Team A524 GP Collection Signature Diecast 1/43 | #10 Pierre Gasly,$19.21,$19.21,$0.00,10,+4,10,N/A
Jul 25 - 27,Moët & Chandon Belgian GPCircuit de Spa-Francorchamps,20,Castore,$49.99,$160.00,-$110.01,10,+4,10,N/A
Aug 1 - 3,Lenovo Hungarian GPHungaroring,1,LEGO,$21.99,$21.99,$0.00,19,+9,19,N/A
Aug 1 - 3,Lenovo Hungarian GPHungaroring,2,Castore,$99.99,$49.99,+$50.00,19,+9,19,N/A
Aug 1 - 3,Lenovo Hungarian GPHungaroring,3,Castore,$49.99,$99.99,-$50.00,19,+9,19,N/A
Aug 1 - 3,Lenovo Hungarian GPHungaroring,4,Castore,$99.99,$49.99,+$50.00,19,+9,19,N/A
Aug 1 - 3,Lenovo Hungarian GPHungaroring,5,Castore,$59.99,$99.99,-$40.00,19,+9,19,N/A
Aug 1 - 3,Lenovo Hungarian GPHungaroring,6,Bburago,$9.99,$9.99,$0.00,19,+9,19,N/A
Aug 1 - 3,Lenovo Hungarian GPHungaroring,7,Castore,$55.51,$59.99,-$4.48,19,+9,19,N/A
Aug 1 - 3,Lenovo Hungarian GPHungaroring,8,CaDA,$22.59,$22.59,$0.00,19,+9,19,N/A
Aug 1 - 3,Lenovo Hungarian GPHungaroring,9,Castore,$79.99,$55.51,+$24.48,19,+9,19,N/A
Aug 1 - 3,Lenovo Hungarian GPHungaroring,10,Castore,$59.99,$79.99,-$20.00,19,+9,19,N/A
Aug 1 - 3,Lenovo Hungarian GPHungaroring,11,1/43 2025 BWT Alpine F1 Team A525 10# Pierre Gasly F1 43# Franco Colapinto Alloy Car Die Cast Car Model Collection Gift (1/43 A525 10#),$17.58,$17.58,$0.00,19,+9,19,N/A
Aug 1 - 3,Lenovo Hungarian GPHungaroring,12,Castore,$29.99,$59.99,-$30.00,19,+9,19,N/A
Aug 1 - 3,Lenovo Hungarian GPHungaroring,13,Alpine Racing F1 New Era 9fifty 2022 Team Hat,$54.99,$54.99,$0.00,19,+9,19,N/A
Aug 1 - 3,Lenovo Hungarian GPHungaroring,14,Bburago,$9.99,$9.99,$0.00,19,+9,19,N/A
Aug 1 - 3,Lenovo Hungarian GPHungaroring,15,Castore,$125.00,$29.99,+$95.01,19,+9,19,N/A
Aug 1 - 3,Lenovo Hungarian GPHungaroring,16,Castore,$99.99,$125.00,-$25.01,19,+9,19,N/A
Aug 1 - 3,Lenovo Hungarian GPHungaroring,17,Castore,$225.00,$99.99,+$125.01,19,+9,19,N/A
Aug 1 - 3,Lenovo Hungarian GPHungaroring,18,Castore,$160.00,$225.00,-$65.00,19,+9,19,N/A
Aug 1 - 3,Lenovo Hungarian GPHungaroring,19,BWT Alpine F1 Team A524 GP Collection Signature Diecast 1/43 | #10 Pierre Gasly,$19.21,$19.21,$0.00,19,+9,19,N/A
Aug 1 - 3,Lenovo Hungarian GPHungaroring,20,Castore,$49.99,$160.00,-$110.01,19,+9,19,N/A
Aug 29 - 31,Heineken Dutch GPCircuit Park Zandvoort,1,LEGO,$21.99,$21.99,$0.00,17,-2,17,N/A
Aug 29 - 31,Heineken Dutch GPCircuit Park Zandvoort,2,Castore,$99.99,$49.99,+$50.00,17,-2,17,N/A
Aug 29 - 31,Heineken Dutch GPCircuit Park Zandvoort,3,Castore,$49.99,$99.99,-$50.00,17,-2,17,N/A
Aug 29 - 31,Heineken Dutch GPCircuit Park Zandvoort,4,Castore,$99.99,$49.99,+$50.00,17,-2,17,N/A
Aug 29 - 31,Heineken Dutch GPCircuit Park Zandvoort,5,Castore,$59.99,$99.99,-$40.00,17,-2,17,N/A
Aug 29 - 31,Heineken Dutch GPCircuit Park Zandvoort,6,Bburago,$9.99,$9.99,$0.00,17,-2,17,N/A
Aug 29 - 31,Heineken Dutch GPCircuit Park Zandvoort,7,Castore,$55.51,$59.99,-$4.48,17,-2,17,N/A
Aug 29 - 31,Heineken Dutch GPCircuit Park Zandvoort,8,CaDA,$22.59,$22.59,$0.00,17,-2,17,N/A
Aug 29 - 31,Heineken Dutch GPCircuit Park Zandvoort,9,Castore,$79.99,$55.51,+$24.48,17,-2,17,N/A
Aug 29 - 31,Heineken Dutch GPCircuit Park Zandvoort,10,Castore,$59.99,$79.99,-$20.00,17,-2,17,N/A
Aug 29 - 31,Heineken Dutch GPCircuit Park Zandvoort,11,1/43 2025 BWT Alpine F1 Team A525 10# Pierre Gasly F1 43# Franco Colapinto Alloy Car Die Cast Car Model Collection Gift (1/43 A525 10#),$17.58,$17.58,$0.00,17,-2,17,N/A
Aug 29 - 31,Heineken Dutch GPCircuit Park Zandvoort,12,Castore,$29.99,$59.99,-$30.00,17,-2,17,N/A
Aug 29 - 31,Heineken Dutch GPCircuit Park Zandvoort,13,Alpine Racing F1 New Era 9fifty 2022 Team Hat,$54.99,$54.99,$0.00,17,-2,17,N/A
Aug 29 - 31,Heineken Dutch GPCircuit Park Zandvoort,14,Bburago,$9.99,$9.99,$0.00,17,-2,17,N/A
Aug 29 - 31,Heineken Dutch GPCircuit Park Zandvoort,15,Castore,$125.00,$29.99,+$95.01,17,-2,17,N/A
Aug 29 - 31,Heineken Dutch GPCircuit Park Zandvoort,16,Castore,$99.99,$125.00,-$25.01,17,-2,17,N/A
Aug 29 - 31,Heineken Dutch GPCircuit Park Zandvoort,17,Castore,$225.00,$99.99,+$125.01,17,-2,17,N/A
Aug 29 - 31,Heineken Dutch GPCircuit Park Zandvoort,18,Castore,$160.00,$225.00,-$65.00,17,-2,17,N/A
Aug 29 - 31,Heineken Dutch GPCircuit Park Zandvoort,19,BWT Alpine F1 Team A524 GP Collection Signature Diecast 1/43 | #10 Pierre Gasly,$19.21,$19.21,$0.00,17,-2,17,N/A
Aug 29 - 31,Heineken Dutch GPCircuit Park Zandvoort,20,Castore,$49.99,$160.00,-$110.01,17,-2,17,N/A
Sep 5 - 7,Pirelli Italian GPAutodromo Nazionale Monza,1,LEGO,$21.99,$21.99,$0.00,16,-1,16,N/A
Sep 5 - 7,Pirelli Italian GPAutodromo Nazionale Monza,2,Castore,$99.99,$49.99,+$50.00,16,-1,16,N/A
Sep 5 - 7,Pirelli Italian GPAutodromo Nazionale Monza,3,Castore,$49.99,$99.99,-$50.00,16,-1,16,N/A
Sep 5 - 7,Pirelli Italian GPAutodromo Nazionale Monza,4,Castore,$99.99,$49.99,+$50.00,16,-1,16,N/A
Sep 5 - 7,Pirelli Italian GPAutodromo Nazionale Monza,5,Castore,$59.99,$99.99,-$40.00,16,-1,16,N/A
Sep 5 - 7,Pirelli Italian GPAutodromo Nazionale Monza,6,Bburago,$9.99,$9.99,$0.00,16,-1,16,N/A
Sep 5 - 7,Pirelli Italian GPAutodromo Nazionale Monza,7,Castore,$55.51,$59.99,-$4.48,16,-1,16,N/A
Sep 5 - 7,Pirelli Italian GPAutodromo Nazionale Monza,8,CaDA,$22.59,$22.59,$0.00,16,-1,16,N/A
Sep 5 - 7,Pirelli Italian GPAutodromo Nazionale Monza,9,Castore,$79.99,$55.51,+$24.48,16,-1,16,N/A
Sep 5 - 7,Pirelli Italian GPAutodromo Nazionale Monza,10,Castore,$59.99,$79.99,-$20.00,16,-1,16,N/A
Sep 5 - 7,Pirelli Italian GPAutodromo Nazionale Monza,11,1/43 2025 BWT Alpine F1 Team A525 10# Pierre Gasly F1 43# Franco Colapinto Alloy Car Die Cast Car Model Collection Gift (1/43 A525 10#),$17.58,$17.58,$0.00,16,-1,16,N/A
Sep 5 - 7,Pirelli Italian GPAutodromo Nazionale Monza,12,Castore,$29.99,$59.99,-$30.00,16,-1,16,N/A
Sep 5 - 7,Pirelli Italian GPAutodromo Nazionale Monza,13,Alpine Racing F1 New Era 9fifty 2022 Team Hat,$54.99,$54.99,$0.00,16,-1,16,N/A
Sep 5 - 7,Pirelli Italian GPAutodromo Nazionale Monza,14,Bburago,$9.99,$9.99,$0.00,16,-1,16,N/A
Sep 5 - 7,Pirelli Italian GPAutodromo Nazionale Monza,15,Castore,$125.00,$29.99,+$95.01,16,-1,16,N/A
Sep 5 - 7,Pirelli Italian GPAutodromo Nazionale Monza,16,Castore,$99.99,$125.00,-$25.01,16,-1,16,N/A
Sep 5 - 7,Pirelli Italian GPAutodromo Nazionale Monza,17,Castore,$225.00,$99.99,+$125.01,16,-1,16,N/A
Sep 5 - 7,Pirelli Italian GPAutodromo Nazionale Monza,18,Castore,$160.00,$225.00,-$65.00,16,-1,16,N/A
Sep 5 - 7,Pirelli Italian GPAutodromo Nazionale Monza,19,BWT Alpine F1 Team A524 GP Collection Signature Diecast 1/43 | #10 Pierre Gasly,$19.21,$19.21,$0.00,16,-1,16,N/A
Sep 5 - 7,Pirelli Italian GPAutodromo Nazionale Monza,20,Castore,$49.99,$160.00,-$110.01,16,-1,16,N/A
Sep 19 - 21,Qatar Airways Azerbaijan GPBaku City Circuit,1,LEGO,$21.99,$21.99,$0.00,18,+2,18,N/A
Sep 19 - 21,Qatar Airways Azerbaijan GPBaku City Circuit,2,Castore,$99.99,$49.99,+$50.00,18,+2,18,N/A
Sep 19 - 21,Qatar Airways Azerbaijan GPBaku City Circuit,3,Castore,$49.99,$99.99,-$50.00,18,+2,18,N/A
Sep 19 - 21,Qatar Airways Azerbaijan GPBaku City Circuit,4,Castore,$99.99,$49.99,+$50.00,18,+2,18,N/A
Sep 19 - 21,Qatar Airways Azerbaijan GPBaku City Circuit,5,Castore,$59.99,$99.99,-$40.00,18,+2,18,N/A
Sep 19 - 21,Qatar Airways Azerbaijan GPBaku City Circuit,6,Bburago,$9.99,$9.99,$0.00,18,+2,18,N/A
Sep 19 - 21,Qatar Airways Azerbaijan GPBaku City Circuit,7,Castore,$55.51,$59.99,-$4.48,18,+2,18,N/A
Sep 19 - 21,Qatar Airways Azerbaijan GPBaku City Circuit,8,CaDA,$22.59,$22.59,$0.00,18,+2,18,N/A
Sep 19 - 21,Qatar Airways Azerbaijan GPBaku City Circuit,9,Castore,$79.99,$55.51,+$24.48,18,+2,18,N/A
Sep 19 - 21,Qatar Airways Azerbaijan GPBaku City Circuit,10,Castore,$59.99,$79.99,-$20.00,18,+2,18,N/A
Sep 19 - 21,Qatar Airways Azerbaijan GPBaku City Circuit,11,1/43 2025 BWT Alpine F1 Team A525 10# Pierre Gasly F1 43# Franco Colapinto Alloy Car Die Cast Car Model Collection Gift (1/43 A525 10#),$17.58,$17.58,$0.00,18,+2,18,N/A
Sep 19 - 21,Qatar Airways Azerbaijan GPBaku City Circuit,12,Castore,$29.99,$59.99,-$30.00,18,+2,18,N/A
Sep 19 - 21,Qatar Airways Azerbaijan GPBaku City Circuit,13,Alpine Racing F1 New Era 9fifty 2022 Team Hat,$54.99,$54.99,$0.00,18,+2,18,N/A
Sep 19 - 21,Qatar Airways Azerbaijan GPBaku City Circuit,14,Bburago,$9.99,$9.99,$0.00,18,+2,18,N/A
Sep 19 - 21,Qatar Airways Azerbaijan GPBaku City Circuit,15,Castore,$125.00,$29.99,+$95.01,18,+2,18,N/A
Sep 19 - 21,Qatar Airways Azerbaijan GPBaku City Circuit,16,Castore,$99.99,$125.00,-$25.01,18,+2,18,N/A
Sep 19 - 21,Qatar Airways Azerbaijan GPBaku City Circuit,17,Castore,$225.00,$99.99,+$125.01,18,+2,18,N/A
Sep 19 - 21,Qatar Airways Azerbaijan GPBaku City Circuit,18,Castore,$160.00,$225.00,-$65.00,18,+2,18,N/A
Sep 19 - 21,Qatar Airways Azerbaijan GPBaku City Circuit,19,BWT Alpine F1 Team A524 GP Collection Signature Diecast 1/43 | #10 Pierre Gasly,$19.21,$19.21,$0.00,18,+2,18,N/A
Sep 19 - 21,Qatar Airways Azerbaijan GPBaku City Circuit,20,Castore,$49.99,$160.00,-$110.01,18,+2,18,N/A
Oct 3 - 5,Singapore Airlines Singapore GPMarina Bay Street Circuit,1,LEGO,$21.99,$21.99,$0.00,19,+1,19,N/A
Oct 3 - 5,Singapore Airlines Singapore GPMarina Bay Street Circuit,2,Castore,$99.99,$49.99,+$50.00,19,+1,19,N/A
Oct 3 - 5,Singapore Airlines Singapore GPMarina Bay Street Circuit,3,Castore,$49.99,$99.99,-$50.00,19,+1,19,N/A
Oct 3 - 5,Singapore Airlines Singapore GPMarina Bay Street Circuit,4,Castore,$99.99,$49.99,+$50.00,19,+1,19,N/A
Oct 3 - 5,Singapore Airlines Singapore GPMarina Bay Street Circuit,5,Castore,$59.99,$99.99,-$40.00,19,+1,19,N/A
Oct 3 - 5,Singapore Airlines Singapore GPMarina Bay Street Circuit,6,Bburago,$9.99,$9.99,$0.00,19,+1,19,N/A
Oct 3 - 5,Singapore Airlines Singapore GPMarina Bay Street Circuit,7,Castore,$55.51,$59.99,-$4.48,19,+1,19,N/A
Oct 3 - 5,Singapore Airlines Singapore GPMarina Bay Street Circuit,8,CaDA,$22.59,$22.59,$0.00,19,+1,19,N/A
Oct 3 - 5,Singapore Airlines Singapore GPMarina Bay Street Circuit,9,Castore,$79.99,$55.51,+$24.48,19,+1,19,N/A
Oct 3 - 5,Singapore Airlines Singapore GPMarina Bay Street Circuit,10,Castore,$59.99,$79.99,-$20.00,19,+1,19,N/A
Oct 3 - 5,Singapore Airlines Singapore GPMarina Bay Street Circuit,11,1/43 2025 BWT Alpine F1 Team A525 10# Pierre Gasly F1 43# Franco Colapinto Alloy Car Die Cast Car Model Collection Gift (1/43 A525 10#),$17.58,$17.58,$0.00,19,+1,19,N/A
Oct 3 - 5,Singapore Airlines Singapore GPMarina Bay Street Circuit,12,Castore,$29.99,$59.99,-$30.00,19,+1,19,N/A
Oct 3 - 5,Singapore Airlines Singapore GPMarina Bay Street Circuit,13,Alpine Racing F1 New Era 9fifty 2022 Team Hat,$54.99,$54.99,$0.00,19,+1,19,N/A
Oct 3 - 5,Singapore Airlines Singapore GPMarina Bay Street Circuit,14,Bburago,$9.99,$9.99,$0.00,19,+1,19,N/A
Oct 3 - 5,Singapore Airlines Singapore GPMarina Bay Street Circuit,15,Castore,$125.00,$29.99,+$95.01,19,+1,19,N/A
Oct 3 - 5,Singapore Airlines Singapore GPMarina Bay Street Circuit,16,Castore,$99.99,$125.00,-$25.01,19,+1,19,N/A
Oct 3 - 5,Singapore Airlines Singapore GPMarina Bay Street Circuit,17,Castore,$225.00,$99.99,+$125.01,19,+1,19,N/A
Oct 3 - 5,Singapore Airlines Singapore GPMarina Bay Street Circuit,18,Castore,$160.00,$225.00,-$65.00,19,+1,19,N/A
Oct 3 - 5,Singapore Airlines Singapore GPMarina Bay Street Circuit,19,BWT Alpine F1 Team A524 GP Collection Signature Diecast 1/43 | #10 Pierre Gasly,$19.21,$19.21,$0.00,19,+1,19,N/A
Oct 3 - 5,Singapore Airlines Singapore GPMarina Bay Street Circuit,20,Castore,$49.99,$160.00,-$110.01,19,+1,19,N/A
Oct 17 - 19,MSC Cruises United States GPCircuit of the Americas,1,LEGO,$21.99,$21.99,$0.00,19,0,19,N/A
Oct 17 - 19,MSC Cruises United States GPCircuit of the Americas,2,Castore,$99.99,$49.99,+$50.00,19,0,19,N/A
Oct 17 - 19,MSC Cruises United States GPCircuit of the Americas,3,Castore,$49.99,$99.99,-$50.00,19,0,19,N/A
Oct 17 - 19,MSC Cruises United States GPCircuit of the Americas,4,Castore,$99.99,$49.99,+$50.00,19,0,19,N/A
Oct 17 - 19,MSC Cruises United States GPCircuit of the Americas,5,Castore,$59.99,$99.99,-$40.00,19,0,19,N/A
Oct 17 - 19,MSC Cruises United States GPCircuit of the Americas,6,Bburago,$9.99,$9.99,$0.00,19,0,19,N/A
Oct 17 - 19,MSC Cruises United States GPCircuit of the Americas,7,Castore,$55.51,$59.99,-$4.48,19,0,19,N/A
Oct 17 - 19,MSC Cruises United States GPCircuit of the Americas,8,CaDA,$22.59,$22.59,$0.00,19,0,19,N/A
Oct 17 - 19,MSC Cruises United States GPCircuit of the Americas,9,Castore,$79.99,$55.51,+$24.48,19,0,19,N/A
Oct 17 - 19,MSC Cruises United States GPCircuit of the Americas,10,Castore,$59.99,$79.99,-$20.00,19,0,19,N/A
Oct 17 - 19,MSC Cruises United States GPCircuit of the Americas,11,1/43 2025 BWT Alpine F1 Team A525 10# Pierre Gasly F1 43# Franco Colapinto Alloy Car Die Cast Car Model Collection Gift (1/43 A525 10#),$17.58,$17.58,$0.00,19,0,19,N/A
Oct 17 - 19,MSC Cruises United States GPCircuit of the Americas,12,Castore,$29.99,$59.99,-$30.00,19,0,19,N/A
Oct 17 - 19,MSC Cruises United States GPCircuit of the Americas,13,Alpine Racing F1 New Era 9fifty 2022 Team Hat,$54.99,$54.99,$0.00,19,0,19,N/A
Oct 17 - 19,MSC Cruises United States GPCircuit of the Americas,14,Bburago,$9.99,$9.99,$0.00,19,0,19,N/A
Oct 17 - 19,MSC Cruises United States GPCircuit of the Americas,15,Castore,$125.00,$29.99,+$95.01,19,0,19,N/A
Oct 17 - 19,MSC Cruises United States GPCircuit of the Americas,16,Castore,$99.99,$125.00,-$25.01,19,0,19,N/A
Oct 17 - 19,MSC Cruises United States GPCircuit of the Americas,17,Castore,$225.00,$99.99,+$125.01,19,0,19,N/A
Oct 17 - 19,MSC Cruises United States GPCircuit of the Americas,18,Castore,$160.00,$225.00,-$65.00,19,0,19,N/A
Oct 17 - 19,MSC Cruises United States GPCircuit of the Americas,19,BWT Alpine F1 Team A524 GP Collection Signature Diecast 1/43 | #10 Pierre Gasly,$19.21,$19.21,$0.00,19,0,19,N/A
Oct 17 - 19,MSC Cruises United States GPCircuit of the Americas,20,Castore,$49.99,$160.00,-$110.01,19,0,19,N/A
Oct 24 - 26,Mexico City GPAutodromo Hermanos Rodriguez,1,LEGO,$21.99,$21.99,$0.00,15,-4,15,N/A
Oct 24 - 26,Mexico City GPAutodromo Hermanos Rodriguez,2,Castore,$99.99,$49.99,+$50.00,15,-4,15,N/A
Oct 24 - 26,Mexico City GPAutodromo Hermanos Rodriguez,3,Castore,$49.99,$99.99,-$50.00,15,-4,15,N/A
Oct 24 - 26,Mexico City GPAutodromo Hermanos Rodriguez,4,Castore,$99.99,$49.99,+$50.00,15,-4,15,N/A
Oct 24 - 26,Mexico City GPAutodromo Hermanos Rodriguez,5,Castore,$59.99,$99.99,-$40.00,15,-4,15,N/A
Oct 24 - 26,Mexico City GPAutodromo Hermanos Rodriguez,6,Bburago,$9.99,$9.99,$0.00,15,-4,15,N/A
Oct 24 - 26,Mexico City GPAutodromo Hermanos Rodriguez,7,Castore,$55.51,$59.99,-$4.48,15,-4,15,N/A
Oct 24 - 26,Mexico City GPAutodromo Hermanos Rodriguez,8,CaDA,$22.59,$22.59,$0.00,15,-4,15,N/A
Oct 24 - 26,Mexico City GPAutodromo Hermanos Rodriguez,9,Castore,$79.99,$55.51,+$24.48,15,-4,15,N/A
Oct 24 - 26,Mexico City GPAutodromo Hermanos Rodriguez,10,Castore,$59.99,$79.99,-$20.00,15,-4,15,N/A
Oct 24 - 26,Mexico City GPAutodromo Hermanos Rodriguez,11,1/43 2025 BWT Alpine F1 Team A525 10# Pierre Gasly F1 43# Franco Colapinto Alloy Car Die Cast Car Model Collection Gift (1/43 A525 10#),$17.58,$17.58,$0.00,15,-4,15,N/A
Oct 24 - 26,Mexico City GPAutodromo Hermanos Rodriguez,12,Castore,$29.99,$59.99,-$30.00,15,-4,15,N/A
Oct 24 - 26,Mexico City GPAutodromo Hermanos Rodriguez,13,Alpine Racing F1 New Era 9fifty 2022 Team Hat,$54.99,$54.99,$0.00,15,-4,15,N/A
Oct 24 - 26,Mexico City GPAutodromo Hermanos Rodriguez,14,Bburago,$9.99,$9.99,$0.00,15,-4,15,N/A
Oct 24 - 26,Mexico City GPAutodromo Hermanos Rodriguez,15,Castore,$125.00,$29.99,+$95.01,15,-4,15,N/A
Oct 24 - 26,Mexico City GPAutodromo Hermanos Rodriguez,16,Castore,$99.99,$125.00,-$25.01,15,-4,15,N/A
Oct 24 - 26,Mexico City GPAutodromo Hermanos Rodriguez,17,Castore,$225.00,$99.99,+$125.01,15,-4,15,N/A
Oct 24 - 26,Mexico City GPAutodromo Hermanos Rodriguez,18,Castore,$160.00,$225.00,-$65.00,15,-4,15,N/A
Oct 24 - 26,Mexico City GPAutodromo Hermanos Rodriguez,19,BWT Alpine F1 Team A524 GP Collection Signature Diecast 1/43 | #10 Pierre Gasly,$19.21,$19.21,$0.00,15,-4,15,N/A
Oct 24 - 26,Mexico City GPAutodromo Hermanos Rodriguez,20,Castore,$49.99,$160.00,-$110.01,15,-4,15,N/A
Nov 7 - 9,MSC Cruises São Paulo GPAutodromo Jose Carlos Pace,1,LEGO,$21.99,$21.99,$0.00,10,-5,10,N/A
Nov 7 - 9,MSC Cruises São Paulo GPAutodromo Jose Carlos Pace,2,Castore,$99.99,$49.99,+$50.00,10,-5,10,N/A
Nov 7 - 9,MSC Cruises São Paulo GPAutodromo Jose Carlos Pace,3,Castore,$49.99,$99.99,-$50.00,10,-5,10,N/A
Nov 7 - 9,MSC Cruises São Paulo GPAutodromo Jose Carlos Pace,4,Castore,$99.99,$49.99,+$50.00,10,-5,10,N/A
Nov 7 - 9,MSC Cruises São Paulo GPAutodromo Jose Carlos Pace,5,Castore,$59.99,$99.99,-$40.00,10,-5,10,N/A
Nov 7 - 9,MSC Cruises São Paulo GPAutodromo Jose Carlos Pace,6,Bburago,$9.99,$9.99,$0.00,10,-5,10,N/A
Nov 7 - 9,MSC Cruises São Paulo GPAutodromo Jose Carlos Pace,7,Castore,$55.51,$59.99,-$4.48,10,-5,10,N/A
Nov 7 - 9,MSC Cruises São Paulo GPAutodromo Jose Carlos Pace,8,CaDA,$22.59,$22.59,$0.00,10,-5,10,N/A
Nov 7 - 9,MSC Cruises São Paulo GPAutodromo Jose Carlos Pace,9,Castore,$79.99,$55.51,+$24.48,10,-5,10,N/A
Nov 7 - 9,MSC Cruises São Paulo GPAutodromo Jose Carlos Pace,10,Castore,$59.99,$79.99,-$20.00,10,-5,10,N/A
Nov 7 - 9,MSC Cruises São Paulo GPAutodromo Jose Carlos Pace,11,1/43 2025 BWT Alpine F1 Team A525 10# Pierre Gasly F1 43# Franco Colapinto Alloy Car Die Cast Car Model Collection Gift (1/43 A525 10#),$17.58,$17.58,$0.00,10,-5,10,N/A
Nov 7 - 9,MSC Cruises São Paulo GPAutodromo Jose Carlos Pace,12,Castore,$29.99,$59.99,-$30.00,10,-5,10,N/A
Nov 7 - 9,MSC Cruises São Paulo GPAutodromo Jose Carlos Pace,13,Alpine Racing F1 New Era 9fifty 2022 Team Hat,$54.99,$54.99,$0.00,10,-5,10,N/A
Nov 7 - 9,MSC Cruises São Paulo GPAutodromo Jose Carlos Pace,14,Bburago,$9.99,$9.99,$0.00,10,-5,10,N/A
Nov 7 - 9,MSC Cruises São Paulo GPAutodromo Jose Carlos Pace,15,Castore,$125.00,$29.99,+$95.01,10,-5,10,N/A
Nov 7 - 9,MSC Cruises São Paulo GPAutodromo Jose Carlos Pace,16,Castore,$99.99,$125.00,-$25.01,10,-5,10,N/A
Nov 7 - 9,MSC Cruises São Paulo GPAutodromo Jose Carlos Pace,17,Castore,$225.00,$99.99,+$125.01,10,-5,10,N/A
Nov 7 - 9,MSC Cruises São Paulo GPAutodromo Jose Carlos Pace,18,Castore,$160.00,$225.00,-$65.00,10,-5,10,N/A
Nov 7 - 9,MSC Cruises São Paulo GPAutodromo Jose Carlos Pace,19,BWT Alpine F1 Team A524 GP Collection Signature Diecast 1/43 | #10 Pierre Gasly,$19.21,$19.21,$0.00,10,-5,10,N/A
Nov 7 - 9,MSC Cruises São Paulo GPAutodromo Jose Carlos Pace,20,Castore,$49.99,$160.00,-$110.01,10,-5,10,N/A
Nov 20 - 22,Heineken Las Vegas GPLas Vegas Street Circuit,1,LEGO,$21.99,$21.99,$0.00,13,+3,13,N/A
Nov 20 - 22,Heineken Las Vegas GPLas Vegas Street Circuit,2,Castore,$99.99,$49.99,+$50.00,13,+3,13,N/A
Nov 20 - 22,Heineken Las Vegas GPLas Vegas Street Circuit,3,Castore,$49.99,$99.99,-$50.00,13,+3,13,N/A
Nov 20 - 22,Heineken Las Vegas GPLas Vegas Street Circuit,4,Castore,$99.99,$49.99,+$50.00,13,+3,13,N/A
Nov 20 - 22,Heineken Las Vegas GPLas Vegas Street Circuit,5,Castore,$59.99,$99.99,-$40.00,13,+3,13,N/A
Nov 20 - 22,Heineken Las Vegas GPLas Vegas Street Circuit,6,Bburago,$9.99,$9.99,$0.00,13,+3,13,N/A
Nov 20 - 22,Heineken Las Vegas GPLas Vegas Street Circuit,7,Castore,$55.51,$59.99,-$4.48,13,+3,13,N/A
Nov 20 - 22,Heineken Las Vegas GPLas Vegas Street Circuit,8,CaDA,$22.59,$22.59,$0.00,13,+3,13,N/A
Nov 20 - 22,Heineken Las Vegas GPLas Vegas Street Circuit,9,Castore,$79.99,$55.51,+$24.48,13,+3,13,N/A
Nov 20 - 22,Heineken Las Vegas GPLas Vegas Street Circuit,10,Castore,$59.99,$79.99,-$20.00,13,+3,13,N/A
Nov 20 - 22,Heineken Las Vegas GPLas Vegas Street Circuit,11,1/43 2025 BWT Alpine F1 Team A525 10# Pierre Gasly F1 43# Franco Colapinto Alloy Car Die Cast Car Model Collection Gift (1/43 A525 10#),$17.58,$17.58,$0.00,13,+3,13,N/A
Nov 20 - 22,Heineken Las Vegas GPLas Vegas Street Circuit,12,Castore,$29.99,$59.99,-$30.00,13,+3,13,N/A
Nov 20 - 22,Heineken Las Vegas GPLas Vegas Street Circuit,13,Alpine Racing F1 New Era 9fifty 2022 Team Hat,$54.99,$54.99,$0.00,13,+3,13,N/A
Nov 20 - 22,Heineken Las Vegas GPLas Vegas Street Circuit,14,Bburago,$9.99,$9.99,$0.00,13,+3,13,N/A
Nov 20 - 22,Heineken Las Vegas GPLas Vegas Street Circuit,15,Castore,$125.00,$29.99,+$95.01,13,+3,13,N/A
Nov 20 - 22,Heineken Las Vegas GPLas Vegas Street Circuit,16,Castore,$99.99,$125.00,-$25.01,13,+3,13,N/A
Nov 20 - 22,Heineken Las Vegas GPLas Vegas Street Circuit,17,Castore,$225.00,$99.99,+$125.01,13,+3,13,N/A
Nov 20 - 22,Heineken Las Vegas GPLas Vegas Street Circuit,18,Castore,$160.00,$225.00,-$65.00,13,+3,13,N/A
Nov 20 - 22,Heineken Las Vegas GPLas Vegas Street Circuit,19,BWT Alpine F1 Team A524 GP Collection Signature Diecast 1/43 | #10 Pierre Gasly,$19.21,$19.21,$0.00,13,+3,13,N/A
Nov 20 - 22,Heineken Las Vegas GPLas Vegas Street Circuit,20,Castore,$49.99,$160.00,-$110.01,13,+3,13,N/A
Nov 28 - 30,Qatar Airways Qatar GPLosail International Circuit,1,LEGO,$21.99,$21.99,$0.00,16,+3,16,N/A
Nov 28 - 30,Qatar Airways Qatar GPLosail International Circuit,2,Castore,$99.99,$49.99,+$50.00,16,+3,16,N/A
Nov 28 - 30,Qatar Airways Qatar GPLosail International Circuit,3,Castore,$49.99,$99.99,-$50.00,16,+3,16,N/A
Nov 28 - 30,Qatar Airways Qatar GPLosail International Circuit,4,Castore,$99.99,$49.99,+$50.00,16,+3,16,N/A
Nov 28 - 30,Qatar Airways Qatar GPLosail International Circuit,5,Castore,$59.99,$99.99,-$40.00,16,+3,16,N/A
Nov 28 - 30,Qatar Airways Qatar GPLosail International Circuit,6,Bburago,$9.99,$9.99,$0.00,16,+3,16,N/A
Nov 28 - 30,Qatar Airways Qatar GPLosail International Circuit,7,Castore,$55.51,$59.99,-$4.48,16,+3,16,N/A
Nov 28 - 30,Qatar Airways Qatar GPLosail International Circuit,8,CaDA,$22.59,$22.59,$0.00,16,+3,16,N/A
Nov 28 - 30,Qatar Airways Qatar GPLosail International Circuit,9,Castore,$79.99,$55.51,+$24.48,16,+3,16,N/A
Nov 28 - 30,Qatar Airways Qatar GPLosail International Circuit,10,Castore,$59.99,$79.99,-$20.00,16,+3,16,N/A
Nov 28 - 30,Qatar Airways Qatar GPLosail International Circuit,11,1/43 2025 BWT Alpine F1 Team A525 10# Pierre Gasly F1 43# Franco Colapinto Alloy Car Die Cast Car Model Collection Gift (1/43 A525 10#),$17.58,$17.58,$0.00,16,+3,16,N/A
Nov 28 - 30,Qatar Airways Qatar GPLosail International Circuit,12,Castore,$29.99,$59.99,-$30.00,16,+3,16,N/A
Nov 28 - 30,Qatar Airways Qatar GPLosail International Circuit,13,Alpine Racing F1 New Era 9fifty 2022 Team Hat,$54.99,$54.99,$0.00,16,+3,16,N/A
Nov 28 - 30,Qatar Airways Qatar GPLosail International Circuit,14,Bburago,$9.99,$9.99,$0.00,16,+3,16,N/A
Nov 28 - 30,Qatar Airways Qatar GPLosail International Circuit,15,Castore,$125.00,$29.99,+$95.01,16,+3,16,N/A
Nov 28 - 30,Qatar Airways Qatar GPLosail International Circuit,16,Castore,$99.99,$125.00,-$25.01,16,+3,16,N/A
Nov 28 - 30,Qatar Airways Qatar GPLosail International Circuit,17,Castore,$225.00,$99.99,+$125.01,16,+3,16,N/A
Nov 28 - 30,Qatar Airways Qatar GPLosail International Circuit,18,Castore,$160.00,$225.00,-$65.00,16,+3,16,N/A
Nov 28 - 30,Qatar Airways Qatar GPLosail International Circuit,19,BWT Alpine F1 Team A524 GP Collection Signature Diecast 1/43 | #10 Pierre Gasly,$19.21,$19.21,$0.00,16,+3,16,N/A
Nov 28 - 30,Qatar Airways Qatar GPLosail International Circuit,20,Castore,$49.99,$160.00,-$110.01,16,+3,16,N/A
Dec 5 - 7,Etihad Airways Abu Dhabi GPYas Marina Circuit,1,LEGO,$21.99,$21.99,$0.00,19,+3,19,N/A
Dec 5 - 7,Etihad Airways Abu Dhabi GPYas Marina Circuit,2,Castore,$99.99,$49.99,+$50.00,19,+3,19,N/A
Dec 5 - 7,Etihad Airways Abu Dhabi GPYas Marina Circuit,3,Castore,$49.99,$99.99,-$50.00,19,+3,19,N/A
Dec 5 - 7,Etihad Airways Abu Dhabi GPYas Marina Circuit,4,Castore,$99.99,$49.99,+$50.00,19,+3,19,N/A
Dec 5 - 7,Etihad Airways Abu Dhabi GPYas Marina Circuit,5,Castore,$59.99,$99.99,-$40.00,19,+3,19,N/A
Dec 5 - 7,Etihad Airways Abu Dhabi GPYas Marina Circuit,6,Bburago,$9.99,$9.99,$0.00,19,+3,19,N/A
Dec 5 - 7,Etihad Airways Abu Dhabi GPYas Marina Circuit,7,Castore,$55.51,$59.99,-$4.48,19,+3,19,N/A
Dec 5 - 7,Etihad Airways Abu Dhabi GPYas Marina Circuit,8,CaDA,$22.59,$22.59,$0.00,19,+3,19,N/A
Dec 5 - 7,Etihad Airways Abu Dhabi GPYas Marina Circuit,9,Castore,$79.99,$55.51,+$24.48,19,+3,19,N/A
Dec 5 - 7,Etihad Airways Abu Dhabi GPYas Marina Circuit,10,Castore,$59.99,$79.99,-$20.00,19,+3,19,N/A
Dec 5 - 7,Etihad Airways Abu Dhabi GPYas Marina Circuit,11,1/43 2025 BWT Alpine F1 Team A525 10# Pierre Gasly F1 43# Franco Colapinto Alloy Car Die Cast Car Model Collection Gift (1/43 A525 10#),$17.58,$17.58,$0.00,19,+3,19,N/A
Dec 5 - 7,Etihad Airways Abu Dhabi GPYas Marina Circuit,12,Castore,$29.99,$59.99,-$30.00,19,+3,19,N/A
Dec 5 - 7,Etihad Airways Abu Dhabi GPYas Marina Circuit,13,Alpine Racing F1 New Era 9fifty 2022 Team Hat,$54.99,$54.99,$0.00,19,+3,19,N/A
Dec 5 - 7,Etihad Airways Abu Dhabi GPYas Marina Circuit,14,Bburago,$9.99,$9.99,$0.00,19,+3,19,N/A
Dec 5 - 7,Etihad Airways Abu Dhabi GPYas Marina Circuit,15,Castore,$125.00,$29.99,+$95.01,19,+3,19,N/A
Dec 5 - 7,Etihad Airways Abu Dhabi GPYas Marina Circuit,16,Castore,$99.99,$125.00,-$25.01,19,+3,19,N/A
Dec 5 - 7,Etihad Airways Abu Dhabi GPYas Marina Circuit,17,Castore,$225.00,$99.99,+$125.01,19,+3,19,N/A
Dec 5 - 7,Etihad Airways Abu Dhabi GPYas Marina Circuit,18,Castore,$160.00,$225.00,-$65.00,19,+3,19,N/A
Dec 5 - 7,Etihad Airways Abu Dhabi GPYas Marina Circuit,19,BWT Alpine F1 Team A524 GP Collection Signature Diecast 1/43 | #10 Pierre Gasly,$19.21,$19.21,$0.00,19,+3,19,N/A
Dec 5 - 7,Etihad Airways Abu Dhabi GPYas Marina Circuit,20,Castore,$49.99,$160.00,-$110.01,19,+3,19,N/A
