Race Date,Race Name,Product Rank,Product Name,Current Price,Previous Price,Price Change,Team Cumulative Placement,Team Placement Change,Aston Martin Driver ALO Pos,Aston Martin Driver STR Pos
Mar 13 - 16,Louis Vuitton Australian GPMelbourne Grand Prix Circuit,1,Aston Martin F1 2025 Men's Team Polo Green - Size: XL,$53.07,N/A,N/A,6,N/A,Ret,6
Mar 13 - 16,Louis Vuitton Australian GPMelbourne Grand Prix Circuit,2,Aston Martin F1 2025 Men's Team Tshirt Green,$55.44,N/A,N/A,6,N/A,Ret,6
Mar 13 - 16,Louis Vuitton Australian GPMelbourne Grand Prix Circuit,3,Aston Martin F1 2025 Fernando Alonso Team Tshirt for Men Green,$64.68,N/A,N/A,6,N/A,Ret,6
Mar 13 - 16,Louis Vuitton Australian GPMelbourne Grand Prix Circuit,4,Aston Martin F1 2025 Team Hat- Green/White/Black,$41.64,N/A,N/A,6,N/A,Ret,6
Mar 13 - 16,Louis Vuitton Australian GPMelbourne Grand Prix Circuit,5,1:43 2025 Racing Aston Martin Aramco F1 Team AMR25 No.14 Fernando Alonso F1 18# Lance StrollAlloy Car Die Cast Car Model (1/43 AMR25 18#),$18.85,N/A,N/A,6,N/A,Ret,6
Mar 13 - 16,Louis Vuitton Australian GPMelbourne Grand Prix Circuit,6,CMC Motorsports Aston Martin Cognizant F1 Exclusive Colorway Team Hat - One Size - Green,$19.99,N/A,N/A,6,N/A,Ret,6
Mar 13 - 16,Louis Vuitton Australian GPMelbourne Grand Prix Circuit,7,Bburago 1/43 - F1 Aston Martin Aramco F1 Team AMR23 2023 Collection Racing Alloy Car Die Cast Car Model (#18 Lance Stroll),$18.55,N/A,N/A,6,N/A,Ret,6
Mar 13 - 16,Louis Vuitton Australian GPMelbourne Grand Prix Circuit,8,Aston Martin F1 2025 Men's Team Polo Green - Size: XL,$53.07,$53.07,$0.00,6,N/A,Ret,6
Mar 13 - 16,Louis Vuitton Australian GPMelbourne Grand Prix Circuit,9,Aston Martin F1 2025 Fernando Alonso Team Hat,$24.00,N/A,N/A,6,N/A,Ret,6
Mar 13 - 16,Louis Vuitton Australian GPMelbourne Grand Prix Circuit,10,"LEGO Speed Champions Aston Martin Aramco F1 AMR24 Race Car Toy - Building Set for Kids, Boys & Girls, Ages 10+ - Toy Car for F1 Fans - Gift Idea for Birthday - 77245",$21.99,N/A,N/A,6,N/A,Ret,6
Mar 13 - 16,Louis Vuitton Australian GPMelbourne Grand Prix Circuit,11,Bburago 1/43 - F1 Aston Martin Aramco F1 Team AMR23 2023 Collection Racing Alloy Car Die Cast Car Model (#14 Fernando Alonso),$20.45,N/A,N/A,6,N/A,Ret,6
Mar 13 - 16,Louis Vuitton Australian GPMelbourne Grand Prix Circuit,12,Aston Martin Formula One Official Team Cap Green,$24.99,N/A,N/A,6,N/A,Ret,6
Mar 13 - 16,Louis Vuitton Australian GPMelbourne Grand Prix Circuit,13,PUMA Aston Martin F1 2026 Team Hat,$51.50,N/A,N/A,6,N/A,Ret,6
Mar 13 - 16,Louis Vuitton Australian GPMelbourne Grand Prix Circuit,14,Aston Martin F1 Team Hat 2024 - Unisex - Green - One Size,$43.99,N/A,N/A,6,N/A,Ret,6
Mar 13 - 16,Louis Vuitton Australian GPMelbourne Grand Prix Circuit,15,Aston Martin F1 Team Hat 2024 - Unisex - Black - One Size,$46.00,N/A,N/A,6,N/A,Ret,6
Mar 13 - 16,Louis Vuitton Australian GPMelbourne Grand Prix Circuit,16,Aston Martin F1 2025 Team Hat- Green/White/Black,$41.64,$41.64,$0.00,6,N/A,Ret,6
Mar 13 - 16,Louis Vuitton Australian GPMelbourne Grand Prix Circuit,17,Aston Martin F1 2025 Men's Team Polo Green,$53.07,N/A,N/A,6,N/A,Ret,6
Mar 13 - 16,Louis Vuitton Australian GPMelbourne Grand Prix Circuit,18,Aston Martin F1 2025 Men's Team Tshirt Green,$55.44,$55.44,$0.00,6,N/A,Ret,6
Mar 13 - 16,Louis Vuitton Australian GPMelbourne Grand Prix Circuit,19,CMC Motorsports Aston Martin Cognizant Aramco F1 Team Square Keyring,$14.99,N/A,N/A,6,N/A,Ret,6
Mar 13 - 16,Louis Vuitton Australian GPMelbourne Grand Prix Circuit,20,Aston Martin Cognizant F1 Fernando Alonso Special Edition Kimoa Mexico GP Hat Multicolor,$24.90,N/A,N/A,6,N/A,Ret,6
Mar 20 - 23,Heineken Chinese GPShanghai International Circuit,1,Aston Martin F1 2025 Men's Team Polo Green - Size: XL,$53.07,$53.07,$0.00,9,+3,Ret,9
Mar 20 - 23,Heineken Chinese GPShanghai International Circuit,2,Aston Martin F1 2025 Men's Team Tshirt Green,$55.44,$55.44,$0.00,9,+3,Ret,9
Mar 20 - 23,Heineken Chinese GPShanghai International Circuit,3,Aston Martin F1 2025 Fernando Alonso Team Tshirt for Men Green,$64.68,$64.68,$0.00,9,+3,Ret,9
Mar 20 - 23,Heineken Chinese GPShanghai International Circuit,4,Aston Martin F1 2025 Team Hat- Green/White/Black,$41.64,$41.64,$0.00,9,+3,Ret,9
Mar 20 - 23,Heineken Chinese GPShanghai International Circuit,5,1:43 2025 Racing Aston Martin Aramco F1 Team AMR25 No.14 Fernando Alonso F1 18# Lance StrollAlloy Car Die Cast Car Model (1/43 AMR25 18#),$18.85,$18.85,$0.00,9,+3,Ret,9
Mar 20 - 23,Heineken Chinese GPShanghai International Circuit,6,CMC Motorsports Aston Martin Cognizant F1 Exclusive Colorway Team Hat - One Size - Green,$19.99,$19.99,$0.00,9,+3,Ret,9
Mar 20 - 23,Heineken Chinese GPShanghai International Circuit,7,Bburago 1/43 - F1 Aston Martin Aramco F1 Team AMR23 2023 Collection Racing Alloy Car Die Cast Car Model (#18 Lance Stroll),$18.55,$18.55,$0.00,9,+3,Ret,9
Mar 20 - 23,Heineken Chinese GPShanghai International Circuit,8,Aston Martin F1 2025 Men's Team Polo Green - Size: XL,$53.07,$53.07,$0.00,9,+3,Ret,9
Mar 20 - 23,Heineken Chinese GPShanghai International Circuit,9,Aston Martin F1 2025 Fernando Alonso Team Hat,$24.00,$24.00,$0.00,9,+3,Ret,9
Mar 20 - 23,Heineken Chinese GPShanghai International Circuit,10,"LEGO Speed Champions Aston Martin Aramco F1 AMR24 Race Car Toy - Building Set for Kids, Boys & Girls, Ages 10+ - Toy Car for F1 Fans - Gift Idea for Birthday - 77245",$21.99,$21.99,$0.00,9,+3,Ret,9
Mar 20 - 23,Heineken Chinese GPShanghai International Circuit,11,Bburago 1/43 - F1 Aston Martin Aramco F1 Team AMR23 2023 Collection Racing Alloy Car Die Cast Car Model (#14 Fernando Alonso),$20.45,$20.45,$0.00,9,+3,Ret,9
Mar 20 - 23,Heineken Chinese GPShanghai International Circuit,12,Aston Martin Formula One Official Team Cap Green,$24.99,$24.99,$0.00,9,+3,Ret,9
Mar 20 - 23,Heineken Chinese GPShanghai International Circuit,13,PUMA Aston Martin F1 2026 Team Hat,$51.50,$51.50,$0.00,9,+3,Ret,9
Mar 20 - 23,Heineken Chinese GPShanghai International Circuit,14,Aston Martin F1 Team Hat 2024 - Unisex - Green - One Size,$43.99,$43.99,$0.00,9,+3,Ret,9
Mar 20 - 23,Heineken Chinese GPShanghai International Circuit,15,Aston Martin F1 Team Hat 2024 - Unisex - Black - One Size,$46.00,$46.00,$0.00,9,+3,Ret,9
Mar 20 - 23,Heineken Chinese GPShanghai International Circuit,16,Aston Martin F1 2025 Team Hat- Green/White/Black,$41.64,$41.64,$0.00,9,+3,Ret,9
Mar 20 - 23,Heineken Chinese GPShanghai International Circuit,17,Aston Martin F1 2025 Men's Team Polo Green,$53.07,$53.07,$0.00,9,+3,Ret,9
Mar 20 - 23,Heineken Chinese GPShanghai International Circuit,18,Aston Martin F1 2025 Men's Team Tshirt Green,$55.44,$55.44,$0.00,9,+3,Ret,9
Mar 20 - 23,Heineken Chinese GPShanghai International Circuit,19,CMC Motorsports Aston Martin Cognizant Aramco F1 Team Square Keyring,$14.99,$14.99,$0.00,9,+3,Ret,9
Mar 20 - 23,Heineken Chinese GPShanghai International Circuit,20,Aston Martin Cognizant F1 Fernando Alonso Special Edition Kimoa Mexico GP Hat Multicolor,$24.90,$24.90,$0.00,9,+3,Ret,9
Apr 3 - 6,Lenovo Japanese GPSuzuka International Racing Course,1,Aston Martin F1 2025 Men's Team Polo Green - Size: XL,$53.07,$53.07,$0.00,31,+22,11,20
Apr 3 - 6,Lenovo Japanese GPSuzuka International Racing Course,2,Aston Martin F1 2025 Men's Team Tshirt Green,$55.44,$55.44,$0.00,31,+22,11,20
Apr 3 - 6,Lenovo Japanese GPSuzuka International Racing Course,3,Aston Martin F1 2025 Fernando Alonso Team Tshirt for Men Green,$64.68,$64.68,$0.00,31,+22,11,20
Apr 3 - 6,Lenovo Japanese GPSuzuka International Racing Course,4,Aston Martin F1 2025 Team Hat- Green/White/Black,$41.64,$41.64,$0.00,31,+22,11,20
Apr 3 - 6,Lenovo Japanese GPSuzuka International Racing Course,5,1:43 2025 Racing Aston Martin Aramco F1 Team AMR25 No.14 Fernando Alonso F1 18# Lance StrollAlloy Car Die Cast Car Model (1/43 AMR25 18#),$18.85,$18.85,$0.00,31,+22,11,20
Apr 3 - 6,Lenovo Japanese GPSuzuka International Racing Course,6,CMC Motorsports Aston Martin Cognizant F1 Exclusive Colorway Team Hat - One Size - Green,$19.99,$19.99,$0.00,31,+22,11,20
Apr 3 - 6,Lenovo Japanese GPSuzuka International Racing Course,7,Bburago 1/43 - F1 Aston Martin Aramco F1 Team AMR23 2023 Collection Racing Alloy Car Die Cast Car Model (#18 Lance Stroll),$18.55,$18.55,$0.00,31,+22,11,20
Apr 3 - 6,Lenovo Japanese GPSuzuka International Racing Course,8,Aston Martin F1 2025 Men's Team Polo Green - Size: XL,$53.07,$53.07,$0.00,31,+22,11,20
Apr 3 - 6,Lenovo Japanese GPSuzuka International Racing Course,9,Aston Martin F1 2025 Fernando Alonso Team Hat,$24.00,$24.00,$0.00,31,+22,11,20
Apr 3 - 6,Lenovo Japanese GPSuzuka International Racing Course,10,"LEGO Speed Champions Aston Martin Aramco F1 AMR24 Race Car Toy - Building Set for Kids, Boys & Girls, Ages 10+ - Toy Car for F1 Fans - Gift Idea for Birthday - 77245",$21.99,$21.99,$0.00,31,+22,11,20
Apr 3 - 6,Lenovo Japanese GPSuzuka International Racing Course,11,Bburago 1/43 - F1 Aston Martin Aramco F1 Team AMR23 2023 Collection Racing Alloy Car Die Cast Car Model (#14 Fernando Alonso),$20.45,$20.45,$0.00,31,+22,11,20
Apr 3 - 6,Lenovo Japanese GPSuzuka International Racing Course,12,Aston Martin Formula One Official Team Cap Green,$24.99,$24.99,$0.00,31,+22,11,20
Apr 3 - 6,Lenovo Japanese GPSuzuka International Racing Course,13,PUMA Aston Martin F1 2026 Team Hat,$51.50,$51.50,$0.00,31,+22,11,20
Apr 3 - 6,Lenovo Japanese GPSuzuka International Racing Course,14,Aston Martin F1 Team Hat 2024 - Unisex - Green - One Size,$43.99,$43.99,$0.00,31,+22,11,20
Apr 3 - 6,Lenovo Japanese GPSuzuka International Racing Course,15,Aston Martin F1 Team Hat 2024 - Unisex - Black - One Size,$46.00,$46.00,$0.00,31,+22,11,20
Apr 3 - 6,Lenovo Japanese GPSuzuka International Racing Course,16,Aston Martin F1 2025 Team Hat- Green/White/Black,$41.64,$41.64,$0.00,31,+22,11,20
Apr 3 - 6,Lenovo Japanese GPSuzuka International Racing Course,17,Aston Martin F1 2025 Men's Team Polo Green,$53.07,$53.07,$0.00,31,+22,11,20
Apr 3 - 6,Lenovo Japanese GPSuzuka International Racing Course,18,Aston Martin F1 2025 Men's Team Tshirt Green,$55.44,$55.44,$0.00,31,+22,11,20
Apr 3 - 6,Lenovo Japanese GPSuzuka International Racing Course,19,CMC Motorsports Aston Martin Cognizant Aramco F1 Team Square Keyring,$14.99,$14.99,$0.00,31,+22,11,20
Apr 3 - 6,Lenovo Japanese GPSuzuka International Racing Course,20,Aston Martin Cognizant F1 Fernando Alonso Special Edition Kimoa Mexico GP Hat Multicolor,$24.90,$24.90,$0.00,31,+22,11,20
Apr 11 - 13,Gulf Air Bahrain GPBahrain International Circuit,1,Aston Martin F1 2025 Men's Team Polo Green - Size: XL,$53.07,$53.07,$0.00,32,+1,15,17
Apr 11 - 13,Gulf Air Bahrain GPBahrain International Circuit,2,Aston Martin F1 2025 Men's Team Tshirt Green,$55.44,$55.44,$0.00,32,+1,15,17
Apr 11 - 13,Gulf Air Bahrain GPBahrain International Circuit,3,Aston Martin F1 2025 Fernando Alonso Team Tshirt for Men Green,$64.68,$64.68,$0.00,32,+1,15,17
Apr 11 - 13,Gulf Air Bahrain GPBahrain International Circuit,4,Aston Martin F1 2025 Team Hat- Green/White/Black,$41.64,$41.64,$0.00,32,+1,15,17
Apr 11 - 13,Gulf Air Bahrain GPBahrain International Circuit,5,1:43 2025 Racing Aston Martin Aramco F1 Team AMR25 No.14 Fernando Alonso F1 18# Lance StrollAlloy Car Die Cast Car Model (1/43 AMR25 18#),$18.85,$18.85,$0.00,32,+1,15,17
Apr 11 - 13,Gulf Air Bahrain GPBahrain International Circuit,6,CMC Motorsports Aston Martin Cognizant F1 Exclusive Colorway Team Hat - One Size - Green,$19.99,$19.99,$0.00,32,+1,15,17
Apr 11 - 13,Gulf Air Bahrain GPBahrain International Circuit,7,Bburago 1/43 - F1 Aston Martin Aramco F1 Team AMR23 2023 Collection Racing Alloy Car Die Cast Car Model (#18 Lance Stroll),$18.55,$18.55,$0.00,32,+1,15,17
Apr 11 - 13,Gulf Air Bahrain GPBahrain International Circuit,8,Aston Martin F1 2025 Men's Team Polo Green - Size: XL,$53.07,$53.07,$0.00,32,+1,15,17
Apr 11 - 13,Gulf Air Bahrain GPBahrain International Circuit,9,Aston Martin F1 2025 Fernando Alonso Team Hat,$24.00,$24.00,$0.00,32,+1,15,17
Apr 11 - 13,Gulf Air Bahrain GPBahrain International Circuit,10,"LEGO Speed Champions Aston Martin Aramco F1 AMR24 Race Car Toy - Building Set for Kids, Boys & Girls, Ages 10+ - Toy Car for F1 Fans - Gift Idea for Birthday - 77245",$21.99,$21.99,$0.00,32,+1,15,17
Apr 11 - 13,Gulf Air Bahrain GPBahrain International Circuit,11,Bburago 1/43 - F1 Aston Martin Aramco F1 Team AMR23 2023 Collection Racing Alloy Car Die Cast Car Model (#14 Fernando Alonso),$20.45,$20.45,$0.00,32,+1,15,17
Apr 11 - 13,Gulf Air Bahrain GPBahrain International Circuit,12,Aston Martin Formula One Official Team Cap Green,$24.99,$24.99,$0.00,32,+1,15,17
Apr 11 - 13,Gulf Air Bahrain GPBahrain International Circuit,13,PUMA Aston Martin F1 2026 Team Hat,$51.50,$51.50,$0.00,32,+1,15,17
Apr 11 - 13,Gulf Air Bahrain GPBahrain International Circuit,14,Aston Martin F1 Team Hat 2024 - Unisex - Green - One Size,$43.99,$43.99,$0.00,32,+1,15,17
Apr 11 - 13,Gulf Air Bahrain GPBahrain International Circuit,15,Aston Martin F1 Team Hat 2024 - Unisex - Black - One Size,$46.00,$46.00,$0.00,32,+1,15,17
Apr 11 - 13,Gulf Air Bahrain GPBahrain International Circuit,16,Aston Martin F1 2025 Team Hat- Green/White/Black,$41.64,$41.64,$0.00,32,+1,15,17
Apr 11 - 13,Gulf Air Bahrain GPBahrain International Circuit,17,Aston Martin F1 2025 Men's Team Polo Green,$53.07,$53.07,$0.00,32,+1,15,17
Apr 11 - 13,Gulf Air Bahrain GPBahrain International Circuit,18,Aston Martin F1 2025 Men's Team Tshirt Green,$55.44,$55.44,$0.00,32,+1,15,17
Apr 11 - 13,Gulf Air Bahrain GPBahrain International Circuit,19,CMC Motorsports Aston Martin Cognizant Aramco F1 Team Square Keyring,$14.99,$14.99,$0.00,32,+1,15,17
Apr 11 - 13,Gulf Air Bahrain GPBahrain International Circuit,20,Aston Martin Cognizant F1 Fernando Alonso Special Edition Kimoa Mexico GP Hat Multicolor,$24.90,$24.90,$0.00,32,+1,15,17
Apr 18 - 20,STC Saudi Arabian GPJeddah Street Circuit,1,Aston Martin F1 2025 Men's Team Polo Green - Size: XL,$53.07,$53.07,$0.00,27,-5,11,16
Apr 18 - 20,STC Saudi Arabian GPJeddah Street Circuit,2,Aston Martin F1 2025 Men's Team Tshirt Green,$55.44,$55.44,$0.00,27,-5,11,16
Apr 18 - 20,STC Saudi Arabian GPJeddah Street Circuit,3,Aston Martin F1 2025 Fernando Alonso Team Tshirt for Men Green,$64.68,$64.68,$0.00,27,-5,11,16
Apr 18 - 20,STC Saudi Arabian GPJeddah Street Circuit,4,Aston Martin F1 2025 Team Hat- Green/White/Black,$41.64,$41.64,$0.00,27,-5,11,16
Apr 18 - 20,STC Saudi Arabian GPJeddah Street Circuit,5,1:43 2025 Racing Aston Martin Aramco F1 Team AMR25 No.14 Fernando Alonso F1 18# Lance StrollAlloy Car Die Cast Car Model (1/43 AMR25 18#),$18.85,$18.85,$0.00,27,-5,11,16
Apr 18 - 20,STC Saudi Arabian GPJeddah Street Circuit,6,CMC Motorsports Aston Martin Cognizant F1 Exclusive Colorway Team Hat - One Size - Green,$19.99,$19.99,$0.00,27,-5,11,16
Apr 18 - 20,STC Saudi Arabian GPJeddah Street Circuit,7,Bburago 1/43 - F1 Aston Martin Aramco F1 Team AMR23 2023 Collection Racing Alloy Car Die Cast Car Model (#18 Lance Stroll),$18.55,$18.55,$0.00,27,-5,11,16
Apr 18 - 20,STC Saudi Arabian GPJeddah Street Circuit,8,Aston Martin F1 2025 Men's Team Polo Green - Size: XL,$53.07,$53.07,$0.00,27,-5,11,16
Apr 18 - 20,STC Saudi Arabian GPJeddah Street Circuit,9,Aston Martin F1 2025 Fernando Alonso Team Hat,$24.00,$24.00,$0.00,27,-5,11,16
Apr 18 - 20,STC Saudi Arabian GPJeddah Street Circuit,10,"LEGO Speed Champions Aston Martin Aramco F1 AMR24 Race Car Toy - Building Set for Kids, Boys & Girls, Ages 10+ - Toy Car for F1 Fans - Gift Idea for Birthday - 77245",$21.99,$21.99,$0.00,27,-5,11,16
Apr 18 - 20,STC Saudi Arabian GPJeddah Street Circuit,11,Bburago 1/43 - F1 Aston Martin Aramco F1 Team AMR23 2023 Collection Racing Alloy Car Die Cast Car Model (#14 Fernando Alonso),$20.45,$20.45,$0.00,27,-5,11,16
Apr 18 - 20,STC Saudi Arabian GPJeddah Street Circuit,12,Aston Martin Formula One Official Team Cap Green,$24.99,$24.99,$0.00,27,-5,11,16
Apr 18 - 20,STC Saudi Arabian GPJeddah Street Circuit,13,PUMA Aston Martin F1 2026 Team Hat,$51.50,$51.50,$0.00,27,-5,11,16
Apr 18 - 20,STC Saudi Arabian GPJeddah Street Circuit,14,Aston Martin F1 Team Hat 2024 - Unisex - Green - One Size,$43.99,$43.99,$0.00,27,-5,11,16
Apr 18 - 20,STC Saudi Arabian GPJeddah Street Circuit,15,Aston Martin F1 Team Hat 2024 - Unisex - Black - One Size,$46.00,$46.00,$0.00,27,-5,11,16
Apr 18 - 20,STC Saudi Arabian GPJeddah Street Circuit,16,Aston Martin F1 2025 Team Hat- Green/White/Black,$41.64,$41.64,$0.00,27,-5,11,16
Apr 18 - 20,STC Saudi Arabian GPJeddah Street Circuit,17,Aston Martin F1 2025 Men's Team Polo Green,$53.07,$53.07,$0.00,27,-5,11,16
Apr 18 - 20,STC Saudi Arabian GPJeddah Street Circuit,18,Aston Martin F1 2025 Men's Team Tshirt Green,$55.44,$55.44,$0.00,27,-5,11,16
Apr 18 - 20,STC Saudi Arabian GPJeddah Street Circuit,19,CMC Motorsports Aston Martin Cognizant Aramco F1 Team Square Keyring,$14.99,$14.99,$0.00,27,-5,11,16
Apr 18 - 20,STC Saudi Arabian GPJeddah Street Circuit,20,Aston Martin Cognizant F1 Fernando Alonso Special Edition Kimoa Mexico GP Hat Multicolor,$24.90,$24.90,$0.00,27,-5,11,16
May 2 - 4,Crypto.com Miami GPMiami International Autodrome,1,Aston Martin F1 2025 Men's Team Polo Green - Size: XL,$53.07,$53.07,$0.00,31,+4,15,16
May 2 - 4,Crypto.com Miami GPMiami International Autodrome,2,Aston Martin F1 2025 Men's Team Tshirt Green,$55.44,$55.44,$0.00,31,+4,15,16
May 2 - 4,Crypto.com Miami GPMiami International Autodrome,3,Aston Martin F1 2025 Fernando Alonso Team Tshirt for Men Green,$64.68,$64.68,$0.00,31,+4,15,16
May 2 - 4,Crypto.com Miami GPMiami International Autodrome,4,Aston Martin F1 2025 Team Hat- Green/White/Black,$41.64,$41.64,$0.00,31,+4,15,16
May 2 - 4,Crypto.com Miami GPMiami International Autodrome,5,1:43 2025 Racing Aston Martin Aramco F1 Team AMR25 No.14 Fernando Alonso F1 18# Lance StrollAlloy Car Die Cast Car Model (1/43 AMR25 18#),$18.85,$18.85,$0.00,31,+4,15,16
May 2 - 4,Crypto.com Miami GPMiami International Autodrome,6,CMC Motorsports Aston Martin Cognizant F1 Exclusive Colorway Team Hat - One Size - Green,$19.99,$19.99,$0.00,31,+4,15,16
May 2 - 4,Crypto.com Miami GPMiami International Autodrome,7,Bburago 1/43 - F1 Aston Martin Aramco F1 Team AMR23 2023 Collection Racing Alloy Car Die Cast Car Model (#18 Lance Stroll),$18.55,$18.55,$0.00,31,+4,15,16
May 2 - 4,Crypto.com Miami GPMiami International Autodrome,8,Aston Martin F1 2025 Men's Team Polo Green - Size: XL,$53.07,$53.07,$0.00,31,+4,15,16
May 2 - 4,Crypto.com Miami GPMiami International Autodrome,9,Aston Martin F1 2025 Fernando Alonso Team Hat,$24.00,$24.00,$0.00,31,+4,15,16
May 2 - 4,Crypto.com Miami GPMiami International Autodrome,10,"LEGO Speed Champions Aston Martin Aramco F1 AMR24 Race Car Toy - Building Set for Kids, Boys & Girls, Ages 10+ - Toy Car for F1 Fans - Gift Idea for Birthday - 77245",$21.99,$21.99,$0.00,31,+4,15,16
May 2 - 4,Crypto.com Miami GPMiami International Autodrome,11,Bburago 1/43 - F1 Aston Martin Aramco F1 Team AMR23 2023 Collection Racing Alloy Car Die Cast Car Model (#14 Fernando Alonso),$20.45,$20.45,$0.00,31,+4,15,16
May 2 - 4,Crypto.com Miami GPMiami International Autodrome,12,Aston Martin Formula One Official Team Cap Green,$24.99,$24.99,$0.00,31,+4,15,16
May 2 - 4,Crypto.com Miami GPMiami International Autodrome,13,PUMA Aston Martin F1 2026 Team Hat,$51.50,$51.50,$0.00,31,+4,15,16
May 2 - 4,Crypto.com Miami GPMiami International Autodrome,14,Aston Martin F1 Team Hat 2024 - Unisex - Green - One Size,$43.99,$43.99,$0.00,31,+4,15,16
May 2 - 4,Crypto.com Miami GPMiami International Autodrome,15,Aston Martin F1 Team Hat 2024 - Unisex - Black - One Size,$46.00,$46.00,$0.00,31,+4,15,16
May 2 - 4,Crypto.com Miami GPMiami International Autodrome,16,Aston Martin F1 2025 Team Hat- Green/White/Black,$41.64,$41.64,$0.00,31,+4,15,16
May 2 - 4,Crypto.com Miami GPMiami International Autodrome,17,Aston Martin F1 2025 Men's Team Polo Green,$53.07,$53.07,$0.00,31,+4,15,16
May 2 - 4,Crypto.com Miami GPMiami International Autodrome,18,Aston Martin F1 2025 Men's Team Tshirt Green,$55.44,$55.44,$0.00,31,+4,15,16
May 2 - 4,Crypto.com Miami GPMiami International Autodrome,19,CMC Motorsports Aston Martin Cognizant Aramco F1 Team Square Keyring,$14.99,$14.99,$0.00,31,+4,15,16
May 2 - 4,Crypto.com Miami GPMiami International Autodrome,20,Aston Martin Cognizant F1 Fernando Alonso Special Edition Kimoa Mexico GP Hat Multicolor,$24.90,$24.90,$0.00,31,+4,15,16
May 16 - 18,AWS Made in Italy Emilia Romagna GPAutodromo Enzo e Dino Ferrari,1,Aston Martin F1 2025 Men's Team Polo Green - Size: XL,$53.07,$53.07,$0.00,26,-5,11,15
May 16 - 18,AWS Made in Italy Emilia Romagna GPAutodromo Enzo e Dino Ferrari,2,Aston Martin F1 2025 Men's Team Tshirt Green,$55.44,$55.44,$0.00,26,-5,11,15
May 16 - 18,AWS Made in Italy Emilia Romagna GPAutodromo Enzo e Dino Ferrari,3,Aston Martin F1 2025 Fernando Alonso Team Tshirt for Men Green,$64.68,$64.68,$0.00,26,-5,11,15
May 16 - 18,AWS Made in Italy Emilia Romagna GPAutodromo Enzo e Dino Ferrari,4,Aston Martin F1 2025 Team Hat- Green/White/Black,$41.64,$41.64,$0.00,26,-5,11,15
May 16 - 18,AWS Made in Italy Emilia Romagna GPAutodromo Enzo e Dino Ferrari,5,1:43 2025 Racing Aston Martin Aramco F1 Team AMR25 No.14 Fernando Alonso F1 18# Lance StrollAlloy Car Die Cast Car Model (1/43 AMR25 18#),$18.85,$18.85,$0.00,26,-5,11,15
May 16 - 18,AWS Made in Italy Emilia Romagna GPAutodromo Enzo e Dino Ferrari,6,CMC Motorsports Aston Martin Cognizant F1 Exclusive Colorway Team Hat - One Size - Green,$19.99,$19.99,$0.00,26,-5,11,15
May 16 - 18,AWS Made in Italy Emilia Romagna GPAutodromo Enzo e Dino Ferrari,7,Bburago 1/43 - F1 Aston Martin Aramco F1 Team AMR23 2023 Collection Racing Alloy Car Die Cast Car Model (#18 Lance Stroll),$18.55,$18.55,$0.00,26,-5,11,15
May 16 - 18,AWS Made in Italy Emilia Romagna GPAutodromo Enzo e Dino Ferrari,8,Aston Martin F1 2025 Men's Team Polo Green - Size: XL,$53.07,$53.07,$0.00,26,-5,11,15
May 16 - 18,AWS Made in Italy Emilia Romagna GPAutodromo Enzo e Dino Ferrari,9,Aston Martin F1 2025 Fernando Alonso Team Hat,$24.00,$24.00,$0.00,26,-5,11,15
May 16 - 18,AWS Made in Italy Emilia Romagna GPAutodromo Enzo e Dino Ferrari,10,"LEGO Speed Champions Aston Martin Aramco F1 AMR24 Race Car Toy - Building Set for Kids, Boys & Girls, Ages 10+ - Toy Car for F1 Fans - Gift Idea for Birthday - 77245",$21.99,$21.99,$0.00,26,-5,11,15
May 16 - 18,AWS Made in Italy Emilia Romagna GPAutodromo Enzo e Dino Ferrari,11,Bburago 1/43 - F1 Aston Martin Aramco F1 Team AMR23 2023 Collection Racing Alloy Car Die Cast Car Model (#14 Fernando Alonso),$20.45,$20.45,$0.00,26,-5,11,15
May 16 - 18,AWS Made in Italy Emilia Romagna GPAutodromo Enzo e Dino Ferrari,12,Aston Martin Formula One Official Team Cap Green,$24.99,$24.99,$0.00,26,-5,11,15
May 16 - 18,AWS Made in Italy Emilia Romagna GPAutodromo Enzo e Dino Ferrari,13,PUMA Aston Martin F1 2026 Team Hat,$51.50,$51.50,$0.00,26,-5,11,15
May 16 - 18,AWS Made in Italy Emilia Romagna GPAutodromo Enzo e Dino Ferrari,14,Aston Martin F1 Team Hat 2024 - Unisex - Green - One Size,$43.99,$43.99,$0.00,26,-5,11,15
May 16 - 18,AWS Made in Italy Emilia Romagna GPAutodromo Enzo e Dino Ferrari,15,Aston Martin F1 Team Hat 2024 - Unisex - Black - One Size,$46.00,$46.00,$0.00,26,-5,11,15
May 16 - 18,AWS Made in Italy Emilia Romagna GPAutodromo Enzo e Dino Ferrari,16,Aston Martin F1 2025 Team Hat- Green/White/Black,$41.64,$41.64,$0.00,26,-5,11,15
May 16 - 18,AWS Made in Italy Emilia Romagna GPAutodromo Enzo e Dino Ferrari,17,Aston Martin F1 2025 Men's Team Polo Green,$53.07,$53.07,$0.00,26,-5,11,15
May 16 - 18,AWS Made in Italy Emilia Romagna GPAutodromo Enzo e Dino Ferrari,18,Aston Martin F1 2025 Men's Team Tshirt Green,$55.44,$55.44,$0.00,26,-5,11,15
May 16 - 18,AWS Made in Italy Emilia Romagna GPAutodromo Enzo e Dino Ferrari,19,CMC Motorsports Aston Martin Cognizant Aramco F1 Team Square Keyring,$14.99,$14.99,$0.00,26,-5,11,15
May 16 - 18,AWS Made in Italy Emilia Romagna GPAutodromo Enzo e Dino Ferrari,20,Aston Martin Cognizant F1 Fernando Alonso Special Edition Kimoa Mexico GP Hat Multicolor,$24.90,$24.90,$0.00,26,-5,11,15
May 23 - 25,Tag Heuer Monaco GPCircuit de Monaco,1,Aston Martin F1 2025 Men's Team Polo Green - Size: XL,$53.07,$53.07,$0.00,15,-11,Ret,15
May 23 - 25,Tag Heuer Monaco GPCircuit de Monaco,2,Aston Martin F1 2025 Men's Team Tshirt Green,$55.44,$55.44,$0.00,15,-11,Ret,15
May 23 - 25,Tag Heuer Monaco GPCircuit de Monaco,3,Aston Martin F1 2025 Fernando Alonso Team Tshirt for Men Green,$64.68,$64.68,$0.00,15,-11,Ret,15
May 23 - 25,Tag Heuer Monaco GPCircuit de Monaco,4,Aston Martin F1 2025 Team Hat- Green/White/Black,$41.64,$41.64,$0.00,15,-11,Ret,15
May 23 - 25,Tag Heuer Monaco GPCircuit de Monaco,5,1:43 2025 Racing Aston Martin Aramco F1 Team AMR25 No.14 Fernando Alonso F1 18# Lance StrollAlloy Car Die Cast Car Model (1/43 AMR25 18#),$18.85,$18.85,$0.00,15,-11,Ret,15
May 23 - 25,Tag Heuer Monaco GPCircuit de Monaco,6,CMC Motorsports Aston Martin Cognizant F1 Exclusive Colorway Team Hat - One Size - Green,$19.99,$19.99,$0.00,15,-11,Ret,15
May 23 - 25,Tag Heuer Monaco GPCircuit de Monaco,7,Bburago 1/43 - F1 Aston Martin Aramco F1 Team AMR23 2023 Collection Racing Alloy Car Die Cast Car Model (#18 Lance Stroll),$18.55,$18.55,$0.00,15,-11,Ret,15
May 23 - 25,Tag Heuer Monaco GPCircuit de Monaco,8,Aston Martin F1 2025 Men's Team Polo Green - Size: XL,$53.07,$53.07,$0.00,15,-11,Ret,15
May 23 - 25,Tag Heuer Monaco GPCircuit de Monaco,9,Aston Martin F1 2025 Fernando Alonso Team Hat,$24.00,$24.00,$0.00,15,-11,Ret,15
May 23 - 25,Tag Heuer Monaco GPCircuit de Monaco,10,"LEGO Speed Champions Aston Martin Aramco F1 AMR24 Race Car Toy - Building Set for Kids, Boys & Girls, Ages 10+ - Toy Car for F1 Fans - Gift Idea for Birthday - 77245",$21.99,$21.99,$0.00,15,-11,Ret,15
May 23 - 25,Tag Heuer Monaco GPCircuit de Monaco,11,Bburago 1/43 - F1 Aston Martin Aramco F1 Team AMR23 2023 Collection Racing Alloy Car Die Cast Car Model (#14 Fernando Alonso),$20.45,$20.45,$0.00,15,-11,Ret,15
May 23 - 25,Tag Heuer Monaco GPCircuit de Monaco,12,Aston Martin Formula One Official Team Cap Green,$24.99,$24.99,$0.00,15,-11,Ret,15
May 23 - 25,Tag Heuer Monaco GPCircuit de Monaco,13,PUMA Aston Martin F1 2026 Team Hat,$51.50,$51.50,$0.00,15,-11,Ret,15
May 23 - 25,Tag Heuer Monaco GPCircuit de Monaco,14,Aston Martin F1 Team Hat 2024 - Unisex - Green - One Size,$43.99,$43.99,$0.00,15,-11,Ret,15
May 23 - 25,Tag Heuer Monaco GPCircuit de Monaco,15,Aston Martin F1 Team Hat 2024 - Unisex - Black - One Size,$46.00,$46.00,$0.00,15,-11,Ret,15
May 23 - 25,Tag Heuer Monaco GPCircuit de Monaco,16,Aston Martin F1 2025 Team Hat- Green/White/Black,$41.64,$41.64,$0.00,15,-11,Ret,15
May 23 - 25,Tag Heuer Monaco GPCircuit de Monaco,17,Aston Martin F1 2025 Men's Team Polo Green,$53.07,$53.07,$0.00,15,-11,Ret,15
May 23 - 25,Tag Heuer Monaco GPCircuit de Monaco,18,Aston Martin F1 2025 Men's Team Tshirt Green,$55.44,$55.44,$0.00,15,-11,Ret,15
May 23 - 25,Tag Heuer Monaco GPCircuit de Monaco,19,CMC Motorsports Aston Martin Cognizant Aramco F1 Team Square Keyring,$14.99,$14.99,$0.00,15,-11,Ret,15
May 23 - 25,Tag Heuer Monaco GPCircuit de Monaco,20,Aston Martin Cognizant F1 Fernando Alonso Special Edition Kimoa Mexico GP Hat Multicolor,$24.90,$24.90,$0.00,15,-11,Ret,15
May 30 - Jun 1,Aramco Spanish GPMadring,1,Aston Martin F1 2025 Men's Team Polo Green - Size: XL,$53.07,$53.07,$0.00,9,-6,9,N/A
May 30 - Jun 1,Aramco Spanish GPMadring,2,Aston Martin F1 2025 Men's Team Tshirt Green,$55.44,$55.44,$0.00,9,-6,9,N/A
May 30 - Jun 1,Aramco Spanish GPMadring,3,Aston Martin F1 2025 Fernando Alonso Team Tshirt for Men Green,$64.68,$64.68,$0.00,9,-6,9,N/A
May 30 - Jun 1,Aramco Spanish GPMadring,4,Aston Martin F1 2025 Team Hat- Green/White/Black,$41.64,$41.64,$0.00,9,-6,9,N/A
May 30 - Jun 1,Aramco Spanish GPMadring,5,1:43 2025 Racing Aston Martin Aramco F1 Team AMR25 No.14 Fernando Alonso F1 18# Lance StrollAlloy Car Die Cast Car Model (1/43 AMR25 18#),$18.85,$18.85,$0.00,9,-6,9,N/A
May 30 - Jun 1,Aramco Spanish GPMadring,6,CMC Motorsports Aston Martin Cognizant F1 Exclusive Colorway Team Hat - One Size - Green,$19.99,$19.99,$0.00,9,-6,9,N/A
May 30 - Jun 1,Aramco Spanish GPMadring,7,Bburago 1/43 - F1 Aston Martin Aramco F1 Team AMR23 2023 Collection Racing Alloy Car Die Cast Car Model (#18 Lance Stroll),$18.55,$18.55,$0.00,9,-6,9,N/A
May 30 - Jun 1,Aramco Spanish GPMadring,8,Aston Martin F1 2025 Men's Team Polo Green - Size: XL,$53.07,$53.07,$0.00,9,-6,9,N/A
May 30 - Jun 1,Aramco Spanish GPMadring,9,Aston Martin F1 2025 Fernando Alonso Team Hat,$24.00,$24.00,$0.00,9,-6,9,N/A
May 30 - Jun 1,Aramco Spanish GPMadring,10,"LEGO Speed Champions Aston Martin Aramco F1 AMR24 Race Car Toy - Building Set for Kids, Boys & Girls, Ages 10+ - Toy Car for F1 Fans - Gift Idea for Birthday - 77245",$21.99,$21.99,$0.00,9,-6,9,N/A
May 30 - Jun 1,Aramco Spanish GPMadring,11,Bburago 1/43 - F1 Aston Martin Aramco F1 Team AMR23 2023 Collection Racing Alloy Car Die Cast Car Model (#14 Fernando Alonso),$20.45,$20.45,$0.00,9,-6,9,N/A
May 30 - Jun 1,Aramco Spanish GPMadring,12,Aston Martin Formula One Official Team Cap Green,$24.99,$24.99,$0.00,9,-6,9,N/A
May 30 - Jun 1,Aramco Spanish GPMadring,13,PUMA Aston Martin F1 2026 Team Hat,$51.50,$51.50,$0.00,9,-6,9,N/A
May 30 - Jun 1,Aramco Spanish GPMadring,14,Aston Martin F1 Team Hat 2024 - Unisex - Green - One Size,$43.99,$43.99,$0.00,9,-6,9,N/A
May 30 - Jun 1,Aramco Spanish GPMadring,15,Aston Martin F1 Team Hat 2024 - Unisex - Black - One Size,$46.00,$46.00,$0.00,9,-6,9,N/A
May 30 - Jun 1,Aramco Spanish GPMadring,16,Aston Martin F1 2025 Team Hat- Green/White/Black,$41.64,$41.64,$0.00,9,-6,9,N/A
May 30 - Jun 1,Aramco Spanish GPMadring,17,Aston Martin F1 2025 Men's Team Polo Green,$53.07,$53.07,$0.00,9,-6,9,N/A
May 30 - Jun 1,Aramco Spanish GPMadring,18,Aston Martin F1 2025 Men's Team Tshirt Green,$55.44,$55.44,$0.00,9,-6,9,N/A
May 30 - Jun 1,Aramco Spanish GPMadring,19,CMC Motorsports Aston Martin Cognizant Aramco F1 Team Square Keyring,$14.99,$14.99,$0.00,9,-6,9,N/A
May 30 - Jun 1,Aramco Spanish GPMadring,20,Aston Martin Cognizant F1 Fernando Alonso Special Edition Kimoa Mexico GP Hat Multicolor,$24.90,$24.90,$0.00,9,-6,9,N/A
Jun 13 - 15,Pirelli Canadian GPCircuit Gilles-Villeneuve,1,Aston Martin F1 2025 Men's Team Polo Green - Size: XL,$53.07,$53.07,$0.00,24,+15,7,17
Jun 13 - 15,Pirelli Canadian GPCircuit Gilles-Villeneuve,2,Aston Martin F1 2025 Men's Team Tshirt Green,$55.44,$55.44,$0.00,24,+15,7,17
Jun 13 - 15,Pirelli Canadian GPCircuit Gilles-Villeneuve,3,Aston Martin F1 2025 Fernando Alonso Team Tshirt for Men Green,$64.68,$64.68,$0.00,24,+15,7,17
Jun 13 - 15,Pirelli Canadian GPCircuit Gilles-Villeneuve,4,Aston Martin F1 2025 Team Hat- Green/White/Black,$41.64,$41.64,$0.00,24,+15,7,17
Jun 13 - 15,Pirelli Canadian GPCircuit Gilles-Villeneuve,5,1:43 2025 Racing Aston Martin Aramco F1 Team AMR25 No.14 Fernando Alonso F1 18# Lance StrollAlloy Car Die Cast Car Model (1/43 AMR25 18#),$18.85,$18.85,$0.00,24,+15,7,17
Jun 13 - 15,Pirelli Canadian GPCircuit Gilles-Villeneuve,6,CMC Motorsports Aston Martin Cognizant F1 Exclusive Colorway Team Hat - One Size - Green,$19.99,$19.99,$0.00,24,+15,7,17
Jun 13 - 15,Pirelli Canadian GPCircuit Gilles-Villeneuve,7,Bburago 1/43 - F1 Aston Martin Aramco F1 Team AMR23 2023 Collection Racing Alloy Car Die Cast Car Model (#18 Lance Stroll),$18.55,$18.55,$0.00,24,+15,7,17
Jun 13 - 15,Pirelli Canadian GPCircuit Gilles-Villeneuve,8,Aston Martin F1 2025 Men's Team Polo Green - Size: XL,$53.07,$53.07,$0.00,24,+15,7,17
Jun 13 - 15,Pirelli Canadian GPCircuit Gilles-Villeneuve,9,Aston Martin F1 2025 Fernando Alonso Team Hat,$24.00,$24.00,$0.00,24,+15,7,17
Jun 13 - 15,Pirelli Canadian GPCircuit Gilles-Villeneuve,10,"LEGO Speed Champions Aston Martin Aramco F1 AMR24 Race Car Toy - Building Set for Kids, Boys & Girls, Ages 10+ - Toy Car for F1 Fans - Gift Idea for Birthday - 77245",$21.99,$21.99,$0.00,24,+15,7,17
Jun 13 - 15,Pirelli Canadian GPCircuit Gilles-Villeneuve,11,Bburago 1/43 - F1 Aston Martin Aramco F1 Team AMR23 2023 Collection Racing Alloy Car Die Cast Car Model (#14 Fernando Alonso),$20.45,$20.45,$0.00,24,+15,7,17
Jun 13 - 15,Pirelli Canadian GPCircuit Gilles-Villeneuve,12,Aston Martin Formula One Official Team Cap Green,$24.99,$24.99,$0.00,24,+15,7,17
Jun 13 - 15,Pirelli Canadian GPCircuit Gilles-Villeneuve,13,PUMA Aston Martin F1 2026 Team Hat,$51.50,$51.50,$0.00,24,+15,7,17
Jun 13 - 15,Pirelli Canadian GPCircuit Gilles-Villeneuve,14,Aston Martin F1 Team Hat 2024 - Unisex - Green - One Size,$43.99,$43.99,$0.00,24,+15,7,17
Jun 13 - 15,Pirelli Canadian GPCircuit Gilles-Villeneuve,15,Aston Martin F1 Team Hat 2024 - Unisex - Black - One Size,$46.00,$46.00,$0.00,24,+15,7,17
Jun 13 - 15,Pirelli Canadian GPCircuit Gilles-Villeneuve,16,Aston Martin F1 2025 Team Hat- Green/White/Black,$41.64,$41.64,$0.00,24,+15,7,17
Jun 13 - 15,Pirelli Canadian GPCircuit Gilles-Villeneuve,17,Aston Martin F1 2025 Men's Team Polo Green,$53.07,$53.07,$0.00,24,+15,7,17
Jun 13 - 15,Pirelli Canadian GPCircuit Gilles-Villeneuve,18,Aston Martin F1 2025 Men's Team Tshirt Green,$55.44,$55.44,$0.00,24,+15,7,17
Jun 13 - 15,Pirelli Canadian GPCircuit Gilles-Villeneuve,19,CMC Motorsports Aston Martin Cognizant Aramco F1 Team Square Keyring,$14.99,$14.99,$0.00,24,+15,7,17
Jun 13 - 15,Pirelli Canadian GPCircuit Gilles-Villeneuve,20,Aston Martin Cognizant F1 Fernando Alonso Special Edition Kimoa Mexico GP Hat Multicolor,$24.90,$24.90,$0.00,24,+15,7,17
Jun 27 - 29,MSC Cruises Austrian GPRed Bull Ring,1,Aston Martin F1 2025 Men's Team Polo Green - Size: XL,$53.07,$53.07,$0.00,21,-3,7,14
Jun 27 - 29,MSC Cruises Austrian GPRed Bull Ring,2,Aston Martin F1 2025 Men's Team Tshirt Green,$55.44,$55.44,$0.00,21,-3,7,14
Jun 27 - 29,MSC Cruises Austrian GPRed Bull Ring,3,Aston Martin F1 2025 Fernando Alonso Team Tshirt for Men Green,$64.68,$64.68,$0.00,21,-3,7,14
Jun 27 - 29,MSC Cruises Austrian GPRed Bull Ring,4,Aston Martin F1 2025 Team Hat- Green/White/Black,$41.64,$41.64,$0.00,21,-3,7,14
Jun 27 - 29,MSC Cruises Austrian GPRed Bull Ring,5,1:43 2025 Racing Aston Martin Aramco F1 Team AMR25 No.14 Fernando Alonso F1 18# Lance StrollAlloy Car Die Cast Car Model (1/43 AMR25 18#),$18.85,$18.85,$0.00,21,-3,7,14
Jun 27 - 29,MSC Cruises Austrian GPRed Bull Ring,6,CMC Motorsports Aston Martin Cognizant F1 Exclusive Colorway Team Hat - One Size - Green,$19.99,$19.99,$0.00,21,-3,7,14
Jun 27 - 29,MSC Cruises Austrian GPRed Bull Ring,7,Bburago 1/43 - F1 Aston Martin Aramco F1 Team AMR23 2023 Collection Racing Alloy Car Die Cast Car Model (#18 Lance Stroll),$18.55,$18.55,$0.00,21,-3,7,14
Jun 27 - 29,MSC Cruises Austrian GPRed Bull Ring,8,Aston Martin F1 2025 Men's Team Polo Green - Size: XL,$53.07,$53.07,$0.00,21,-3,7,14
Jun 27 - 29,MSC Cruises Austrian GPRed Bull Ring,9,Aston Martin F1 2025 Fernando Alonso Team Hat,$24.00,$24.00,$0.00,21,-3,7,14
Jun 27 - 29,MSC Cruises Austrian GPRed Bull Ring,10,"LEGO Speed Champions Aston Martin Aramco F1 AMR24 Race Car Toy - Building Set for Kids, Boys & Girls, Ages 10+ - Toy Car for F1 Fans - Gift Idea for Birthday - 77245",$21.99,$21.99,$0.00,21,-3,7,14
Jun 27 - 29,MSC Cruises Austrian GPRed Bull Ring,11,Bburago 1/43 - F1 Aston Martin Aramco F1 Team AMR23 2023 Collection Racing Alloy Car Die Cast Car Model (#14 Fernando Alonso),$20.45,$20.45,$0.00,21,-3,7,14
Jun 27 - 29,MSC Cruises Austrian GPRed Bull Ring,12,Aston Martin Formula One Official Team Cap Green,$24.99,$24.99,$0.00,21,-3,7,14
Jun 27 - 29,MSC Cruises Austrian GPRed Bull Ring,13,PUMA Aston Martin F1 2026 Team Hat,$51.50,$51.50,$0.00,21,-3,7,14
Jun 27 - 29,MSC Cruises Austrian GPRed Bull Ring,14,Aston Martin F1 Team Hat 2024 - Unisex - Green - One Size,$43.99,$43.99,$0.00,21,-3,7,14
Jun 27 - 29,MSC Cruises Austrian GPRed Bull Ring,15,Aston Martin F1 Team Hat 2024 - Unisex - Black - One Size,$46.00,$46.00,$0.00,21,-3,7,14
Jun 27 - 29,MSC Cruises Austrian GPRed Bull Ring,16,Aston Martin F1 2025 Team Hat- Green/White/Black,$41.64,$41.64,$0.00,21,-3,7,14
Jun 27 - 29,MSC Cruises Austrian GPRed Bull Ring,17,Aston Martin F1 2025 Men's Team Polo Green,$53.07,$53.07,$0.00,21,-3,7,14
Jun 27 - 29,MSC Cruises Austrian GPRed Bull Ring,18,Aston Martin F1 2025 Men's Team Tshirt Green,$55.44,$55.44,$0.00,21,-3,7,14
Jun 27 - 29,MSC Cruises Austrian GPRed Bull Ring,19,CMC Motorsports Aston Martin Cognizant Aramco F1 Team Square Keyring,$14.99,$14.99,$0.00,21,-3,7,14
Jun 27 - 29,MSC Cruises Austrian GPRed Bull Ring,20,Aston Martin Cognizant F1 Fernando Alonso Special Edition Kimoa Mexico GP Hat Multicolor,$24.90,$24.90,$0.00,21,-3,7,14
Jul 4 - 6,Qatar Airways British GPSilverstone Circuit,1,Aston Martin F1 2025 Men's Team Polo Green - Size: XL,$53.07,$53.07,$0.00,16,-5,9,7
Jul 4 - 6,Qatar Airways British GPSilverstone Circuit,2,Aston Martin F1 2025 Men's Team Tshirt Green,$55.44,$55.44,$0.00,16,-5,9,7
Jul 4 - 6,Qatar Airways British GPSilverstone Circuit,3,Aston Martin F1 2025 Fernando Alonso Team Tshirt for Men Green,$64.68,$64.68,$0.00,16,-5,9,7
Jul 4 - 6,Qatar Airways British GPSilverstone Circuit,4,Aston Martin F1 2025 Team Hat- Green/White/Black,$41.64,$41.64,$0.00,16,-5,9,7
Jul 4 - 6,Qatar Airways British GPSilverstone Circuit,5,1:43 2025 Racing Aston Martin Aramco F1 Team AMR25 No.14 Fernando Alonso F1 18# Lance StrollAlloy Car Die Cast Car Model (1/43 AMR25 18#),$18.85,$18.85,$0.00,16,-5,9,7
Jul 4 - 6,Qatar Airways British GPSilverstone Circuit,6,CMC Motorsports Aston Martin Cognizant F1 Exclusive Colorway Team Hat - One Size - Green,$19.99,$19.99,$0.00,16,-5,9,7
Jul 4 - 6,Qatar Airways British GPSilverstone Circuit,7,Bburago 1/43 - F1 Aston Martin Aramco F1 Team AMR23 2023 Collection Racing Alloy Car Die Cast Car Model (#18 Lance Stroll),$18.55,$18.55,$0.00,16,-5,9,7
Jul 4 - 6,Qatar Airways British GPSilverstone Circuit,8,Aston Martin F1 2025 Men's Team Polo Green - Size: XL,$53.07,$53.07,$0.00,16,-5,9,7
Jul 4 - 6,Qatar Airways British GPSilverstone Circuit,9,Aston Martin F1 2025 Fernando Alonso Team Hat,$24.00,$24.00,$0.00,16,-5,9,7
Jul 4 - 6,Qatar Airways British GPSilverstone Circuit,10,"LEGO Speed Champions Aston Martin Aramco F1 AMR24 Race Car Toy - Building Set for Kids, Boys & Girls, Ages 10+ - Toy Car for F1 Fans - Gift Idea for Birthday - 77245",$21.99,$21.99,$0.00,16,-5,9,7
Jul 4 - 6,Qatar Airways British GPSilverstone Circuit,11,Bburago 1/43 - F1 Aston Martin Aramco F1 Team AMR23 2023 Collection Racing Alloy Car Die Cast Car Model (#14 Fernando Alonso),$20.45,$20.45,$0.00,16,-5,9,7
Jul 4 - 6,Qatar Airways British GPSilverstone Circuit,12,Aston Martin Formula One Official Team Cap Green,$24.99,$24.99,$0.00,16,-5,9,7
Jul 4 - 6,Qatar Airways British GPSilverstone Circuit,13,PUMA Aston Martin F1 2026 Team Hat,$51.50,$51.50,$0.00,16,-5,9,7
Jul 4 - 6,Qatar Airways British GPSilverstone Circuit,14,Aston Martin F1 Team Hat 2024 - Unisex - Green - One Size,$43.99,$43.99,$0.00,16,-5,9,7
Jul 4 - 6,Qatar Airways British GPSilverstone Circuit,15,Aston Martin F1 Team Hat 2024 - Unisex - Black - One Size,$46.00,$46.00,$0.00,16,-5,9,7
Jul 4 - 6,Qatar Airways British GPSilverstone Circuit,16,Aston Martin F1 2025 Team Hat- Green/White/Black,$41.64,$41.64,$0.00,16,-5,9,7
Jul 4 - 6,Qatar Airways British GPSilverstone Circuit,17,Aston Martin F1 2025 Men's Team Polo Green,$53.07,$53.07,$0.00,16,-5,9,7
Jul 4 - 6,Qatar Airways British GPSilverstone Circuit,18,Aston Martin F1 2025 Men's Team Tshirt Green,$55.44,$55.44,$0.00,16,-5,9,7
Jul 4 - 6,Qatar Airways British GPSilverstone Circuit,19,CMC Motorsports Aston Martin Cognizant Aramco F1 Team Square Keyring,$14.99,$14.99,$0.00,16,-5,9,7
Jul 4 - 6,Qatar Airways British GPSilverstone Circuit,20,Aston Martin Cognizant F1 Fernando Alonso Special Edition Kimoa Mexico GP Hat Multicolor,$24.90,$24.90,$0.00,16,-5,9,7
Jul 25 - 27,Moët & Chandon Belgian GPCircuit de Spa-Francorchamps,1,Aston Martin F1 2025 Men's Team Polo Green - Size: XL,$53.07,$53.07,$0.00,31,+15,17,14
Jul 25 - 27,Moët & Chandon Belgian GPCircuit de Spa-Francorchamps,2,Aston Martin F1 2025 Men's Team Tshirt Green,$55.44,$55.44,$0.00,31,+15,17,14
Jul 25 - 27,Moët & Chandon Belgian GPCircuit de Spa-Francorchamps,3,Aston Martin F1 2025 Fernando Alonso Team Tshirt for Men Green,$64.68,$64.68,$0.00,31,+15,17,14
Jul 25 - 27,Moët & Chandon Belgian GPCircuit de Spa-Francorchamps,4,Aston Martin F1 2025 Team Hat- Green/White/Black,$41.64,$41.64,$0.00,31,+15,17,14
Jul 25 - 27,Moët & Chandon Belgian GPCircuit de Spa-Francorchamps,5,1:43 2025 Racing Aston Martin Aramco F1 Team AMR25 No.14 Fernando Alonso F1 18# Lance StrollAlloy Car Die Cast Car Model (1/43 AMR25 18#),$18.85,$18.85,$0.00,31,+15,17,14
Jul 25 - 27,Moët & Chandon Belgian GPCircuit de Spa-Francorchamps,6,CMC Motorsports Aston Martin Cognizant F1 Exclusive Colorway Team Hat - One Size - Green,$19.99,$19.99,$0.00,31,+15,17,14
Jul 25 - 27,Moët & Chandon Belgian GPCircuit de Spa-Francorchamps,7,Bburago 1/43 - F1 Aston Martin Aramco F1 Team AMR23 2023 Collection Racing Alloy Car Die Cast Car Model (#18 Lance Stroll),$18.55,$18.55,$0.00,31,+15,17,14
Jul 25 - 27,Moët & Chandon Belgian GPCircuit de Spa-Francorchamps,8,Aston Martin F1 2025 Men's Team Polo Green - Size: XL,$53.07,$53.07,$0.00,31,+15,17,14
Jul 25 - 27,Moët & Chandon Belgian GPCircuit de Spa-Francorchamps,9,Aston Martin F1 2025 Fernando Alonso Team Hat,$24.00,$24.00,$0.00,31,+15,17,14
Jul 25 - 27,Moët & Chandon Belgian GPCircuit de Spa-Francorchamps,10,"LEGO Speed Champions Aston Martin Aramco F1 AMR24 Race Car Toy - Building Set for Kids, Boys & Girls, Ages 10+ - Toy Car for F1 Fans - Gift Idea for Birthday - 77245",$21.99,$21.99,$0.00,31,+15,17,14
Jul 25 - 27,Moët & Chandon Belgian GPCircuit de Spa-Francorchamps,11,Bburago 1/43 - F1 Aston Martin Aramco F1 Team AMR23 2023 Collection Racing Alloy Car Die Cast Car Model (#14 Fernando Alonso),$20.45,$20.45,$0.00,31,+15,17,14
Jul 25 - 27,Moët & Chandon Belgian GPCircuit de Spa-Francorchamps,12,Aston Martin Formula One Official Team Cap Green,$24.99,$24.99,$0.00,31,+15,17,14
Jul 25 - 27,Moët & Chandon Belgian GPCircuit de Spa-Francorchamps,13,PUMA Aston Martin F1 2026 Team Hat,$51.50,$51.50,$0.00,31,+15,17,14
Jul 25 - 27,Moët & Chandon Belgian GPCircuit de Spa-Francorchamps,14,Aston Martin F1 Team Hat 2024 - Unisex - Green - One Size,$43.99,$43.99,$0.00,31,+15,17,14
Jul 25 - 27,Moët & Chandon Belgian GPCircuit de Spa-Francorchamps,15,Aston Martin F1 Team Hat 2024 - Unisex - Black - One Size,$46.00,$46.00,$0.00,31,+15,17,14
Jul 25 - 27,Moët & Chandon Belgian GPCircuit de Spa-Francorchamps,16,Aston Martin F1 2025 Team Hat- Green/White/Black,$41.64,$41.64,$0.00,31,+15,17,14
Jul 25 - 27,Moët & Chandon Belgian GPCircuit de Spa-Francorchamps,17,Aston Martin F1 2025 Men's Team Polo Green,$53.07,$53.07,$0.00,31,+15,17,14
Jul 25 - 27,Moët & Chandon Belgian GPCircuit de Spa-Francorchamps,18,Aston Martin F1 2025 Men's Team Tshirt Green,$55.44,$55.44,$0.00,31,+15,17,14
Jul 25 - 27,Moët & Chandon Belgian GPCircuit de Spa-Francorchamps,19,CMC Motorsports Aston Martin Cognizant Aramco F1 Team Square Keyring,$14.99,$14.99,$0.00,31,+15,17,14
Jul 25 - 27,Moët & Chandon Belgian GPCircuit de Spa-Francorchamps,20,Aston Martin Cognizant F1 Fernando Alonso Special Edition Kimoa Mexico GP Hat Multicolor,$24.90,$24.90,$0.00,31,+15,17,14
Aug 1 - 3,Lenovo Hungarian GPHungaroring,1,Aston Martin F1 2025 Men's Team Polo Green - Size: XL,$53.07,$53.07,$0.00,12,-19,5,7
Aug 1 - 3,Lenovo Hungarian GPHungaroring,2,Aston Martin F1 2025 Men's Team Tshirt Green,$55.44,$55.44,$0.00,12,-19,5,7
Aug 1 - 3,Lenovo Hungarian GPHungaroring,3,Aston Martin F1 2025 Fernando Alonso Team Tshirt for Men Green,$64.68,$64.68,$0.00,12,-19,5,7
Aug 1 - 3,Lenovo Hungarian GPHungaroring,4,Aston Martin F1 2025 Team Hat- Green/White/Black,$41.64,$41.64,$0.00,12,-19,5,7
Aug 1 - 3,Lenovo Hungarian GPHungaroring,5,1:43 2025 Racing Aston Martin Aramco F1 Team AMR25 No.14 Fernando Alonso F1 18# Lance StrollAlloy Car Die Cast Car Model (1/43 AMR25 18#),$18.85,$18.85,$0.00,12,-19,5,7
Aug 1 - 3,Lenovo Hungarian GPHungaroring,6,CMC Motorsports Aston Martin Cognizant F1 Exclusive Colorway Team Hat - One Size - Green,$19.99,$19.99,$0.00,12,-19,5,7
Aug 1 - 3,Lenovo Hungarian GPHungaroring,7,Bburago 1/43 - F1 Aston Martin Aramco F1 Team AMR23 2023 Collection Racing Alloy Car Die Cast Car Model (#18 Lance Stroll),$18.55,$18.55,$0.00,12,-19,5,7
Aug 1 - 3,Lenovo Hungarian GPHungaroring,8,Aston Martin F1 2025 Men's Team Polo Green - Size: XL,$53.07,$53.07,$0.00,12,-19,5,7
Aug 1 - 3,Lenovo Hungarian GPHungaroring,9,Aston Martin F1 2025 Fernando Alonso Team Hat,$24.00,$24.00,$0.00,12,-19,5,7
Aug 1 - 3,Lenovo Hungarian GPHungaroring,10,"LEGO Speed Champions Aston Martin Aramco F1 AMR24 Race Car Toy - Building Set for Kids, Boys & Girls, Ages 10+ - Toy Car for F1 Fans - Gift Idea for Birthday - 77245",$21.99,$21.99,$0.00,12,-19,5,7
Aug 1 - 3,Lenovo Hungarian GPHungaroring,11,Bburago 1/43 - F1 Aston Martin Aramco F1 Team AMR23 2023 Collection Racing Alloy Car Die Cast Car Model (#14 Fernando Alonso),$20.45,$20.45,$0.00,12,-19,5,7
Aug 1 - 3,Lenovo Hungarian GPHungaroring,12,Aston Martin Formula One Official Team Cap Green,$24.99,$24.99,$0.00,12,-19,5,7
Aug 1 - 3,Lenovo Hungarian GPHungaroring,13,PUMA Aston Martin F1 2026 Team Hat,$51.50,$51.50,$0.00,12,-19,5,7
Aug 1 - 3,Lenovo Hungarian GPHungaroring,14,Aston Martin F1 Team Hat 2024 - Unisex - Green - One Size,$43.99,$43.99,$0.00,12,-19,5,7
Aug 1 - 3,Lenovo Hungarian GPHungaroring,15,Aston Martin F1 Team Hat 2024 - Unisex - Black - One Size,$46.00,$46.00,$0.00,12,-19,5,7
Aug 1 - 3,Lenovo Hungarian GPHungaroring,16,Aston Martin F1 2025 Team Hat- Green/White/Black,$41.64,$41.64,$0.00,12,-19,5,7
Aug 1 - 3,Lenovo Hungarian GPHungaroring,17,Aston Martin F1 2025 Men's Team Polo Green,$53.07,$53.07,$0.00,12,-19,5,7
Aug 1 - 3,Lenovo Hungarian GPHungaroring,18,Aston Martin F1 2025 Men's Team Tshirt Green,$55.44,$55.44,$0.00,12,-19,5,7
Aug 1 - 3,Lenovo Hungarian GPHungaroring,19,CMC Motorsports Aston Martin Cognizant Aramco F1 Team Square Keyring,$14.99,$14.99,$0.00,12,-19,5,7
Aug 1 - 3,Lenovo Hungarian GPHungaroring,20,Aston Martin Cognizant F1 Fernando Alonso Special Edition Kimoa Mexico GP Hat Multicolor,$24.90,$24.90,$0.00,12,-19,5,7
Aug 29 - 31,Heineken Dutch GPCircuit Park Zandvoort,1,Aston Martin F1 2025 Men's Team Polo Green - Size: XL,$53.07,$53.07,$0.00,15,+3,8,7
Aug 29 - 31,Heineken Dutch GPCircuit Park Zandvoort,2,Aston Martin F1 2025 Men's Team Tshirt Green,$55.44,$55.44,$0.00,15,+3,8,7
Aug 29 - 31,Heineken Dutch GPCircuit Park Zandvoort,3,Aston Martin F1 2025 Fernando Alonso Team Tshirt for Men Green,$64.68,$64.68,$0.00,15,+3,8,7
Aug 29 - 31,Heineken Dutch GPCircuit Park Zandvoort,4,Aston Martin F1 2025 Team Hat- Green/White/Black,$41.64,$41.64,$0.00,15,+3,8,7
Aug 29 - 31,Heineken Dutch GPCircuit Park Zandvoort,5,1:43 2025 Racing Aston Martin Aramco F1 Team AMR25 No.14 Fernando Alonso F1 18# Lance StrollAlloy Car Die Cast Car Model (1/43 AMR25 18#),$18.85,$18.85,$0.00,15,+3,8,7
Aug 29 - 31,Heineken Dutch GPCircuit Park Zandvoort,6,CMC Motorsports Aston Martin Cognizant F1 Exclusive Colorway Team Hat - One Size - Green,$19.99,$19.99,$0.00,15,+3,8,7
Aug 29 - 31,Heineken Dutch GPCircuit Park Zandvoort,7,Bburago 1/43 - F1 Aston Martin Aramco F1 Team AMR23 2023 Collection Racing Alloy Car Die Cast Car Model (#18 Lance Stroll),$18.55,$18.55,$0.00,15,+3,8,7
Aug 29 - 31,Heineken Dutch GPCircuit Park Zandvoort,8,Aston Martin F1 2025 Men's Team Polo Green - Size: XL,$53.07,$53.07,$0.00,15,+3,8,7
Aug 29 - 31,Heineken Dutch GPCircuit Park Zandvoort,9,Aston Martin F1 2025 Fernando Alonso Team Hat,$24.00,$24.00,$0.00,15,+3,8,7
Aug 29 - 31,Heineken Dutch GPCircuit Park Zandvoort,10,"LEGO Speed Champions Aston Martin Aramco F1 AMR24 Race Car Toy - Building Set for Kids, Boys & Girls, Ages 10+ - Toy Car for F1 Fans - Gift Idea for Birthday - 77245",$21.99,$21.99,$0.00,15,+3,8,7
Aug 29 - 31,Heineken Dutch GPCircuit Park Zandvoort,11,Bburago 1/43 - F1 Aston Martin Aramco F1 Team AMR23 2023 Collection Racing Alloy Car Die Cast Car Model (#14 Fernando Alonso),$20.45,$20.45,$0.00,15,+3,8,7
Aug 29 - 31,Heineken Dutch GPCircuit Park Zandvoort,12,Aston Martin Formula One Official Team Cap Green,$24.99,$24.99,$0.00,15,+3,8,7
Aug 29 - 31,Heineken Dutch GPCircuit Park Zandvoort,13,PUMA Aston Martin F1 2026 Team Hat,$51.50,$51.50,$0.00,15,+3,8,7
Aug 29 - 31,Heineken Dutch GPCircuit Park Zandvoort,14,Aston Martin F1 Team Hat 2024 - Unisex - Green - One Size,$43.99,$43.99,$0.00,15,+3,8,7
Aug 29 - 31,Heineken Dutch GPCircuit Park Zandvoort,15,Aston Martin F1 Team Hat 2024 - Unisex - Black - One Size,$46.00,$46.00,$0.00,15,+3,8,7
Aug 29 - 31,Heineken Dutch GPCircuit Park Zandvoort,16,Aston Martin F1 2025 Team Hat- Green/White/Black,$41.64,$41.64,$0.00,15,+3,8,7
Aug 29 - 31,Heineken Dutch GPCircuit Park Zandvoort,17,Aston Martin F1 2025 Men's Team Polo Green,$53.07,$53.07,$0.00,15,+3,8,7
Aug 29 - 31,Heineken Dutch GPCircuit Park Zandvoort,18,Aston Martin F1 2025 Men's Team Tshirt Green,$55.44,$55.44,$0.00,15,+3,8,7
Aug 29 - 31,Heineken Dutch GPCircuit Park Zandvoort,19,CMC Motorsports Aston Martin Cognizant Aramco F1 Team Square Keyring,$14.99,$14.99,$0.00,15,+3,8,7
Aug 29 - 31,Heineken Dutch GPCircuit Park Zandvoort,20,Aston Martin Cognizant F1 Fernando Alonso Special Edition Kimoa Mexico GP Hat Multicolor,$24.90,$24.90,$0.00,15,+3,8,7
Sep 5 - 7,Pirelli Italian GPAutodromo Nazionale Monza,1,Aston Martin F1 2025 Men's Team Polo Green - Size: XL,$53.07,$53.07,$0.00,18,+3,Ret,18
Sep 5 - 7,Pirelli Italian GPAutodromo Nazionale Monza,2,Aston Martin F1 2025 Men's Team Tshirt Green,$55.44,$55.44,$0.00,18,+3,Ret,18
Sep 5 - 7,Pirelli Italian GPAutodromo Nazionale Monza,3,Aston Martin F1 2025 Fernando Alonso Team Tshirt for Men Green,$64.68,$64.68,$0.00,18,+3,Ret,18
Sep 5 - 7,Pirelli Italian GPAutodromo Nazionale Monza,4,Aston Martin F1 2025 Team Hat- Green/White/Black,$41.64,$41.64,$0.00,18,+3,Ret,18
Sep 5 - 7,Pirelli Italian GPAutodromo Nazionale Monza,5,1:43 2025 Racing Aston Martin Aramco F1 Team AMR25 No.14 Fernando Alonso F1 18# Lance StrollAlloy Car Die Cast Car Model (1/43 AMR25 18#),$18.85,$18.85,$0.00,18,+3,Ret,18
Sep 5 - 7,Pirelli Italian GPAutodromo Nazionale Monza,6,CMC Motorsports Aston Martin Cognizant F1 Exclusive Colorway Team Hat - One Size - Green,$19.99,$19.99,$0.00,18,+3,Ret,18
Sep 5 - 7,Pirelli Italian GPAutodromo Nazionale Monza,7,Bburago 1/43 - F1 Aston Martin Aramco F1 Team AMR23 2023 Collection Racing Alloy Car Die Cast Car Model (#18 Lance Stroll),$18.55,$18.55,$0.00,18,+3,Ret,18
Sep 5 - 7,Pirelli Italian GPAutodromo Nazionale Monza,8,Aston Martin F1 2025 Men's Team Polo Green - Size: XL,$53.07,$53.07,$0.00,18,+3,Ret,18
Sep 5 - 7,Pirelli Italian GPAutodromo Nazionale Monza,9,Aston Martin F1 2025 Fernando Alonso Team Hat,$24.00,$24.00,$0.00,18,+3,Ret,18
Sep 5 - 7,Pirelli Italian GPAutodromo Nazionale Monza,10,"LEGO Speed Champions Aston Martin Aramco F1 AMR24 Race Car Toy - Building Set for Kids, Boys & Girls, Ages 10+ - Toy Car for F1 Fans - Gift Idea for Birthday - 77245",$21.99,$21.99,$0.00,18,+3,Ret,18
Sep 5 - 7,Pirelli Italian GPAutodromo Nazionale Monza,11,Bburago 1/43 - F1 Aston Martin Aramco F1 Team AMR23 2023 Collection Racing Alloy Car Die Cast Car Model (#14 Fernando Alonso),$20.45,$20.45,$0.00,18,+3,Ret,18
Sep 5 - 7,Pirelli Italian GPAutodromo Nazionale Monza,12,Aston Martin Formula One Official Team Cap Green,$24.99,$24.99,$0.00,18,+3,Ret,18
Sep 5 - 7,Pirelli Italian GPAutodromo Nazionale Monza,13,PUMA Aston Martin F1 2026 Team Hat,$51.50,$51.50,$0.00,18,+3,Ret,18
Sep 5 - 7,Pirelli Italian GPAutodromo Nazionale Monza,14,Aston Martin F1 Team Hat 2024 - Unisex - Green - One Size,$43.99,$43.99,$0.00,18,+3,Ret,18
Sep 5 - 7,Pirelli Italian GPAutodromo Nazionale Monza,15,Aston Martin F1 Team Hat 2024 - Unisex - Black - One Size,$46.00,$46.00,$0.00,18,+3,Ret,18
Sep 5 - 7,Pirelli Italian GPAutodromo Nazionale Monza,16,Aston Martin F1 2025 Team Hat- Green/White/Black,$41.64,$41.64,$0.00,18,+3,Ret,18
Sep 5 - 7,Pirelli Italian GPAutodromo Nazionale Monza,17,Aston Martin F1 2025 Men's Team Polo Green,$53.07,$53.07,$0.00,18,+3,Ret,18
Sep 5 - 7,Pirelli Italian GPAutodromo Nazionale Monza,18,Aston Martin F1 2025 Men's Team Tshirt Green,$55.44,$55.44,$0.00,18,+3,Ret,18
Sep 5 - 7,Pirelli Italian GPAutodromo Nazionale Monza,19,CMC Motorsports Aston Martin Cognizant Aramco F1 Team Square Keyring,$14.99,$14.99,$0.00,18,+3,Ret,18
Sep 5 - 7,Pirelli Italian GPAutodromo Nazionale Monza,20,Aston Martin Cognizant F1 Fernando Alonso Special Edition Kimoa Mexico GP Hat Multicolor,$24.90,$24.90,$0.00,18,+3,Ret,18
Sep 19 - 21,Qatar Airways Azerbaijan GPBaku City Circuit,1,Aston Martin F1 2025 Men's Team Polo Green - Size: XL,$53.07,$53.07,$0.00,32,+14,15,17
Sep 19 - 21,Qatar Airways Azerbaijan GPBaku City Circuit,2,Aston Martin F1 2025 Men's Team Tshirt Green,$55.44,$55.44,$0.00,32,+14,15,17
Sep 19 - 21,Qatar Airways Azerbaijan GPBaku City Circuit,3,Aston Martin F1 2025 Fernando Alonso Team Tshirt for Men Green,$64.68,$64.68,$0.00,32,+14,15,17
Sep 19 - 21,Qatar Airways Azerbaijan GPBaku City Circuit,4,Aston Martin F1 2025 Team Hat- Green/White/Black,$41.64,$41.64,$0.00,32,+14,15,17
Sep 19 - 21,Qatar Airways Azerbaijan GPBaku City Circuit,5,1:43 2025 Racing Aston Martin Aramco F1 Team AMR25 No.14 Fernando Alonso F1 18# Lance StrollAlloy Car Die Cast Car Model (1/43 AMR25 18#),$18.85,$18.85,$0.00,32,+14,15,17
Sep 19 - 21,Qatar Airways Azerbaijan GPBaku City Circuit,6,CMC Motorsports Aston Martin Cognizant F1 Exclusive Colorway Team Hat - One Size - Green,$19.99,$19.99,$0.00,32,+14,15,17
Sep 19 - 21,Qatar Airways Azerbaijan GPBaku City Circuit,7,Bburago 1/43 - F1 Aston Martin Aramco F1 Team AMR23 2023 Collection Racing Alloy Car Die Cast Car Model (#18 Lance Stroll),$18.55,$18.55,$0.00,32,+14,15,17
Sep 19 - 21,Qatar Airways Azerbaijan GPBaku City Circuit,8,Aston Martin F1 2025 Men's Team Polo Green - Size: XL,$53.07,$53.07,$0.00,32,+14,15,17
Sep 19 - 21,Qatar Airways Azerbaijan GPBaku City Circuit,9,Aston Martin F1 2025 Fernando Alonso Team Hat,$24.00,$24.00,$0.00,32,+14,15,17
Sep 19 - 21,Qatar Airways Azerbaijan GPBaku City Circuit,10,"LEGO Speed Champions Aston Martin Aramco F1 AMR24 Race Car Toy - Building Set for Kids, Boys & Girls, Ages 10+ - Toy Car for F1 Fans - Gift Idea for Birthday - 77245",$21.99,$21.99,$0.00,32,+14,15,17
Sep 19 - 21,Qatar Airways Azerbaijan GPBaku City Circuit,11,Bburago 1/43 - F1 Aston Martin Aramco F1 Team AMR23 2023 Collection Racing Alloy Car Die Cast Car Model (#14 Fernando Alonso),$20.45,$20.45,$0.00,32,+14,15,17
Sep 19 - 21,Qatar Airways Azerbaijan GPBaku City Circuit,12,Aston Martin Formula One Official Team Cap Green,$24.99,$24.99,$0.00,32,+14,15,17
Sep 19 - 21,Qatar Airways Azerbaijan GPBaku City Circuit,13,PUMA Aston Martin F1 2026 Team Hat,$51.50,$51.50,$0.00,32,+14,15,17
Sep 19 - 21,Qatar Airways Azerbaijan GPBaku City Circuit,14,Aston Martin F1 Team Hat 2024 - Unisex - Green - One Size,$43.99,$43.99,$0.00,32,+14,15,17
Sep 19 - 21,Qatar Airways Azerbaijan GPBaku City Circuit,15,Aston Martin F1 Team Hat 2024 - Unisex - Black - One Size,$46.00,$46.00,$0.00,32,+14,15,17
Sep 19 - 21,Qatar Airways Azerbaijan GPBaku City Circuit,16,Aston Martin F1 2025 Team Hat- Green/White/Black,$41.64,$41.64,$0.00,32,+14,15,17
Sep 19 - 21,Qatar Airways Azerbaijan GPBaku City Circuit,17,Aston Martin F1 2025 Men's Team Polo Green,$53.07,$53.07,$0.00,32,+14,15,17
Sep 19 - 21,Qatar Airways Azerbaijan GPBaku City Circuit,18,Aston Martin F1 2025 Men's Team Tshirt Green,$55.44,$55.44,$0.00,32,+14,15,17
Sep 19 - 21,Qatar Airways Azerbaijan GPBaku City Circuit,19,CMC Motorsports Aston Martin Cognizant Aramco F1 Team Square Keyring,$14.99,$14.99,$0.00,32,+14,15,17
Sep 19 - 21,Qatar Airways Azerbaijan GPBaku City Circuit,20,Aston Martin Cognizant F1 Fernando Alonso Special Edition Kimoa Mexico GP Hat Multicolor,$24.90,$24.90,$0.00,32,+14,15,17
Oct 3 - 5,Singapore Airlines Singapore GPMarina Bay Street Circuit,1,Aston Martin F1 2025 Men's Team Polo Green - Size: XL,$53.07,$53.07,$0.00,20,-12,7,13
Oct 3 - 5,Singapore Airlines Singapore GPMarina Bay Street Circuit,2,Aston Martin F1 2025 Men's Team Tshirt Green,$55.44,$55.44,$0.00,20,-12,7,13
Oct 3 - 5,Singapore Airlines Singapore GPMarina Bay Street Circuit,3,Aston Martin F1 2025 Fernando Alonso Team Tshirt for Men Green,$64.68,$64.68,$0.00,20,-12,7,13
Oct 3 - 5,Singapore Airlines Singapore GPMarina Bay Street Circuit,4,Aston Martin F1 2025 Team Hat- Green/White/Black,$41.64,$41.64,$0.00,20,-12,7,13
Oct 3 - 5,Singapore Airlines Singapore GPMarina Bay Street Circuit,5,1:43 2025 Racing Aston Martin Aramco F1 Team AMR25 No.14 Fernando Alonso F1 18# Lance StrollAlloy Car Die Cast Car Model (1/43 AMR25 18#),$18.85,$18.85,$0.00,20,-12,7,13
Oct 3 - 5,Singapore Airlines Singapore GPMarina Bay Street Circuit,6,CMC Motorsports Aston Martin Cognizant F1 Exclusive Colorway Team Hat - One Size - Green,$19.99,$19.99,$0.00,20,-12,7,13
Oct 3 - 5,Singapore Airlines Singapore GPMarina Bay Street Circuit,7,Bburago 1/43 - F1 Aston Martin Aramco F1 Team AMR23 2023 Collection Racing Alloy Car Die Cast Car Model (#18 Lance Stroll),$18.55,$18.55,$0.00,20,-12,7,13
Oct 3 - 5,Singapore Airlines Singapore GPMarina Bay Street Circuit,8,Aston Martin F1 2025 Men's Team Polo Green - Size: XL,$53.07,$53.07,$0.00,20,-12,7,13
Oct 3 - 5,Singapore Airlines Singapore GPMarina Bay Street Circuit,9,Aston Martin F1 2025 Fernando Alonso Team Hat,$24.00,$24.00,$0.00,20,-12,7,13
Oct 3 - 5,Singapore Airlines Singapore GPMarina Bay Street Circuit,10,"LEGO Speed Champions Aston Martin Aramco F1 AMR24 Race Car Toy - Building Set for Kids, Boys & Girls, Ages 10+ - Toy Car for F1 Fans - Gift Idea for Birthday - 77245",$21.99,$21.99,$0.00,20,-12,7,13
Oct 3 - 5,Singapore Airlines Singapore GPMarina Bay Street Circuit,11,Bburago 1/43 - F1 Aston Martin Aramco F1 Team AMR23 2023 Collection Racing Alloy Car Die Cast Car Model (#14 Fernando Alonso),$20.45,$20.45,$0.00,20,-12,7,13
Oct 3 - 5,Singapore Airlines Singapore GPMarina Bay Street Circuit,12,Aston Martin Formula One Official Team Cap Green,$24.99,$24.99,$0.00,20,-12,7,13
Oct 3 - 5,Singapore Airlines Singapore GPMarina Bay Street Circuit,13,PUMA Aston Martin F1 2026 Team Hat,$51.50,$51.50,$0.00,20,-12,7,13
Oct 3 - 5,Singapore Airlines Singapore GPMarina Bay Street Circuit,14,Aston Martin F1 Team Hat 2024 - Unisex - Green - One Size,$43.99,$43.99,$0.00,20,-12,7,13
Oct 3 - 5,Singapore Airlines Singapore GPMarina Bay Street Circuit,15,Aston Martin F1 Team Hat 2024 - Unisex - Black - One Size,$46.00,$46.00,$0.00,20,-12,7,13
Oct 3 - 5,Singapore Airlines Singapore GPMarina Bay Street Circuit,16,Aston Martin F1 2025 Team Hat- Green/White/Black,$41.64,$41.64,$0.00,20,-12,7,13
Oct 3 - 5,Singapore Airlines Singapore GPMarina Bay Street Circuit,17,Aston Martin F1 2025 Men's Team Polo Green,$53.07,$53.07,$0.00,20,-12,7,13
Oct 3 - 5,Singapore Airlines Singapore GPMarina Bay Street Circuit,18,Aston Martin F1 2025 Men's Team Tshirt Green,$55.44,$55.44,$0.00,20,-12,7,13
Oct 3 - 5,Singapore Airlines Singapore GPMarina Bay Street Circuit,19,CMC Motorsports Aston Martin Cognizant Aramco F1 Team Square Keyring,$14.99,$14.99,$0.00,20,-12,7,13
Oct 3 - 5,Singapore Airlines Singapore GPMarina Bay Street Circuit,20,Aston Martin Cognizant F1 Fernando Alonso Special Edition Kimoa Mexico GP Hat Multicolor,$24.90,$24.90,$0.00,20,-12,7,13
Oct 17 - 19,MSC Cruises United States GPCircuit of the Americas,1,Aston Martin F1 2025 Men's Team Polo Green - Size: XL,$53.07,$53.07,$0.00,22,+2,10,12
Oct 17 - 19,MSC Cruises United States GPCircuit of the Americas,2,Aston Martin F1 2025 Men's Team Tshirt Green,$55.44,$55.44,$0.00,22,+2,10,12
Oct 17 - 19,MSC Cruises United States GPCircuit of the Americas,3,Aston Martin F1 2025 Fernando Alonso Team Tshirt for Men Green,$64.68,$64.68,$0.00,22,+2,10,12
Oct 17 - 19,MSC Cruises United States GPCircuit of the Americas,4,Aston Martin F1 2025 Team Hat- Green/White/Black,$41.64,$41.64,$0.00,22,+2,10,12
Oct 17 - 19,MSC Cruises United States GPCircuit of the Americas,5,1:43 2025 Racing Aston Martin Aramco F1 Team AMR25 No.14 Fernando Alonso F1 18# Lance StrollAlloy Car Die Cast Car Model (1/43 AMR25 18#),$18.85,$18.85,$0.00,22,+2,10,12
Oct 17 - 19,MSC Cruises United States GPCircuit of the Americas,6,CMC Motorsports Aston Martin Cognizant F1 Exclusive Colorway Team Hat - One Size - Green,$19.99,$19.99,$0.00,22,+2,10,12
Oct 17 - 19,MSC Cruises United States GPCircuit of the Americas,7,Bburago 1/43 - F1 Aston Martin Aramco F1 Team AMR23 2023 Collection Racing Alloy Car Die Cast Car Model (#18 Lance Stroll),$18.55,$18.55,$0.00,22,+2,10,12
Oct 17 - 19,MSC Cruises United States GPCircuit of the Americas,8,Aston Martin F1 2025 Men's Team Polo Green - Size: XL,$53.07,$53.07,$0.00,22,+2,10,12
Oct 17 - 19,MSC Cruises United States GPCircuit of the Americas,9,Aston Martin F1 2025 Fernando Alonso Team Hat,$24.00,$24.00,$0.00,22,+2,10,12
Oct 17 - 19,MSC Cruises United States GPCircuit of the Americas,10,"LEGO Speed Champions Aston Martin Aramco F1 AMR24 Race Car Toy - Building Set for Kids, Boys & Girls, Ages 10+ - Toy Car for F1 Fans - Gift Idea for Birthday - 77245",$21.99,$21.99,$0.00,22,+2,10,12
Oct 17 - 19,MSC Cruises United States GPCircuit of the Americas,11,Bburago 1/43 - F1 Aston Martin Aramco F1 Team AMR23 2023 Collection Racing Alloy Car Die Cast Car Model (#14 Fernando Alonso),$20.45,$20.45,$0.00,22,+2,10,12
Oct 17 - 19,MSC Cruises United States GPCircuit of the Americas,12,Aston Martin Formula One Official Team Cap Green,$24.99,$24.99,$0.00,22,+2,10,12
Oct 17 - 19,MSC Cruises United States GPCircuit of the Americas,13,PUMA Aston Martin F1 2026 Team Hat,$51.50,$51.50,$0.00,22,+2,10,12
Oct 17 - 19,MSC Cruises United States GPCircuit of the Americas,14,Aston Martin F1 Team Hat 2024 - Unisex - Green - One Size,$43.99,$43.99,$0.00,22,+2,10,12
Oct 17 - 19,MSC Cruises United States GPCircuit of the Americas,15,Aston Martin F1 Team Hat 2024 - Unisex - Black - One Size,$46.00,$46.00,$0.00,22,+2,10,12
Oct 17 - 19,MSC Cruises United States GPCircuit of the Americas,16,Aston Martin F1 2025 Team Hat- Green/White/Black,$41.64,$41.64,$0.00,22,+2,10,12
Oct 17 - 19,MSC Cruises United States GPCircuit of the Americas,17,Aston Martin F1 2025 Men's Team Polo Green,$53.07,$53.07,$0.00,22,+2,10,12
Oct 17 - 19,MSC Cruises United States GPCircuit of the Americas,18,Aston Martin F1 2025 Men's Team Tshirt Green,$55.44,$55.44,$0.00,22,+2,10,12
Oct 17 - 19,MSC Cruises United States GPCircuit of the Americas,19,CMC Motorsports Aston Martin Cognizant Aramco F1 Team Square Keyring,$14.99,$14.99,$0.00,22,+2,10,12
Oct 17 - 19,MSC Cruises United States GPCircuit of the Americas,20,Aston Martin Cognizant F1 Fernando Alonso Special Edition Kimoa Mexico GP Hat Multicolor,$24.90,$24.90,$0.00,22,+2,10,12
Oct 24 - 26,Mexico City GPAutodromo Hermanos Rodriguez,1,Aston Martin F1 2025 Men's Team Polo Green - Size: XL,$53.07,$53.07,$0.00,14,-8,Ret,14
Oct 24 - 26,Mexico City GPAutodromo Hermanos Rodriguez,2,Aston Martin F1 2025 Men's Team Tshirt Green,$55.44,$55.44,$0.00,14,-8,Ret,14
Oct 24 - 26,Mexico City GPAutodromo Hermanos Rodriguez,3,Aston Martin F1 2025 Fernando Alonso Team Tshirt for Men Green,$64.68,$64.68,$0.00,14,-8,Ret,14
Oct 24 - 26,Mexico City GPAutodromo Hermanos Rodriguez,4,Aston Martin F1 2025 Team Hat- Green/White/Black,$41.64,$41.64,$0.00,14,-8,Ret,14
Oct 24 - 26,Mexico City GPAutodromo Hermanos Rodriguez,5,1:43 2025 Racing Aston Martin Aramco F1 Team AMR25 No.14 Fernando Alonso F1 18# Lance StrollAlloy Car Die Cast Car Model (1/43 AMR25 18#),$18.85,$18.85,$0.00,14,-8,Ret,14
Oct 24 - 26,Mexico City GPAutodromo Hermanos Rodriguez,6,CMC Motorsports Aston Martin Cognizant F1 Exclusive Colorway Team Hat - One Size - Green,$19.99,$19.99,$0.00,14,-8,Ret,14
Oct 24 - 26,Mexico City GPAutodromo Hermanos Rodriguez,7,Bburago 1/43 - F1 Aston Martin Aramco F1 Team AMR23 2023 Collection Racing Alloy Car Die Cast Car Model (#18 Lance Stroll),$18.55,$18.55,$0.00,14,-8,Ret,14
Oct 24 - 26,Mexico City GPAutodromo Hermanos Rodriguez,8,Aston Martin F1 2025 Men's Team Polo Green - Size: XL,$53.07,$53.07,$0.00,14,-8,Ret,14
Oct 24 - 26,Mexico City GPAutodromo Hermanos Rodriguez,9,Aston Martin F1 2025 Fernando Alonso Team Hat,$24.00,$24.00,$0.00,14,-8,Ret,14
Oct 24 - 26,Mexico City GPAutodromo Hermanos Rodriguez,10,"LEGO Speed Champions Aston Martin Aramco F1 AMR24 Race Car Toy - Building Set for Kids, Boys & Girls, Ages 10+ - Toy Car for F1 Fans - Gift Idea for Birthday - 77245",$21.99,$21.99,$0.00,14,-8,Ret,14
Oct 24 - 26,Mexico City GPAutodromo Hermanos Rodriguez,11,Bburago 1/43 - F1 Aston Martin Aramco F1 Team AMR23 2023 Collection Racing Alloy Car Die Cast Car Model (#14 Fernando Alonso),$20.45,$20.45,$0.00,14,-8,Ret,14
Oct 24 - 26,Mexico City GPAutodromo Hermanos Rodriguez,12,Aston Martin Formula One Official Team Cap Green,$24.99,$24.99,$0.00,14,-8,Ret,14
Oct 24 - 26,Mexico City GPAutodromo Hermanos Rodriguez,13,PUMA Aston Martin F1 2026 Team Hat,$51.50,$51.50,$0.00,14,-8,Ret,14
Oct 24 - 26,Mexico City GPAutodromo Hermanos Rodriguez,14,Aston Martin F1 Team Hat 2024 - Unisex - Green - One Size,$43.99,$43.99,$0.00,14,-8,Ret,14
Oct 24 - 26,Mexico City GPAutodromo Hermanos Rodriguez,15,Aston Martin F1 Team Hat 2024 - Unisex - Black - One Size,$46.00,$46.00,$0.00,14,-8,Ret,14
Oct 24 - 26,Mexico City GPAutodromo Hermanos Rodriguez,16,Aston Martin F1 2025 Team Hat- Green/White/Black,$41.64,$41.64,$0.00,14,-8,Ret,14
Oct 24 - 26,Mexico City GPAutodromo Hermanos Rodriguez,17,Aston Martin F1 2025 Men's Team Polo Green,$53.07,$53.07,$0.00,14,-8,Ret,14
Oct 24 - 26,Mexico City GPAutodromo Hermanos Rodriguez,18,Aston Martin F1 2025 Men's Team Tshirt Green,$55.44,$55.44,$0.00,14,-8,Ret,14
Oct 24 - 26,Mexico City GPAutodromo Hermanos Rodriguez,19,CMC Motorsports Aston Martin Cognizant Aramco F1 Team Square Keyring,$14.99,$14.99,$0.00,14,-8,Ret,14
Oct 24 - 26,Mexico City GPAutodromo Hermanos Rodriguez,20,Aston Martin Cognizant F1 Fernando Alonso Special Edition Kimoa Mexico GP Hat Multicolor,$24.90,$24.90,$0.00,14,-8,Ret,14
Nov 7 - 9,MSC Cruises São Paulo GPAutodromo Jose Carlos Pace,1,Aston Martin F1 2025 Men's Team Polo Green - Size: XL,$53.07,$53.07,$0.00,30,+16,14,16
Nov 7 - 9,MSC Cruises São Paulo GPAutodromo Jose Carlos Pace,2,Aston Martin F1 2025 Men's Team Tshirt Green,$55.44,$55.44,$0.00,30,+16,14,16
Nov 7 - 9,MSC Cruises São Paulo GPAutodromo Jose Carlos Pace,3,Aston Martin F1 2025 Fernando Alonso Team Tshirt for Men Green,$64.68,$64.68,$0.00,30,+16,14,16
Nov 7 - 9,MSC Cruises São Paulo GPAutodromo Jose Carlos Pace,4,Aston Martin F1 2025 Team Hat- Green/White/Black,$41.64,$41.64,$0.00,30,+16,14,16
Nov 7 - 9,MSC Cruises São Paulo GPAutodromo Jose Carlos Pace,5,1:43 2025 Racing Aston Martin Aramco F1 Team AMR25 No.14 Fernando Alonso F1 18# Lance StrollAlloy Car Die Cast Car Model (1/43 AMR25 18#),$18.85,$18.85,$0.00,30,+16,14,16
Nov 7 - 9,MSC Cruises São Paulo GPAutodromo Jose Carlos Pace,6,CMC Motorsports Aston Martin Cognizant F1 Exclusive Colorway Team Hat - One Size - Green,$19.99,$19.99,$0.00,30,+16,14,16
Nov 7 - 9,MSC Cruises São Paulo GPAutodromo Jose Carlos Pace,7,Bburago 1/43 - F1 Aston Martin Aramco F1 Team AMR23 2023 Collection Racing Alloy Car Die Cast Car Model (#18 Lance Stroll),$18.55,$18.55,$0.00,30,+16,14,16
Nov 7 - 9,MSC Cruises São Paulo GPAutodromo Jose Carlos Pace,8,Aston Martin F1 2025 Men's Team Polo Green - Size: XL,$53.07,$53.07,$0.00,30,+16,14,16
Nov 7 - 9,MSC Cruises São Paulo GPAutodromo Jose Carlos Pace,9,Aston Martin F1 2025 Fernando Alonso Team Hat,$24.00,$24.00,$0.00,30,+16,14,16
Nov 7 - 9,MSC Cruises São Paulo GPAutodromo Jose Carlos Pace,10,"LEGO Speed Champions Aston Martin Aramco F1 AMR24 Race Car Toy - Building Set for Kids, Boys & Girls, Ages 10+ - Toy Car for F1 Fans - Gift Idea for Birthday - 77245",$21.99,$21.99,$0.00,30,+16,14,16
Nov 7 - 9,MSC Cruises São Paulo GPAutodromo Jose Carlos Pace,11,Bburago 1/43 - F1 Aston Martin Aramco F1 Team AMR23 2023 Collection Racing Alloy Car Die Cast Car Model (#14 Fernando Alonso),$20.45,$20.45,$0.00,30,+16,14,16
Nov 7 - 9,MSC Cruises São Paulo GPAutodromo Jose Carlos Pace,12,Aston Martin Formula One Official Team Cap Green,$24.99,$24.99,$0.00,30,+16,14,16
Nov 7 - 9,MSC Cruises São Paulo GPAutodromo Jose Carlos Pace,13,PUMA Aston Martin F1 2026 Team Hat,$51.50,$51.50,$0.00,30,+16,14,16
Nov 7 - 9,MSC Cruises São Paulo GPAutodromo Jose Carlos Pace,14,Aston Martin F1 Team Hat 2024 - Unisex - Green - One Size,$43.99,$43.99,$0.00,30,+16,14,16
Nov 7 - 9,MSC Cruises São Paulo GPAutodromo Jose Carlos Pace,15,Aston Martin F1 Team Hat 2024 - Unisex - Black - One Size,$46.00,$46.00,$0.00,30,+16,14,16
Nov 7 - 9,MSC Cruises São Paulo GPAutodromo Jose Carlos Pace,16,Aston Martin F1 2025 Team Hat- Green/White/Black,$41.64,$41.64,$0.00,30,+16,14,16
Nov 7 - 9,MSC Cruises São Paulo GPAutodromo Jose Carlos Pace,17,Aston Martin F1 2025 Men's Team Polo Green,$53.07,$53.07,$0.00,30,+16,14,16
Nov 7 - 9,MSC Cruises São Paulo GPAutodromo Jose Carlos Pace,18,Aston Martin F1 2025 Men's Team Tshirt Green,$55.44,$55.44,$0.00,30,+16,14,16
Nov 7 - 9,MSC Cruises São Paulo GPAutodromo Jose Carlos Pace,19,CMC Motorsports Aston Martin Cognizant Aramco F1 Team Square Keyring,$14.99,$14.99,$0.00,30,+16,14,16
Nov 7 - 9,MSC Cruises São Paulo GPAutodromo Jose Carlos Pace,20,Aston Martin Cognizant F1 Fernando Alonso Special Edition Kimoa Mexico GP Hat Multicolor,$24.90,$24.90,$0.00,30,+16,14,16
Nov 20 - 22,Heineken Las Vegas GPLas Vegas Street Circuit,1,Aston Martin F1 2025 Men's Team Polo Green - Size: XL,$53.07,$53.07,$0.00,11,-19,11,Ret
Nov 20 - 22,Heineken Las Vegas GPLas Vegas Street Circuit,2,Aston Martin F1 2025 Men's Team Tshirt Green,$55.44,$55.44,$0.00,11,-19,11,Ret
Nov 20 - 22,Heineken Las Vegas GPLas Vegas Street Circuit,3,Aston Martin F1 2025 Fernando Alonso Team Tshirt for Men Green,$64.68,$64.68,$0.00,11,-19,11,Ret
Nov 20 - 22,Heineken Las Vegas GPLas Vegas Street Circuit,4,Aston Martin F1 2025 Team Hat- Green/White/Black,$41.64,$41.64,$0.00,11,-19,11,Ret
Nov 20 - 22,Heineken Las Vegas GPLas Vegas Street Circuit,5,1:43 2025 Racing Aston Martin Aramco F1 Team AMR25 No.14 Fernando Alonso F1 18# Lance StrollAlloy Car Die Cast Car Model (1/43 AMR25 18#),$18.85,$18.85,$0.00,11,-19,11,Ret
Nov 20 - 22,Heineken Las Vegas GPLas Vegas Street Circuit,6,CMC Motorsports Aston Martin Cognizant F1 Exclusive Colorway Team Hat - One Size - Green,$19.99,$19.99,$0.00,11,-19,11,Ret
Nov 20 - 22,Heineken Las Vegas GPLas Vegas Street Circuit,7,Bburago 1/43 - F1 Aston Martin Aramco F1 Team AMR23 2023 Collection Racing Alloy Car Die Cast Car Model (#18 Lance Stroll),$18.55,$18.55,$0.00,11,-19,11,Ret
Nov 20 - 22,Heineken Las Vegas GPLas Vegas Street Circuit,8,Aston Martin F1 2025 Men's Team Polo Green - Size: XL,$53.07,$53.07,$0.00,11,-19,11,Ret
Nov 20 - 22,Heineken Las Vegas GPLas Vegas Street Circuit,9,Aston Martin F1 2025 Fernando Alonso Team Hat,$24.00,$24.00,$0.00,11,-19,11,Ret
Nov 20 - 22,Heineken Las Vegas GPLas Vegas Street Circuit,10,"LEGO Speed Champions Aston Martin Aramco F1 AMR24 Race Car Toy - Building Set for Kids, Boys & Girls, Ages 10+ - Toy Car for F1 Fans - Gift Idea for Birthday - 77245",$21.99,$21.99,$0.00,11,-19,11,Ret
Nov 20 - 22,Heineken Las Vegas GPLas Vegas Street Circuit,11,Bburago 1/43 - F1 Aston Martin Aramco F1 Team AMR23 2023 Collection Racing Alloy Car Die Cast Car Model (#14 Fernando Alonso),$20.45,$20.45,$0.00,11,-19,11,Ret
Nov 20 - 22,Heineken Las Vegas GPLas Vegas Street Circuit,12,Aston Martin Formula One Official Team Cap Green,$24.99,$24.99,$0.00,11,-19,11,Ret
Nov 20 - 22,Heineken Las Vegas GPLas Vegas Street Circuit,13,PUMA Aston Martin F1 2026 Team Hat,$51.50,$51.50,$0.00,11,-19,11,Ret
Nov 20 - 22,Heineken Las Vegas GPLas Vegas Street Circuit,14,Aston Martin F1 Team Hat 2024 - Unisex - Green - One Size,$43.99,$43.99,$0.00,11,-19,11,Ret
Nov 20 - 22,Heineken Las Vegas GPLas Vegas Street Circuit,15,Aston Martin F1 Team Hat 2024 - Unisex - Black - One Size,$46.00,$46.00,$0.00,11,-19,11,Ret
Nov 20 - 22,Heineken Las Vegas GPLas Vegas Street Circuit,16,Aston Martin F1 2025 Team Hat- Green/White/Black,$41.64,$41.64,$0.00,11,-19,11,Ret
Nov 20 - 22,Heineken Las Vegas GPLas Vegas Street Circuit,17,Aston Martin F1 2025 Men's Team Polo Green,$53.07,$53.07,$0.00,11,-19,11,Ret
Nov 20 - 22,Heineken Las Vegas GPLas Vegas Street Circuit,18,Aston Martin F1 2025 Men's Team Tshirt Green,$55.44,$55.44,$0.00,11,-19,11,Ret
Nov 20 - 22,Heineken Las Vegas GPLas Vegas Street Circuit,19,CMC Motorsports Aston Martin Cognizant Aramco F1 Team Square Keyring,$14.99,$14.99,$0.00,11,-19,11,Ret
Nov 20 - 22,Heineken Las Vegas GPLas Vegas Street Circuit,20,Aston Martin Cognizant F1 Fernando Alonso Special Edition Kimoa Mexico GP Hat Multicolor,$24.90,$24.90,$0.00,11,-19,11,Ret
Nov 28 - 30,Qatar Airways Qatar GPLosail International Circuit,1,Aston Martin F1 2025 Men's Team Polo Green - Size: XL,$53.07,$53.07,$0.00,7,-4,7,Ret
Nov 28 - 30,Qatar Airways Qatar GPLosail International Circuit,2,Aston Martin F1 2025 Men's Team Tshirt Green,$55.44,$55.44,$0.00,7,-4,7,Ret
Nov 28 - 30,Qatar Airways Qatar GPLosail International Circuit,3,Aston Martin F1 2025 Fernando Alonso Team Tshirt for Men Green,$64.68,$64.68,$0.00,7,-4,7,Ret
Nov 28 - 30,Qatar Airways Qatar GPLosail International Circuit,4,Aston Martin F1 2025 Team Hat- Green/White/Black,$41.64,$41.64,$0.00,7,-4,7,Ret
Nov 28 - 30,Qatar Airways Qatar GPLosail International Circuit,5,1:43 2025 Racing Aston Martin Aramco F1 Team AMR25 No.14 Fernando Alonso F1 18# Lance StrollAlloy Car Die Cast Car Model (1/43 AMR25 18#),$18.85,$18.85,$0.00,7,-4,7,Ret
Nov 28 - 30,Qatar Airways Qatar GPLosail International Circuit,6,CMC Motorsports Aston Martin Cognizant F1 Exclusive Colorway Team Hat - One Size - Green,$19.99,$19.99,$0.00,7,-4,7,Ret
Nov 28 - 30,Qatar Airways Qatar GPLosail International Circuit,7,Bburago 1/43 - F1 Aston Martin Aramco F1 Team AMR23 2023 Collection Racing Alloy Car Die Cast Car Model (#18 Lance Stroll),$18.55,$18.55,$0.00,7,-4,7,Ret
Nov 28 - 30,Qatar Airways Qatar GPLosail International Circuit,8,Aston Martin F1 2025 Men's Team Polo Green - Size: XL,$53.07,$53.07,$0.00,7,-4,7,Ret
Nov 28 - 30,Qatar Airways Qatar GPLosail International Circuit,9,Aston Martin F1 2025 Fernando Alonso Team Hat,$24.00,$24.00,$0.00,7,-4,7,Ret
Nov 28 - 30,Qatar Airways Qatar GPLosail International Circuit,10,"LEGO Speed Champions Aston Martin Aramco F1 AMR24 Race Car Toy - Building Set for Kids, Boys & Girls, Ages 10+ - Toy Car for F1 Fans - Gift Idea for Birthday - 77245",$21.99,$21.99,$0.00,7,-4,7,Ret
Nov 28 - 30,Qatar Airways Qatar GPLosail International Circuit,11,Bburago 1/43 - F1 Aston Martin Aramco F1 Team AMR23 2023 Collection Racing Alloy Car Die Cast Car Model (#14 Fernando Alonso),$20.45,$20.45,$0.00,7,-4,7,Ret
Nov 28 - 30,Qatar Airways Qatar GPLosail International Circuit,12,Aston Martin Formula One Official Team Cap Green,$24.99,$24.99,$0.00,7,-4,7,Ret
Nov 28 - 30,Qatar Airways Qatar GPLosail International Circuit,13,PUMA Aston Martin F1 2026 Team Hat,$51.50,$51.50,$0.00,7,-4,7,Ret
Nov 28 - 30,Qatar Airways Qatar GPLosail International Circuit,14,Aston Martin F1 Team Hat 2024 - Unisex - Green - One Size,$43.99,$43.99,$0.00,7,-4,7,Ret
Nov 28 - 30,Qatar Airways Qatar GPLosail International Circuit,15,Aston Martin F1 Team Hat 2024 - Unisex - Black - One Size,$46.00,$46.00,$0.00,7,-4,7,Ret
Nov 28 - 30,Qatar Airways Qatar GPLosail International Circuit,16,Aston Martin F1 2025 Team Hat- Green/White/Black,$41.64,$41.64,$0.00,7,-4,7,Ret
Nov 28 - 30,Qatar Airways Qatar GPLosail International Circuit,17,Aston Martin F1 2025 Men's Team Polo Green,$53.07,$53.07,$0.00,7,-4,7,Ret
Nov 28 - 30,Qatar Airways Qatar GPLosail International Circuit,18,Aston Martin F1 2025 Men's Team Tshirt Green,$55.44,$55.44,$0.00,7,-4,7,Ret
Nov 28 - 30,Qatar Airways Qatar GPLosail International Circuit,19,CMC Motorsports Aston Martin Cognizant Aramco F1 Team Square Keyring,$14.99,$14.99,$0.00,7,-4,7,Ret
Nov 28 - 30,Qatar Airways Qatar GPLosail International Circuit,20,Aston Martin Cognizant F1 Fernando Alonso Special Edition Kimoa Mexico GP Hat Multicolor,$24.90,$24.90,$0.00,7,-4,7,Ret
Dec 5 - 7,Etihad Airways Abu Dhabi GPYas Marina Circuit,1,Aston Martin F1 2025 Men's Team Polo Green - Size: XL,$53.07,$53.07,$0.00,16,+9,6,10
Dec 5 - 7,Etihad Airways Abu Dhabi GPYas Marina Circuit,2,Aston Martin F1 2025 Men's Team Tshirt Green,$55.44,$55.44,$0.00,16,+9,6,10
Dec 5 - 7,Etihad Airways Abu Dhabi GPYas Marina Circuit,3,Aston Martin F1 2025 Fernando Alonso Team Tshirt for Men Green,$64.68,$64.68,$0.00,16,+9,6,10
Dec 5 - 7,Etihad Airways Abu Dhabi GPYas Marina Circuit,4,Aston Martin F1 2025 Team Hat- Green/White/Black,$41.64,$41.64,$0.00,16,+9,6,10
Dec 5 - 7,Etihad Airways Abu Dhabi GPYas Marina Circuit,5,1:43 2025 Racing Aston Martin Aramco F1 Team AMR25 No.14 Fernando Alonso F1 18# Lance StrollAlloy Car Die Cast Car Model (1/43 AMR25 18#),$18.85,$18.85,$0.00,16,+9,6,10
Dec 5 - 7,Etihad Airways Abu Dhabi GPYas Marina Circuit,6,CMC Motorsports Aston Martin Cognizant F1 Exclusive Colorway Team Hat - One Size - Green,$19.99,$19.99,$0.00,16,+9,6,10
Dec 5 - 7,Etihad Airways Abu Dhabi GPYas Marina Circuit,7,Bburago 1/43 - F1 Aston Martin Aramco F1 Team AMR23 2023 Collection Racing Alloy Car Die Cast Car Model (#18 Lance Stroll),$18.55,$18.55,$0.00,16,+9,6,10
Dec 5 - 7,Etihad Airways Abu Dhabi GPYas Marina Circuit,8,Aston Martin F1 2025 Men's Team Polo Green - Size: XL,$53.07,$53.07,$0.00,16,+9,6,10
Dec 5 - 7,Etihad Airways Abu Dhabi GPYas Marina Circuit,9,Aston Martin F1 2025 Fernando Alonso Team Hat,$24.00,$24.00,$0.00,16,+9,6,10
Dec 5 - 7,Etihad Airways Abu Dhabi GPYas Marina Circuit,10,"LEGO Speed Champions Aston Martin Aramco F1 AMR24 Race Car Toy - Building Set for Kids, Boys & Girls, Ages 10+ - Toy Car for F1 Fans - Gift Idea for Birthday - 77245",$21.99,$21.99,$0.00,16,+9,6,10
Dec 5 - 7,Etihad Airways Abu Dhabi GPYas Marina Circuit,11,Bburago 1/43 - F1 Aston Martin Aramco F1 Team AMR23 2023 Collection Racing Alloy Car Die Cast Car Model (#14 Fernando Alonso),$20.45,$20.45,$0.00,16,+9,6,10
Dec 5 - 7,Etihad Airways Abu Dhabi GPYas Marina Circuit,12,Aston Martin Formula One Official Team Cap Green,$24.99,$24.99,$0.00,16,+9,6,10
Dec 5 - 7,Etihad Airways Abu Dhabi GPYas Marina Circuit,13,PUMA Aston Martin F1 2026 Team Hat,$51.50,$51.50,$0.00,16,+9,6,10
Dec 5 - 7,Etihad Airways Abu Dhabi GPYas Marina Circuit,14,Aston Martin F1 Team Hat 2024 - Unisex - Green - One Size,$43.99,$43.99,$0.00,16,+9,6,10
Dec 5 - 7,Etihad Airways Abu Dhabi GPYas Marina Circuit,15,Aston Martin F1 Team Hat 2024 - Unisex - Black - One Size,$46.00,$46.00,$0.00,16,+9,6,10
Dec 5 - 7,Etihad Airways Abu Dhabi GPYas Marina Circuit,16,Aston Martin F1 2025 Team Hat- Green/White/Black,$41.64,$41.64,$0.00,16,+9,6,10
Dec 5 - 7,Etihad Airways Abu Dhabi GPYas Marina Circuit,17,Aston Martin F1 2025 Men's Team Polo Green,$53.07,$53.07,$0.00,16,+9,6,10
Dec 5 - 7,Etihad Airways Abu Dhabi GPYas Marina Circuit,18,Aston Martin F1 2025 Men's Team Tshirt Green,$55.44,$55.44,$0.00,16,+9,6,10
Dec 5 - 7,Etihad Airways Abu Dhabi GPYas Marina Circuit,19,CMC Motorsports Aston Martin Cognizant Aramco F1 Team Square Keyring,$14.99,$14.99,$0.00,16,+9,6,10
Dec 5 - 7,Etihad Airways Abu Dhabi GPYas Marina Circuit,20,Aston Martin Cognizant F1 Fernando Alonso Special Edition Kimoa Mexico GP Hat Multicolor,$24.90,$24.90,$0.00,16,+9,6,10
