Race Date,Race Name,Product Rank,Product Name,Current Price,Previous Price,Price Change,Team Cumulative Placement,Team Placement Change,Mercedes Driver RUS Pos,Mercedes Driver ANT Pos
Mar 13 - 16,Louis Vuitton Australian GPMelbourne Grand Prix Circuit,1,LEGO,$22.99,N/A,N/A,7,N/A,3,4
Mar 13 - 16,Louis Vuitton Australian GPMelbourne Grand Prix Circuit,2,Castore,$48.16,N/A,N/A,7,N/A,3,4
Mar 13 - 16,Louis Vuitton Australian GPMelbourne Grand Prix Circuit,3,Character World,$27.99,N/A,N/A,7,N/A,3,4
Mar 13 - 16,Louis Vuitton Australian GPMelbourne Grand Prix Circuit,4,Castore,$49.00,$48.16,+$0.84,7,N/A,3,4
Mar 13 - 16,Louis Vuitton Australian GPMelbourne Grand Prix Circuit,5,Mercedes AMG Petronas,$31.70,N/A,N/A,7,N/A,3,4
Mar 13 - 16,Louis Vuitton Australian GPMelbourne Grand Prix Circuit,6,Udobuy,$7.99,N/A,N/A,7,N/A,3,4
Mar 13 - 16,Louis Vuitton Australian GPMelbourne Grand Prix Circuit,7,adidas,$50.00,N/A,N/A,7,N/A,3,4
Mar 13 - 16,Louis Vuitton Australian GPMelbourne Grand Prix Circuit,8,Mattel,$14.19,N/A,N/A,7,N/A,3,4
Mar 13 - 16,Louis Vuitton Australian GPMelbourne Grand Prix Circuit,9,Castore,$53.69,$49.00,+$4.69,7,N/A,3,4
Mar 13 - 16,Louis Vuitton Australian GPMelbourne Grand Prix Circuit,10,Castore,$48.81,$53.69,-$4.88,7,N/A,3,4
Mar 13 - 16,Louis Vuitton Australian GPMelbourne Grand Prix Circuit,11,Castore,$59.99,$48.81,+$11.18,7,N/A,3,4
Mar 13 - 16,Louis Vuitton Australian GPMelbourne Grand Prix Circuit,12,Red Bull,$25.00,N/A,N/A,7,N/A,3,4
Mar 13 - 16,Louis Vuitton Australian GPMelbourne Grand Prix Circuit,13,Bburago,$39.84,N/A,N/A,7,N/A,3,4
Mar 13 - 16,Louis Vuitton Australian GPMelbourne Grand Prix Circuit,14,PUMA,$29.99,N/A,N/A,7,N/A,3,4
Mar 13 - 16,Louis Vuitton Australian GPMelbourne Grand Prix Circuit,15,Castore,$49.99,$59.99,-$10.00,7,N/A,3,4
Mar 13 - 16,Louis Vuitton Australian GPMelbourne Grand Prix Circuit,16,CMC Motorsports,$14.99,N/A,N/A,7,N/A,3,4
Mar 13 - 16,Louis Vuitton Australian GPMelbourne Grand Prix Circuit,17,Hot Wheels,$30.17,N/A,N/A,7,N/A,3,4
Mar 13 - 16,Louis Vuitton Australian GPMelbourne Grand Prix Circuit,18,LEGO,$10.99,$22.99,-$12.00,7,N/A,3,4
Mar 13 - 16,Louis Vuitton Australian GPMelbourne Grand Prix Circuit,19,Umbro,$34.00,N/A,N/A,7,N/A,3,4
Mar 13 - 16,Louis Vuitton Australian GPMelbourne Grand Prix Circuit,20,Castore,$48.39,$49.99,-$1.60,7,N/A,3,4
Mar 20 - 23,Heineken Chinese GPShanghai International Circuit,1,LEGO,$22.99,$10.99,+$12.00,9,+2,3,6
Mar 20 - 23,Heineken Chinese GPShanghai International Circuit,2,Castore,$48.16,$48.39,-$0.23,9,+2,3,6
Mar 20 - 23,Heineken Chinese GPShanghai International Circuit,3,Character World,$27.99,$27.99,$0.00,9,+2,3,6
Mar 20 - 23,Heineken Chinese GPShanghai International Circuit,4,Castore,$49.00,$48.16,+$0.84,9,+2,3,6
Mar 20 - 23,Heineken Chinese GPShanghai International Circuit,5,Mercedes AMG Petronas,$31.70,$31.70,$0.00,9,+2,3,6
Mar 20 - 23,Heineken Chinese GPShanghai International Circuit,6,Udobuy,$7.99,$7.99,$0.00,9,+2,3,6
Mar 20 - 23,Heineken Chinese GPShanghai International Circuit,7,adidas,$50.00,$50.00,$0.00,9,+2,3,6
Mar 20 - 23,Heineken Chinese GPShanghai International Circuit,8,Mattel,$14.19,$14.19,$0.00,9,+2,3,6
Mar 20 - 23,Heineken Chinese GPShanghai International Circuit,9,Castore,$53.69,$49.00,+$4.69,9,+2,3,6
Mar 20 - 23,Heineken Chinese GPShanghai International Circuit,10,Castore,$48.81,$53.69,-$4.88,9,+2,3,6
Mar 20 - 23,Heineken Chinese GPShanghai International Circuit,11,Castore,$59.99,$48.81,+$11.18,9,+2,3,6
Mar 20 - 23,Heineken Chinese GPShanghai International Circuit,12,Red Bull,$25.00,$25.00,$0.00,9,+2,3,6
Mar 20 - 23,Heineken Chinese GPShanghai International Circuit,13,Bburago,$39.84,$39.84,$0.00,9,+2,3,6
Mar 20 - 23,Heineken Chinese GPShanghai International Circuit,14,PUMA,$29.99,$29.99,$0.00,9,+2,3,6
Mar 20 - 23,Heineken Chinese GPShanghai International Circuit,15,Castore,$49.99,$59.99,-$10.00,9,+2,3,6
Mar 20 - 23,Heineken Chinese GPShanghai International Circuit,16,CMC Motorsports,$14.99,$14.99,$0.00,9,+2,3,6
Mar 20 - 23,Heineken Chinese GPShanghai International Circuit,17,Hot Wheels,$30.17,$30.17,$0.00,9,+2,3,6
Mar 20 - 23,Heineken Chinese GPShanghai International Circuit,18,LEGO,$10.99,$22.99,-$12.00,9,+2,3,6
Mar 20 - 23,Heineken Chinese GPShanghai International Circuit,19,Umbro,$34.00,$34.00,$0.00,9,+2,3,6
Mar 20 - 23,Heineken Chinese GPShanghai International Circuit,20,Castore,$48.39,$49.99,-$1.60,9,+2,3,6
Apr 3 - 6,Lenovo Japanese GPSuzuka International Racing Course,1,LEGO,$22.99,$10.99,+$12.00,11,+2,5,6
Apr 3 - 6,Lenovo Japanese GPSuzuka International Racing Course,2,Castore,$48.16,$48.39,-$0.23,11,+2,5,6
Apr 3 - 6,Lenovo Japanese GPSuzuka International Racing Course,3,Character World,$27.99,$27.99,$0.00,11,+2,5,6
Apr 3 - 6,Lenovo Japanese GPSuzuka International Racing Course,4,Castore,$49.00,$48.16,+$0.84,11,+2,5,6
Apr 3 - 6,Lenovo Japanese GPSuzuka International Racing Course,5,Mercedes AMG Petronas,$31.70,$31.70,$0.00,11,+2,5,6
Apr 3 - 6,Lenovo Japanese GPSuzuka International Racing Course,6,Udobuy,$7.99,$7.99,$0.00,11,+2,5,6
Apr 3 - 6,Lenovo Japanese GPSuzuka International Racing Course,7,adidas,$50.00,$50.00,$0.00,11,+2,5,6
Apr 3 - 6,Lenovo Japanese GPSuzuka International Racing Course,8,Mattel,$14.19,$14.19,$0.00,11,+2,5,6
Apr 3 - 6,Lenovo Japanese GPSuzuka International Racing Course,9,Castore,$53.69,$49.00,+$4.69,11,+2,5,6
Apr 3 - 6,Lenovo Japanese GPSuzuka International Racing Course,10,Castore,$48.81,$53.69,-$4.88,11,+2,5,6
Apr 3 - 6,Lenovo Japanese GPSuzuka International Racing Course,11,Castore,$59.99,$48.81,+$11.18,11,+2,5,6
Apr 3 - 6,Lenovo Japanese GPSuzuka International Racing Course,12,Red Bull,$25.00,$25.00,$0.00,11,+2,5,6
Apr 3 - 6,Lenovo Japanese GPSuzuka International Racing Course,13,Bburago,$39.84,$39.84,$0.00,11,+2,5,6
Apr 3 - 6,Lenovo Japanese GPSuzuka International Racing Course,14,PUMA,$29.99,$29.99,$0.00,11,+2,5,6
Apr 3 - 6,Lenovo Japanese GPSuzuka International Racing Course,15,Castore,$49.99,$59.99,-$10.00,11,+2,5,6
Apr 3 - 6,Lenovo Japanese GPSuzuka International Racing Course,16,CMC Motorsports,$14.99,$14.99,$0.00,11,+2,5,6
Apr 3 - 6,Lenovo Japanese GPSuzuka International Racing Course,17,Hot Wheels,$30.17,$30.17,$0.00,11,+2,5,6
Apr 3 - 6,Lenovo Japanese GPSuzuka International Racing Course,18,LEGO,$10.99,$22.99,-$12.00,11,+2,5,6
Apr 3 - 6,Lenovo Japanese GPSuzuka International Racing Course,19,Umbro,$34.00,$34.00,$0.00,11,+2,5,6
Apr 3 - 6,Lenovo Japanese GPSuzuka International Racing Course,20,Castore,$48.39,$49.99,-$1.60,11,+2,5,6
Apr 11 - 13,Gulf Air Bahrain GPBahrain International Circuit,1,LEGO,$22.99,$10.99,+$12.00,13,+2,2,11
Apr 11 - 13,Gulf Air Bahrain GPBahrain International Circuit,2,Castore,$48.16,$48.39,-$0.23,13,+2,2,11
Apr 11 - 13,Gulf Air Bahrain GPBahrain International Circuit,3,Character World,$27.99,$27.99,$0.00,13,+2,2,11
Apr 11 - 13,Gulf Air Bahrain GPBahrain International Circuit,4,Castore,$49.00,$48.16,+$0.84,13,+2,2,11
Apr 11 - 13,Gulf Air Bahrain GPBahrain International Circuit,5,Mercedes AMG Petronas,$31.70,$31.70,$0.00,13,+2,2,11
Apr 11 - 13,Gulf Air Bahrain GPBahrain International Circuit,6,Udobuy,$7.99,$7.99,$0.00,13,+2,2,11
Apr 11 - 13,Gulf Air Bahrain GPBahrain International Circuit,7,adidas,$50.00,$50.00,$0.00,13,+2,2,11
Apr 11 - 13,Gulf Air Bahrain GPBahrain International Circuit,8,Mattel,$14.19,$14.19,$0.00,13,+2,2,11
Apr 11 - 13,Gulf Air Bahrain GPBahrain International Circuit,9,Castore,$53.69,$49.00,+$4.69,13,+2,2,11
Apr 11 - 13,Gulf Air Bahrain GPBahrain International Circuit,10,Castore,$48.81,$53.69,-$4.88,13,+2,2,11
Apr 11 - 13,Gulf Air Bahrain GPBahrain International Circuit,11,Castore,$59.99,$48.81,+$11.18,13,+2,2,11
Apr 11 - 13,Gulf Air Bahrain GPBahrain International Circuit,12,Red Bull,$25.00,$25.00,$0.00,13,+2,2,11
Apr 11 - 13,Gulf Air Bahrain GPBahrain International Circuit,13,Bburago,$39.84,$39.84,$0.00,13,+2,2,11
Apr 11 - 13,Gulf Air Bahrain GPBahrain International Circuit,14,PUMA,$29.99,$29.99,$0.00,13,+2,2,11
Apr 11 - 13,Gulf Air Bahrain GPBahrain International Circuit,15,Castore,$49.99,$59.99,-$10.00,13,+2,2,11
Apr 11 - 13,Gulf Air Bahrain GPBahrain International Circuit,16,CMC Motorsports,$14.99,$14.99,$0.00,13,+2,2,11
Apr 11 - 13,Gulf Air Bahrain GPBahrain International Circuit,17,Hot Wheels,$30.17,$30.17,$0.00,13,+2,2,11
Apr 11 - 13,Gulf Air Bahrain GPBahrain International Circuit,18,LEGO,$10.99,$22.99,-$12.00,13,+2,2,11
Apr 11 - 13,Gulf Air Bahrain GPBahrain International Circuit,19,Umbro,$34.00,$34.00,$0.00,13,+2,2,11
Apr 11 - 13,Gulf Air Bahrain GPBahrain International Circuit,20,Castore,$48.39,$49.99,-$1.60,13,+2,2,11
Apr 18 - 20,STC Saudi Arabian GPJeddah Street Circuit,1,LEGO,$22.99,$10.99,+$12.00,11,-2,5,6
Apr 18 - 20,STC Saudi Arabian GPJeddah Street Circuit,2,Castore,$48.16,$48.39,-$0.23,11,-2,5,6
Apr 18 - 20,STC Saudi Arabian GPJeddah Street Circuit,3,Character World,$27.99,$27.99,$0.00,11,-2,5,6
Apr 18 - 20,STC Saudi Arabian GPJeddah Street Circuit,4,Castore,$49.00,$48.16,+$0.84,11,-2,5,6
Apr 18 - 20,STC Saudi Arabian GPJeddah Street Circuit,5,Mercedes AMG Petronas,$31.70,$31.70,$0.00,11,-2,5,6
Apr 18 - 20,STC Saudi Arabian GPJeddah Street Circuit,6,Udobuy,$7.99,$7.99,$0.00,11,-2,5,6
Apr 18 - 20,STC Saudi Arabian GPJeddah Street Circuit,7,adidas,$50.00,$50.00,$0.00,11,-2,5,6
Apr 18 - 20,STC Saudi Arabian GPJeddah Street Circuit,8,Mattel,$14.19,$14.19,$0.00,11,-2,5,6
Apr 18 - 20,STC Saudi Arabian GPJeddah Street Circuit,9,Castore,$53.69,$49.00,+$4.69,11,-2,5,6
Apr 18 - 20,STC Saudi Arabian GPJeddah Street Circuit,10,Castore,$48.81,$53.69,-$4.88,11,-2,5,6
Apr 18 - 20,STC Saudi Arabian GPJeddah Street Circuit,11,Castore,$59.99,$48.81,+$11.18,11,-2,5,6
Apr 18 - 20,STC Saudi Arabian GPJeddah Street Circuit,12,Red Bull,$25.00,$25.00,$0.00,11,-2,5,6
Apr 18 - 20,STC Saudi Arabian GPJeddah Street Circuit,13,Bburago,$39.84,$39.84,$0.00,11,-2,5,6
Apr 18 - 20,STC Saudi Arabian GPJeddah Street Circuit,14,PUMA,$29.99,$29.99,$0.00,11,-2,5,6
Apr 18 - 20,STC Saudi Arabian GPJeddah Street Circuit,15,Castore,$49.99,$59.99,-$10.00,11,-2,5,6
Apr 18 - 20,STC Saudi Arabian GPJeddah Street Circuit,16,CMC Motorsports,$14.99,$14.99,$0.00,11,-2,5,6
Apr 18 - 20,STC Saudi Arabian GPJeddah Street Circuit,17,Hot Wheels,$30.17,$30.17,$0.00,11,-2,5,6
Apr 18 - 20,STC Saudi Arabian GPJeddah Street Circuit,18,LEGO,$10.99,$22.99,-$12.00,11,-2,5,6
Apr 18 - 20,STC Saudi Arabian GPJeddah Street Circuit,19,Umbro,$34.00,$34.00,$0.00,11,-2,5,6
Apr 18 - 20,STC Saudi Arabian GPJeddah Street Circuit,20,Castore,$48.39,$49.99,-$1.60,11,-2,5,6
May 2 - 4,Crypto.com Miami GPMiami International Autodrome,1,LEGO,$22.99,$10.99,+$12.00,9,-2,3,6
May 2 - 4,Crypto.com Miami GPMiami International Autodrome,2,Castore,$48.16,$48.39,-$0.23,9,-2,3,6
May 2 - 4,Crypto.com Miami GPMiami International Autodrome,3,Character World,$27.99,$27.99,$0.00,9,-2,3,6
May 2 - 4,Crypto.com Miami GPMiami International Autodrome,4,Castore,$49.00,$48.16,+$0.84,9,-2,3,6
May 2 - 4,Crypto.com Miami GPMiami International Autodrome,5,Mercedes AMG Petronas,$31.70,$31.70,$0.00,9,-2,3,6
May 2 - 4,Crypto.com Miami GPMiami International Autodrome,6,Udobuy,$7.99,$7.99,$0.00,9,-2,3,6
May 2 - 4,Crypto.com Miami GPMiami International Autodrome,7,adidas,$50.00,$50.00,$0.00,9,-2,3,6
May 2 - 4,Crypto.com Miami GPMiami International Autodrome,8,Mattel,$14.19,$14.19,$0.00,9,-2,3,6
May 2 - 4,Crypto.com Miami GPMiami International Autodrome,9,Castore,$53.69,$49.00,+$4.69,9,-2,3,6
May 2 - 4,Crypto.com Miami GPMiami International Autodrome,10,Castore,$48.81,$53.69,-$4.88,9,-2,3,6
May 2 - 4,Crypto.com Miami GPMiami International Autodrome,11,Castore,$59.99,$48.81,+$11.18,9,-2,3,6
May 2 - 4,Crypto.com Miami GPMiami International Autodrome,12,Red Bull,$25.00,$25.00,$0.00,9,-2,3,6
May 2 - 4,Crypto.com Miami GPMiami International Autodrome,13,Bburago,$39.84,$39.84,$0.00,9,-2,3,6
May 2 - 4,Crypto.com Miami GPMiami International Autodrome,14,PUMA,$29.99,$29.99,$0.00,9,-2,3,6
May 2 - 4,Crypto.com Miami GPMiami International Autodrome,15,Castore,$49.99,$59.99,-$10.00,9,-2,3,6
May 2 - 4,Crypto.com Miami GPMiami International Autodrome,16,CMC Motorsports,$14.99,$14.99,$0.00,9,-2,3,6
May 2 - 4,Crypto.com Miami GPMiami International Autodrome,17,Hot Wheels,$30.17,$30.17,$0.00,9,-2,3,6
May 2 - 4,Crypto.com Miami GPMiami International Autodrome,18,LEGO,$10.99,$22.99,-$12.00,9,-2,3,6
May 2 - 4,Crypto.com Miami GPMiami International Autodrome,19,Umbro,$34.00,$34.00,$0.00,9,-2,3,6
May 2 - 4,Crypto.com Miami GPMiami International Autodrome,20,Castore,$48.39,$49.99,-$1.60,9,-2,3,6
May 16 - 18,AWS Made in Italy Emilia Romagna GPAutodromo Enzo e Dino Ferrari,1,LEGO,$22.99,$10.99,+$12.00,7,-2,7,Ret
May 16 - 18,AWS Made in Italy Emilia Romagna GPAutodromo Enzo e Dino Ferrari,2,Castore,$48.16,$48.39,-$0.23,7,-2,7,Ret
May 16 - 18,AWS Made in Italy Emilia Romagna GPAutodromo Enzo e Dino Ferrari,3,Character World,$27.99,$27.99,$0.00,7,-2,7,Ret
May 16 - 18,AWS Made in Italy Emilia Romagna GPAutodromo Enzo e Dino Ferrari,4,Castore,$49.00,$48.16,+$0.84,7,-2,7,Ret
May 16 - 18,AWS Made in Italy Emilia Romagna GPAutodromo Enzo e Dino Ferrari,5,Mercedes AMG Petronas,$31.70,$31.70,$0.00,7,-2,7,Ret
May 16 - 18,AWS Made in Italy Emilia Romagna GPAutodromo Enzo e Dino Ferrari,6,Udobuy,$7.99,$7.99,$0.00,7,-2,7,Ret
May 16 - 18,AWS Made in Italy Emilia Romagna GPAutodromo Enzo e Dino Ferrari,7,adidas,$50.00,$50.00,$0.00,7,-2,7,Ret
May 16 - 18,AWS Made in Italy Emilia Romagna GPAutodromo Enzo e Dino Ferrari,8,Mattel,$14.19,$14.19,$0.00,7,-2,7,Ret
May 16 - 18,AWS Made in Italy Emilia Romagna GPAutodromo Enzo e Dino Ferrari,9,Castore,$53.69,$49.00,+$4.69,7,-2,7,Ret
May 16 - 18,AWS Made in Italy Emilia Romagna GPAutodromo Enzo e Dino Ferrari,10,Castore,$48.81,$53.69,-$4.88,7,-2,7,Ret
May 16 - 18,AWS Made in Italy Emilia Romagna GPAutodromo Enzo e Dino Ferrari,11,Castore,$59.99,$48.81,+$11.18,7,-2,7,Ret
May 16 - 18,AWS Made in Italy Emilia Romagna GPAutodromo Enzo e Dino Ferrari,12,Red Bull,$25.00,$25.00,$0.00,7,-2,7,Ret
May 16 - 18,AWS Made in Italy Emilia Romagna GPAutodromo Enzo e Dino Ferrari,13,Bburago,$39.84,$39.84,$0.00,7,-2,7,Ret
May 16 - 18,AWS Made in Italy Emilia Romagna GPAutodromo Enzo e Dino Ferrari,14,PUMA,$29.99,$29.99,$0.00,7,-2,7,Ret
May 16 - 18,AWS Made in Italy Emilia Romagna GPAutodromo Enzo e Dino Ferrari,15,Castore,$49.99,$59.99,-$10.00,7,-2,7,Ret
May 16 - 18,AWS Made in Italy Emilia Romagna GPAutodromo Enzo e Dino Ferrari,16,CMC Motorsports,$14.99,$14.99,$0.00,7,-2,7,Ret
May 16 - 18,AWS Made in Italy Emilia Romagna GPAutodromo Enzo e Dino Ferrari,17,Hot Wheels,$30.17,$30.17,$0.00,7,-2,7,Ret
May 16 - 18,AWS Made in Italy Emilia Romagna GPAutodromo Enzo e Dino Ferrari,18,LEGO,$10.99,$22.99,-$12.00,7,-2,7,Ret
May 16 - 18,AWS Made in Italy Emilia Romagna GPAutodromo Enzo e Dino Ferrari,19,Umbro,$34.00,$34.00,$0.00,7,-2,7,Ret
May 16 - 18,AWS Made in Italy Emilia Romagna GPAutodromo Enzo e Dino Ferrari,20,Castore,$48.39,$49.99,-$1.60,7,-2,7,Ret
May 23 - 25,Tag Heuer Monaco GPCircuit de Monaco,1,LEGO,$22.99,$10.99,+$12.00,29,+22,11,18
May 23 - 25,Tag Heuer Monaco GPCircuit de Monaco,2,Castore,$48.16,$48.39,-$0.23,29,+22,11,18
May 23 - 25,Tag Heuer Monaco GPCircuit de Monaco,3,Character World,$27.99,$27.99,$0.00,29,+22,11,18
May 23 - 25,Tag Heuer Monaco GPCircuit de Monaco,4,Castore,$49.00,$48.16,+$0.84,29,+22,11,18
May 23 - 25,Tag Heuer Monaco GPCircuit de Monaco,5,Mercedes AMG Petronas,$31.70,$31.70,$0.00,29,+22,11,18
May 23 - 25,Tag Heuer Monaco GPCircuit de Monaco,6,Udobuy,$7.99,$7.99,$0.00,29,+22,11,18
May 23 - 25,Tag Heuer Monaco GPCircuit de Monaco,7,adidas,$50.00,$50.00,$0.00,29,+22,11,18
May 23 - 25,Tag Heuer Monaco GPCircuit de Monaco,8,Mattel,$14.19,$14.19,$0.00,29,+22,11,18
May 23 - 25,Tag Heuer Monaco GPCircuit de Monaco,9,Castore,$53.69,$49.00,+$4.69,29,+22,11,18
May 23 - 25,Tag Heuer Monaco GPCircuit de Monaco,10,Castore,$48.81,$53.69,-$4.88,29,+22,11,18
May 23 - 25,Tag Heuer Monaco GPCircuit de Monaco,11,Castore,$59.99,$48.81,+$11.18,29,+22,11,18
May 23 - 25,Tag Heuer Monaco GPCircuit de Monaco,12,Red Bull,$25.00,$25.00,$0.00,29,+22,11,18
May 23 - 25,Tag Heuer Monaco GPCircuit de Monaco,13,Bburago,$39.84,$39.84,$0.00,29,+22,11,18
May 23 - 25,Tag Heuer Monaco GPCircuit de Monaco,14,PUMA,$29.99,$29.99,$0.00,29,+22,11,18
May 23 - 25,Tag Heuer Monaco GPCircuit de Monaco,15,Castore,$49.99,$59.99,-$10.00,29,+22,11,18
May 23 - 25,Tag Heuer Monaco GPCircuit de Monaco,16,CMC Motorsports,$14.99,$14.99,$0.00,29,+22,11,18
May 23 - 25,Tag Heuer Monaco GPCircuit de Monaco,17,Hot Wheels,$30.17,$30.17,$0.00,29,+22,11,18
May 23 - 25,Tag Heuer Monaco GPCircuit de Monaco,18,LEGO,$10.99,$22.99,-$12.00,29,+22,11,18
May 23 - 25,Tag Heuer Monaco GPCircuit de Monaco,19,Umbro,$34.00,$34.00,$0.00,29,+22,11,18
May 23 - 25,Tag Heuer Monaco GPCircuit de Monaco,20,Castore,$48.39,$49.99,-$1.60,29,+22,11,18
May 30 - Jun 1,Aramco Spanish GPMadring,1,LEGO,$22.99,$10.99,+$12.00,4,-25,4,Ret
May 30 - Jun 1,Aramco Spanish GPMadring,2,Castore,$48.16,$48.39,-$0.23,4,-25,4,Ret
May 30 - Jun 1,Aramco Spanish GPMadring,3,Character World,$27.99,$27.99,$0.00,4,-25,4,Ret
May 30 - Jun 1,Aramco Spanish GPMadring,4,Castore,$49.00,$48.16,+$0.84,4,-25,4,Ret
May 30 - Jun 1,Aramco Spanish GPMadring,5,Mercedes AMG Petronas,$31.70,$31.70,$0.00,4,-25,4,Ret
May 30 - Jun 1,Aramco Spanish GPMadring,6,Udobuy,$7.99,$7.99,$0.00,4,-25,4,Ret
May 30 - Jun 1,Aramco Spanish GPMadring,7,adidas,$50.00,$50.00,$0.00,4,-25,4,Ret
May 30 - Jun 1,Aramco Spanish GPMadring,8,Mattel,$14.19,$14.19,$0.00,4,-25,4,Ret
May 30 - Jun 1,Aramco Spanish GPMadring,9,Castore,$53.69,$49.00,+$4.69,4,-25,4,Ret
May 30 - Jun 1,Aramco Spanish GPMadring,10,Castore,$48.81,$53.69,-$4.88,4,-25,4,Ret
May 30 - Jun 1,Aramco Spanish GPMadring,11,Castore,$59.99,$48.81,+$11.18,4,-25,4,Ret
May 30 - Jun 1,Aramco Spanish GPMadring,12,Red Bull,$25.00,$25.00,$0.00,4,-25,4,Ret
May 30 - Jun 1,Aramco Spanish GPMadring,13,Bburago,$39.84,$39.84,$0.00,4,-25,4,Ret
May 30 - Jun 1,Aramco Spanish GPMadring,14,PUMA,$29.99,$29.99,$0.00,4,-25,4,Ret
May 30 - Jun 1,Aramco Spanish GPMadring,15,Castore,$49.99,$59.99,-$10.00,4,-25,4,Ret
May 30 - Jun 1,Aramco Spanish GPMadring,16,CMC Motorsports,$14.99,$14.99,$0.00,4,-25,4,Ret
May 30 - Jun 1,Aramco Spanish GPMadring,17,Hot Wheels,$30.17,$30.17,$0.00,4,-25,4,Ret
May 30 - Jun 1,Aramco Spanish GPMadring,18,LEGO,$10.99,$22.99,-$12.00,4,-25,4,Ret
May 30 - Jun 1,Aramco Spanish GPMadring,19,Umbro,$34.00,$34.00,$0.00,4,-25,4,Ret
May 30 - Jun 1,Aramco Spanish GPMadring,20,Castore,$48.39,$49.99,-$1.60,4,-25,4,Ret
Jun 13 - 15,Pirelli Canadian GPCircuit Gilles-Villeneuve,1,LEGO,$22.99,$10.99,+$12.00,4,0,1,3
Jun 13 - 15,Pirelli Canadian GPCircuit Gilles-Villeneuve,2,Castore,$48.16,$48.39,-$0.23,4,0,1,3
Jun 13 - 15,Pirelli Canadian GPCircuit Gilles-Villeneuve,3,Character World,$27.99,$27.99,$0.00,4,0,1,3
Jun 13 - 15,Pirelli Canadian GPCircuit Gilles-Villeneuve,4,Castore,$49.00,$48.16,+$0.84,4,0,1,3
Jun 13 - 15,Pirelli Canadian GPCircuit Gilles-Villeneuve,5,Mercedes AMG Petronas,$31.70,$31.70,$0.00,4,0,1,3
Jun 13 - 15,Pirelli Canadian GPCircuit Gilles-Villeneuve,6,Udobuy,$7.99,$7.99,$0.00,4,0,1,3
Jun 13 - 15,Pirelli Canadian GPCircuit Gilles-Villeneuve,7,adidas,$50.00,$50.00,$0.00,4,0,1,3
Jun 13 - 15,Pirelli Canadian GPCircuit Gilles-Villeneuve,8,Mattel,$14.19,$14.19,$0.00,4,0,1,3
Jun 13 - 15,Pirelli Canadian GPCircuit Gilles-Villeneuve,9,Castore,$53.69,$49.00,+$4.69,4,0,1,3
Jun 13 - 15,Pirelli Canadian GPCircuit Gilles-Villeneuve,10,Castore,$48.81,$53.69,-$4.88,4,0,1,3
Jun 13 - 15,Pirelli Canadian GPCircuit Gilles-Villeneuve,11,Castore,$59.99,$48.81,+$11.18,4,0,1,3
Jun 13 - 15,Pirelli Canadian GPCircuit Gilles-Villeneuve,12,Red Bull,$25.00,$25.00,$0.00,4,0,1,3
Jun 13 - 15,Pirelli Canadian GPCircuit Gilles-Villeneuve,13,Bburago,$39.84,$39.84,$0.00,4,0,1,3
Jun 13 - 15,Pirelli Canadian GPCircuit Gilles-Villeneuve,14,PUMA,$29.99,$29.99,$0.00,4,0,1,3
Jun 13 - 15,Pirelli Canadian GPCircuit Gilles-Villeneuve,15,Castore,$49.99,$59.99,-$10.00,4,0,1,3
Jun 13 - 15,Pirelli Canadian GPCircuit Gilles-Villeneuve,16,CMC Motorsports,$14.99,$14.99,$0.00,4,0,1,3
Jun 13 - 15,Pirelli Canadian GPCircuit Gilles-Villeneuve,17,Hot Wheels,$30.17,$30.17,$0.00,4,0,1,3
Jun 13 - 15,Pirelli Canadian GPCircuit Gilles-Villeneuve,18,LEGO,$10.99,$22.99,-$12.00,4,0,1,3
Jun 13 - 15,Pirelli Canadian GPCircuit Gilles-Villeneuve,19,Umbro,$34.00,$34.00,$0.00,4,0,1,3
Jun 13 - 15,Pirelli Canadian GPCircuit Gilles-Villeneuve,20,Castore,$48.39,$49.99,-$1.60,4,0,1,3
Jun 27 - 29,MSC Cruises Austrian GPRed Bull Ring,1,LEGO,$22.99,$10.99,+$12.00,5,+1,5,Ret
Jun 27 - 29,MSC Cruises Austrian GPRed Bull Ring,2,Castore,$48.16,$48.39,-$0.23,5,+1,5,Ret
Jun 27 - 29,MSC Cruises Austrian GPRed Bull Ring,3,Character World,$27.99,$27.99,$0.00,5,+1,5,Ret
Jun 27 - 29,MSC Cruises Austrian GPRed Bull Ring,4,Castore,$49.00,$48.16,+$0.84,5,+1,5,Ret
Jun 27 - 29,MSC Cruises Austrian GPRed Bull Ring,5,Mercedes AMG Petronas,$31.70,$31.70,$0.00,5,+1,5,Ret
Jun 27 - 29,MSC Cruises Austrian GPRed Bull Ring,6,Udobuy,$7.99,$7.99,$0.00,5,+1,5,Ret
Jun 27 - 29,MSC Cruises Austrian GPRed Bull Ring,7,adidas,$50.00,$50.00,$0.00,5,+1,5,Ret
Jun 27 - 29,MSC Cruises Austrian GPRed Bull Ring,8,Mattel,$14.19,$14.19,$0.00,5,+1,5,Ret
Jun 27 - 29,MSC Cruises Austrian GPRed Bull Ring,9,Castore,$53.69,$49.00,+$4.69,5,+1,5,Ret
Jun 27 - 29,MSC Cruises Austrian GPRed Bull Ring,10,Castore,$48.81,$53.69,-$4.88,5,+1,5,Ret
Jun 27 - 29,MSC Cruises Austrian GPRed Bull Ring,11,Castore,$59.99,$48.81,+$11.18,5,+1,5,Ret
Jun 27 - 29,MSC Cruises Austrian GPRed Bull Ring,12,Red Bull,$25.00,$25.00,$0.00,5,+1,5,Ret
Jun 27 - 29,MSC Cruises Austrian GPRed Bull Ring,13,Bburago,$39.84,$39.84,$0.00,5,+1,5,Ret
Jun 27 - 29,MSC Cruises Austrian GPRed Bull Ring,14,PUMA,$29.99,$29.99,$0.00,5,+1,5,Ret
Jun 27 - 29,MSC Cruises Austrian GPRed Bull Ring,15,Castore,$49.99,$59.99,-$10.00,5,+1,5,Ret
Jun 27 - 29,MSC Cruises Austrian GPRed Bull Ring,16,CMC Motorsports,$14.99,$14.99,$0.00,5,+1,5,Ret
Jun 27 - 29,MSC Cruises Austrian GPRed Bull Ring,17,Hot Wheels,$30.17,$30.17,$0.00,5,+1,5,Ret
Jun 27 - 29,MSC Cruises Austrian GPRed Bull Ring,18,LEGO,$10.99,$22.99,-$12.00,5,+1,5,Ret
Jun 27 - 29,MSC Cruises Austrian GPRed Bull Ring,19,Umbro,$34.00,$34.00,$0.00,5,+1,5,Ret
Jun 27 - 29,MSC Cruises Austrian GPRed Bull Ring,20,Castore,$48.39,$49.99,-$1.60,5,+1,5,Ret
Jul 4 - 6,Qatar Airways British GPSilverstone Circuit,1,LEGO,$22.99,$10.99,+$12.00,10,+5,10,Ret
Jul 4 - 6,Qatar Airways British GPSilverstone Circuit,2,Castore,$48.16,$48.39,-$0.23,10,+5,10,Ret
Jul 4 - 6,Qatar Airways British GPSilverstone Circuit,3,Character World,$27.99,$27.99,$0.00,10,+5,10,Ret
Jul 4 - 6,Qatar Airways British GPSilverstone Circuit,4,Castore,$49.00,$48.16,+$0.84,10,+5,10,Ret
Jul 4 - 6,Qatar Airways British GPSilverstone Circuit,5,Mercedes AMG Petronas,$31.70,$31.70,$0.00,10,+5,10,Ret
Jul 4 - 6,Qatar Airways British GPSilverstone Circuit,6,Udobuy,$7.99,$7.99,$0.00,10,+5,10,Ret
Jul 4 - 6,Qatar Airways British GPSilverstone Circuit,7,adidas,$50.00,$50.00,$0.00,10,+5,10,Ret
Jul 4 - 6,Qatar Airways British GPSilverstone Circuit,8,Mattel,$14.19,$14.19,$0.00,10,+5,10,Ret
Jul 4 - 6,Qatar Airways British GPSilverstone Circuit,9,Castore,$53.69,$49.00,+$4.69,10,+5,10,Ret
Jul 4 - 6,Qatar Airways British GPSilverstone Circuit,10,Castore,$48.81,$53.69,-$4.88,10,+5,10,Ret
Jul 4 - 6,Qatar Airways British GPSilverstone Circuit,11,Castore,$59.99,$48.81,+$11.18,10,+5,10,Ret
Jul 4 - 6,Qatar Airways British GPSilverstone Circuit,12,Red Bull,$25.00,$25.00,$0.00,10,+5,10,Ret
Jul 4 - 6,Qatar Airways British GPSilverstone Circuit,13,Bburago,$39.84,$39.84,$0.00,10,+5,10,Ret
Jul 4 - 6,Qatar Airways British GPSilverstone Circuit,14,PUMA,$29.99,$29.99,$0.00,10,+5,10,Ret
Jul 4 - 6,Qatar Airways British GPSilverstone Circuit,15,Castore,$49.99,$59.99,-$10.00,10,+5,10,Ret
Jul 4 - 6,Qatar Airways British GPSilverstone Circuit,16,CMC Motorsports,$14.99,$14.99,$0.00,10,+5,10,Ret
Jul 4 - 6,Qatar Airways British GPSilverstone Circuit,17,Hot Wheels,$30.17,$30.17,$0.00,10,+5,10,Ret
Jul 4 - 6,Qatar Airways British GPSilverstone Circuit,18,LEGO,$10.99,$22.99,-$12.00,10,+5,10,Ret
Jul 4 - 6,Qatar Airways British GPSilverstone Circuit,19,Umbro,$34.00,$34.00,$0.00,10,+5,10,Ret
Jul 4 - 6,Qatar Airways British GPSilverstone Circuit,20,Castore,$48.39,$49.99,-$1.60,10,+5,10,Ret
Jul 25 - 27,Moët & Chandon Belgian GPCircuit de Spa-Francorchamps,1,LEGO,$22.99,$10.99,+$12.00,21,+11,5,16
Jul 25 - 27,Moët & Chandon Belgian GPCircuit de Spa-Francorchamps,2,Castore,$48.16,$48.39,-$0.23,21,+11,5,16
Jul 25 - 27,Moët & Chandon Belgian GPCircuit de Spa-Francorchamps,3,Character World,$27.99,$27.99,$0.00,21,+11,5,16
Jul 25 - 27,Moët & Chandon Belgian GPCircuit de Spa-Francorchamps,4,Castore,$49.00,$48.16,+$0.84,21,+11,5,16
Jul 25 - 27,Moët & Chandon Belgian GPCircuit de Spa-Francorchamps,5,Mercedes AMG Petronas,$31.70,$31.70,$0.00,21,+11,5,16
Jul 25 - 27,Moët & Chandon Belgian GPCircuit de Spa-Francorchamps,6,Udobuy,$7.99,$7.99,$0.00,21,+11,5,16
Jul 25 - 27,Moët & Chandon Belgian GPCircuit de Spa-Francorchamps,7,adidas,$50.00,$50.00,$0.00,21,+11,5,16
Jul 25 - 27,Moët & Chandon Belgian GPCircuit de Spa-Francorchamps,8,Mattel,$14.19,$14.19,$0.00,21,+11,5,16
Jul 25 - 27,Moët & Chandon Belgian GPCircuit de Spa-Francorchamps,9,Castore,$53.69,$49.00,+$4.69,21,+11,5,16
Jul 25 - 27,Moët & Chandon Belgian GPCircuit de Spa-Francorchamps,10,Castore,$48.81,$53.69,-$4.88,21,+11,5,16
Jul 25 - 27,Moët & Chandon Belgian GPCircuit de Spa-Francorchamps,11,Castore,$59.99,$48.81,+$11.18,21,+11,5,16
Jul 25 - 27,Moët & Chandon Belgian GPCircuit de Spa-Francorchamps,12,Red Bull,$25.00,$25.00,$0.00,21,+11,5,16
Jul 25 - 27,Moët & Chandon Belgian GPCircuit de Spa-Francorchamps,13,Bburago,$39.84,$39.84,$0.00,21,+11,5,16
Jul 25 - 27,Moët & Chandon Belgian GPCircuit de Spa-Francorchamps,14,PUMA,$29.99,$29.99,$0.00,21,+11,5,16
Jul 25 - 27,Moët & Chandon Belgian GPCircuit de Spa-Francorchamps,15,Castore,$49.99,$59.99,-$10.00,21,+11,5,16
Jul 25 - 27,Moët & Chandon Belgian GPCircuit de Spa-Francorchamps,16,CMC Motorsports,$14.99,$14.99,$0.00,21,+11,5,16
Jul 25 - 27,Moët & Chandon Belgian GPCircuit de Spa-Francorchamps,17,Hot Wheels,$30.17,$30.17,$0.00,21,+11,5,16
Jul 25 - 27,Moët & Chandon Belgian GPCircuit de Spa-Francorchamps,18,LEGO,$10.99,$22.99,-$12.00,21,+11,5,16
Jul 25 - 27,Moët & Chandon Belgian GPCircuit de Spa-Francorchamps,19,Umbro,$34.00,$34.00,$0.00,21,+11,5,16
Jul 25 - 27,Moët & Chandon Belgian GPCircuit de Spa-Francorchamps,20,Castore,$48.39,$49.99,-$1.60,21,+11,5,16
Aug 1 - 3,Lenovo Hungarian GPHungaroring,1,LEGO,$22.99,$10.99,+$12.00,13,-8,3,10
Aug 1 - 3,Lenovo Hungarian GPHungaroring,2,Castore,$48.16,$48.39,-$0.23,13,-8,3,10
Aug 1 - 3,Lenovo Hungarian GPHungaroring,3,Character World,$27.99,$27.99,$0.00,13,-8,3,10
Aug 1 - 3,Lenovo Hungarian GPHungaroring,4,Castore,$49.00,$48.16,+$0.84,13,-8,3,10
Aug 1 - 3,Lenovo Hungarian GPHungaroring,5,Mercedes AMG Petronas,$31.70,$31.70,$0.00,13,-8,3,10
Aug 1 - 3,Lenovo Hungarian GPHungaroring,6,Udobuy,$7.99,$7.99,$0.00,13,-8,3,10
Aug 1 - 3,Lenovo Hungarian GPHungaroring,7,adidas,$50.00,$50.00,$0.00,13,-8,3,10
Aug 1 - 3,Lenovo Hungarian GPHungaroring,8,Mattel,$14.19,$14.19,$0.00,13,-8,3,10
Aug 1 - 3,Lenovo Hungarian GPHungaroring,9,Castore,$53.69,$49.00,+$4.69,13,-8,3,10
Aug 1 - 3,Lenovo Hungarian GPHungaroring,10,Castore,$48.81,$53.69,-$4.88,13,-8,3,10
Aug 1 - 3,Lenovo Hungarian GPHungaroring,11,Castore,$59.99,$48.81,+$11.18,13,-8,3,10
Aug 1 - 3,Lenovo Hungarian GPHungaroring,12,Red Bull,$25.00,$25.00,$0.00,13,-8,3,10
Aug 1 - 3,Lenovo Hungarian GPHungaroring,13,Bburago,$39.84,$39.84,$0.00,13,-8,3,10
Aug 1 - 3,Lenovo Hungarian GPHungaroring,14,PUMA,$29.99,$29.99,$0.00,13,-8,3,10
Aug 1 - 3,Lenovo Hungarian GPHungaroring,15,Castore,$49.99,$59.99,-$10.00,13,-8,3,10
Aug 1 - 3,Lenovo Hungarian GPHungaroring,16,CMC Motorsports,$14.99,$14.99,$0.00,13,-8,3,10
Aug 1 - 3,Lenovo Hungarian GPHungaroring,17,Hot Wheels,$30.17,$30.17,$0.00,13,-8,3,10
Aug 1 - 3,Lenovo Hungarian GPHungaroring,18,LEGO,$10.99,$22.99,-$12.00,13,-8,3,10
Aug 1 - 3,Lenovo Hungarian GPHungaroring,19,Umbro,$34.00,$34.00,$0.00,13,-8,3,10
Aug 1 - 3,Lenovo Hungarian GPHungaroring,20,Castore,$48.39,$49.99,-$1.60,13,-8,3,10
Aug 29 - 31,Heineken Dutch GPCircuit Park Zandvoort,1,LEGO,$22.99,$10.99,+$12.00,20,+7,4,16
Aug 29 - 31,Heineken Dutch GPCircuit Park Zandvoort,2,Castore,$48.16,$48.39,-$0.23,20,+7,4,16
Aug 29 - 31,Heineken Dutch GPCircuit Park Zandvoort,3,Character World,$27.99,$27.99,$0.00,20,+7,4,16
Aug 29 - 31,Heineken Dutch GPCircuit Park Zandvoort,4,Castore,$49.00,$48.16,+$0.84,20,+7,4,16
Aug 29 - 31,Heineken Dutch GPCircuit Park Zandvoort,5,Mercedes AMG Petronas,$31.70,$31.70,$0.00,20,+7,4,16
Aug 29 - 31,Heineken Dutch GPCircuit Park Zandvoort,6,Udobuy,$7.99,$7.99,$0.00,20,+7,4,16
Aug 29 - 31,Heineken Dutch GPCircuit Park Zandvoort,7,adidas,$50.00,$50.00,$0.00,20,+7,4,16
Aug 29 - 31,Heineken Dutch GPCircuit Park Zandvoort,8,Mattel,$14.19,$14.19,$0.00,20,+7,4,16
Aug 29 - 31,Heineken Dutch GPCircuit Park Zandvoort,9,Castore,$53.69,$49.00,+$4.69,20,+7,4,16
Aug 29 - 31,Heineken Dutch GPCircuit Park Zandvoort,10,Castore,$48.81,$53.69,-$4.88,20,+7,4,16
Aug 29 - 31,Heineken Dutch GPCircuit Park Zandvoort,11,Castore,$59.99,$48.81,+$11.18,20,+7,4,16
Aug 29 - 31,Heineken Dutch GPCircuit Park Zandvoort,12,Red Bull,$25.00,$25.00,$0.00,20,+7,4,16
Aug 29 - 31,Heineken Dutch GPCircuit Park Zandvoort,13,Bburago,$39.84,$39.84,$0.00,20,+7,4,16
Aug 29 - 31,Heineken Dutch GPCircuit Park Zandvoort,14,PUMA,$29.99,$29.99,$0.00,20,+7,4,16
Aug 29 - 31,Heineken Dutch GPCircuit Park Zandvoort,15,Castore,$49.99,$59.99,-$10.00,20,+7,4,16
Aug 29 - 31,Heineken Dutch GPCircuit Park Zandvoort,16,CMC Motorsports,$14.99,$14.99,$0.00,20,+7,4,16
Aug 29 - 31,Heineken Dutch GPCircuit Park Zandvoort,17,Hot Wheels,$30.17,$30.17,$0.00,20,+7,4,16
Aug 29 - 31,Heineken Dutch GPCircuit Park Zandvoort,18,LEGO,$10.99,$22.99,-$12.00,20,+7,4,16
Aug 29 - 31,Heineken Dutch GPCircuit Park Zandvoort,19,Umbro,$34.00,$34.00,$0.00,20,+7,4,16
Aug 29 - 31,Heineken Dutch GPCircuit Park Zandvoort,20,Castore,$48.39,$49.99,-$1.60,20,+7,4,16
Sep 5 - 7,Pirelli Italian GPAutodromo Nazionale Monza,1,LEGO,$22.99,$10.99,+$12.00,14,-6,5,9
Sep 5 - 7,Pirelli Italian GPAutodromo Nazionale Monza,2,Castore,$48.16,$48.39,-$0.23,14,-6,5,9
Sep 5 - 7,Pirelli Italian GPAutodromo Nazionale Monza,3,Character World,$27.99,$27.99,$0.00,14,-6,5,9
Sep 5 - 7,Pirelli Italian GPAutodromo Nazionale Monza,4,Castore,$49.00,$48.16,+$0.84,14,-6,5,9
Sep 5 - 7,Pirelli Italian GPAutodromo Nazionale Monza,5,Mercedes AMG Petronas,$31.70,$31.70,$0.00,14,-6,5,9
Sep 5 - 7,Pirelli Italian GPAutodromo Nazionale Monza,6,Udobuy,$7.99,$7.99,$0.00,14,-6,5,9
Sep 5 - 7,Pirelli Italian GPAutodromo Nazionale Monza,7,adidas,$50.00,$50.00,$0.00,14,-6,5,9
Sep 5 - 7,Pirelli Italian GPAutodromo Nazionale Monza,8,Mattel,$14.19,$14.19,$0.00,14,-6,5,9
Sep 5 - 7,Pirelli Italian GPAutodromo Nazionale Monza,9,Castore,$53.69,$49.00,+$4.69,14,-6,5,9
Sep 5 - 7,Pirelli Italian GPAutodromo Nazionale Monza,10,Castore,$48.81,$53.69,-$4.88,14,-6,5,9
Sep 5 - 7,Pirelli Italian GPAutodromo Nazionale Monza,11,Castore,$59.99,$48.81,+$11.18,14,-6,5,9
Sep 5 - 7,Pirelli Italian GPAutodromo Nazionale Monza,12,Red Bull,$25.00,$25.00,$0.00,14,-6,5,9
Sep 5 - 7,Pirelli Italian GPAutodromo Nazionale Monza,13,Bburago,$39.84,$39.84,$0.00,14,-6,5,9
Sep 5 - 7,Pirelli Italian GPAutodromo Nazionale Monza,14,PUMA,$29.99,$29.99,$0.00,14,-6,5,9
Sep 5 - 7,Pirelli Italian GPAutodromo Nazionale Monza,15,Castore,$49.99,$59.99,-$10.00,14,-6,5,9
Sep 5 - 7,Pirelli Italian GPAutodromo Nazionale Monza,16,CMC Motorsports,$14.99,$14.99,$0.00,14,-6,5,9
Sep 5 - 7,Pirelli Italian GPAutodromo Nazionale Monza,17,Hot Wheels,$30.17,$30.17,$0.00,14,-6,5,9
Sep 5 - 7,Pirelli Italian GPAutodromo Nazionale Monza,18,LEGO,$10.99,$22.99,-$12.00,14,-6,5,9
Sep 5 - 7,Pirelli Italian GPAutodromo Nazionale Monza,19,Umbro,$34.00,$34.00,$0.00,14,-6,5,9
Sep 5 - 7,Pirelli Italian GPAutodromo Nazionale Monza,20,Castore,$48.39,$49.99,-$1.60,14,-6,5,9
Sep 19 - 21,Qatar Airways Azerbaijan GPBaku City Circuit,1,LEGO,$22.99,$10.99,+$12.00,6,-8,2,4
Sep 19 - 21,Qatar Airways Azerbaijan GPBaku City Circuit,2,Castore,$48.16,$48.39,-$0.23,6,-8,2,4
Sep 19 - 21,Qatar Airways Azerbaijan GPBaku City Circuit,3,Character World,$27.99,$27.99,$0.00,6,-8,2,4
Sep 19 - 21,Qatar Airways Azerbaijan GPBaku City Circuit,4,Castore,$49.00,$48.16,+$0.84,6,-8,2,4
Sep 19 - 21,Qatar Airways Azerbaijan GPBaku City Circuit,5,Mercedes AMG Petronas,$31.70,$31.70,$0.00,6,-8,2,4
Sep 19 - 21,Qatar Airways Azerbaijan GPBaku City Circuit,6,Udobuy,$7.99,$7.99,$0.00,6,-8,2,4
Sep 19 - 21,Qatar Airways Azerbaijan GPBaku City Circuit,7,adidas,$50.00,$50.00,$0.00,6,-8,2,4
Sep 19 - 21,Qatar Airways Azerbaijan GPBaku City Circuit,8,Mattel,$14.19,$14.19,$0.00,6,-8,2,4
Sep 19 - 21,Qatar Airways Azerbaijan GPBaku City Circuit,9,Castore,$53.69,$49.00,+$4.69,6,-8,2,4
Sep 19 - 21,Qatar Airways Azerbaijan GPBaku City Circuit,10,Castore,$48.81,$53.69,-$4.88,6,-8,2,4
Sep 19 - 21,Qatar Airways Azerbaijan GPBaku City Circuit,11,Castore,$59.99,$48.81,+$11.18,6,-8,2,4
Sep 19 - 21,Qatar Airways Azerbaijan GPBaku City Circuit,12,Red Bull,$25.00,$25.00,$0.00,6,-8,2,4
Sep 19 - 21,Qatar Airways Azerbaijan GPBaku City Circuit,13,Bburago,$39.84,$39.84,$0.00,6,-8,2,4
Sep 19 - 21,Qatar Airways Azerbaijan GPBaku City Circuit,14,PUMA,$29.99,$29.99,$0.00,6,-8,2,4
Sep 19 - 21,Qatar Airways Azerbaijan GPBaku City Circuit,15,Castore,$49.99,$59.99,-$10.00,6,-8,2,4
Sep 19 - 21,Qatar Airways Azerbaijan GPBaku City Circuit,16,CMC Motorsports,$14.99,$14.99,$0.00,6,-8,2,4
Sep 19 - 21,Qatar Airways Azerbaijan GPBaku City Circuit,17,Hot Wheels,$30.17,$30.17,$0.00,6,-8,2,4
Sep 19 - 21,Qatar Airways Azerbaijan GPBaku City Circuit,18,LEGO,$10.99,$22.99,-$12.00,6,-8,2,4
Sep 19 - 21,Qatar Airways Azerbaijan GPBaku City Circuit,19,Umbro,$34.00,$34.00,$0.00,6,-8,2,4
Sep 19 - 21,Qatar Airways Azerbaijan GPBaku City Circuit,20,Castore,$48.39,$49.99,-$1.60,6,-8,2,4
Oct 3 - 5,Singapore Airlines Singapore GPMarina Bay Street Circuit,1,LEGO,$22.99,$10.99,+$12.00,6,0,1,5
Oct 3 - 5,Singapore Airlines Singapore GPMarina Bay Street Circuit,2,Castore,$48.16,$48.39,-$0.23,6,0,1,5
Oct 3 - 5,Singapore Airlines Singapore GPMarina Bay Street Circuit,3,Character World,$27.99,$27.99,$0.00,6,0,1,5
Oct 3 - 5,Singapore Airlines Singapore GPMarina Bay Street Circuit,4,Castore,$49.00,$48.16,+$0.84,6,0,1,5
Oct 3 - 5,Singapore Airlines Singapore GPMarina Bay Street Circuit,5,Mercedes AMG Petronas,$31.70,$31.70,$0.00,6,0,1,5
Oct 3 - 5,Singapore Airlines Singapore GPMarina Bay Street Circuit,6,Udobuy,$7.99,$7.99,$0.00,6,0,1,5
Oct 3 - 5,Singapore Airlines Singapore GPMarina Bay Street Circuit,7,adidas,$50.00,$50.00,$0.00,6,0,1,5
Oct 3 - 5,Singapore Airlines Singapore GPMarina Bay Street Circuit,8,Mattel,$14.19,$14.19,$0.00,6,0,1,5
Oct 3 - 5,Singapore Airlines Singapore GPMarina Bay Street Circuit,9,Castore,$53.69,$49.00,+$4.69,6,0,1,5
Oct 3 - 5,Singapore Airlines Singapore GPMarina Bay Street Circuit,10,Castore,$48.81,$53.69,-$4.88,6,0,1,5
Oct 3 - 5,Singapore Airlines Singapore GPMarina Bay Street Circuit,11,Castore,$59.99,$48.81,+$11.18,6,0,1,5
Oct 3 - 5,Singapore Airlines Singapore GPMarina Bay Street Circuit,12,Red Bull,$25.00,$25.00,$0.00,6,0,1,5
Oct 3 - 5,Singapore Airlines Singapore GPMarina Bay Street Circuit,13,Bburago,$39.84,$39.84,$0.00,6,0,1,5
Oct 3 - 5,Singapore Airlines Singapore GPMarina Bay Street Circuit,14,PUMA,$29.99,$29.99,$0.00,6,0,1,5
Oct 3 - 5,Singapore Airlines Singapore GPMarina Bay Street Circuit,15,Castore,$49.99,$59.99,-$10.00,6,0,1,5
Oct 3 - 5,Singapore Airlines Singapore GPMarina Bay Street Circuit,16,CMC Motorsports,$14.99,$14.99,$0.00,6,0,1,5
Oct 3 - 5,Singapore Airlines Singapore GPMarina Bay Street Circuit,17,Hot Wheels,$30.17,$30.17,$0.00,6,0,1,5
Oct 3 - 5,Singapore Airlines Singapore GPMarina Bay Street Circuit,18,LEGO,$10.99,$22.99,-$12.00,6,0,1,5
Oct 3 - 5,Singapore Airlines Singapore GPMarina Bay Street Circuit,19,Umbro,$34.00,$34.00,$0.00,6,0,1,5
Oct 3 - 5,Singapore Airlines Singapore GPMarina Bay Street Circuit,20,Castore,$48.39,$49.99,-$1.60,6,0,1,5
Oct 17 - 19,MSC Cruises United States GPCircuit of the Americas,1,LEGO,$22.99,$10.99,+$12.00,19,+13,6,13
Oct 17 - 19,MSC Cruises United States GPCircuit of the Americas,2,Castore,$48.16,$48.39,-$0.23,19,+13,6,13
Oct 17 - 19,MSC Cruises United States GPCircuit of the Americas,3,Character World,$27.99,$27.99,$0.00,19,+13,6,13
Oct 17 - 19,MSC Cruises United States GPCircuit of the Americas,4,Castore,$49.00,$48.16,+$0.84,19,+13,6,13
Oct 17 - 19,MSC Cruises United States GPCircuit of the Americas,5,Mercedes AMG Petronas,$31.70,$31.70,$0.00,19,+13,6,13
Oct 17 - 19,MSC Cruises United States GPCircuit of the Americas,6,Udobuy,$7.99,$7.99,$0.00,19,+13,6,13
Oct 17 - 19,MSC Cruises United States GPCircuit of the Americas,7,adidas,$50.00,$50.00,$0.00,19,+13,6,13
Oct 17 - 19,MSC Cruises United States GPCircuit of the Americas,8,Mattel,$14.19,$14.19,$0.00,19,+13,6,13
Oct 17 - 19,MSC Cruises United States GPCircuit of the Americas,9,Castore,$53.69,$49.00,+$4.69,19,+13,6,13
Oct 17 - 19,MSC Cruises United States GPCircuit of the Americas,10,Castore,$48.81,$53.69,-$4.88,19,+13,6,13
Oct 17 - 19,MSC Cruises United States GPCircuit of the Americas,11,Castore,$59.99,$48.81,+$11.18,19,+13,6,13
Oct 17 - 19,MSC Cruises United States GPCircuit of the Americas,12,Red Bull,$25.00,$25.00,$0.00,19,+13,6,13
Oct 17 - 19,MSC Cruises United States GPCircuit of the Americas,13,Bburago,$39.84,$39.84,$0.00,19,+13,6,13
Oct 17 - 19,MSC Cruises United States GPCircuit of the Americas,14,PUMA,$29.99,$29.99,$0.00,19,+13,6,13
Oct 17 - 19,MSC Cruises United States GPCircuit of the Americas,15,Castore,$49.99,$59.99,-$10.00,19,+13,6,13
Oct 17 - 19,MSC Cruises United States GPCircuit of the Americas,16,CMC Motorsports,$14.99,$14.99,$0.00,19,+13,6,13
Oct 17 - 19,MSC Cruises United States GPCircuit of the Americas,17,Hot Wheels,$30.17,$30.17,$0.00,19,+13,6,13
Oct 17 - 19,MSC Cruises United States GPCircuit of the Americas,18,LEGO,$10.99,$22.99,-$12.00,19,+13,6,13
Oct 17 - 19,MSC Cruises United States GPCircuit of the Americas,19,Umbro,$34.00,$34.00,$0.00,19,+13,6,13
Oct 17 - 19,MSC Cruises United States GPCircuit of the Americas,20,Castore,$48.39,$49.99,-$1.60,19,+13,6,13
Oct 24 - 26,Mexico City GPAutodromo Hermanos Rodriguez,1,LEGO,$22.99,$10.99,+$12.00,13,-6,7,6
Oct 24 - 26,Mexico City GPAutodromo Hermanos Rodriguez,2,Castore,$48.16,$48.39,-$0.23,13,-6,7,6
Oct 24 - 26,Mexico City GPAutodromo Hermanos Rodriguez,3,Character World,$27.99,$27.99,$0.00,13,-6,7,6
Oct 24 - 26,Mexico City GPAutodromo Hermanos Rodriguez,4,Castore,$49.00,$48.16,+$0.84,13,-6,7,6
Oct 24 - 26,Mexico City GPAutodromo Hermanos Rodriguez,5,Mercedes AMG Petronas,$31.70,$31.70,$0.00,13,-6,7,6
Oct 24 - 26,Mexico City GPAutodromo Hermanos Rodriguez,6,Udobuy,$7.99,$7.99,$0.00,13,-6,7,6
Oct 24 - 26,Mexico City GPAutodromo Hermanos Rodriguez,7,adidas,$50.00,$50.00,$0.00,13,-6,7,6
Oct 24 - 26,Mexico City GPAutodromo Hermanos Rodriguez,8,Mattel,$14.19,$14.19,$0.00,13,-6,7,6
Oct 24 - 26,Mexico City GPAutodromo Hermanos Rodriguez,9,Castore,$53.69,$49.00,+$4.69,13,-6,7,6
Oct 24 - 26,Mexico City GPAutodromo Hermanos Rodriguez,10,Castore,$48.81,$53.69,-$4.88,13,-6,7,6
Oct 24 - 26,Mexico City GPAutodromo Hermanos Rodriguez,11,Castore,$59.99,$48.81,+$11.18,13,-6,7,6
Oct 24 - 26,Mexico City GPAutodromo Hermanos Rodriguez,12,Red Bull,$25.00,$25.00,$0.00,13,-6,7,6
Oct 24 - 26,Mexico City GPAutodromo Hermanos Rodriguez,13,Bburago,$39.84,$39.84,$0.00,13,-6,7,6
Oct 24 - 26,Mexico City GPAutodromo Hermanos Rodriguez,14,PUMA,$29.99,$29.99,$0.00,13,-6,7,6
Oct 24 - 26,Mexico City GPAutodromo Hermanos Rodriguez,15,Castore,$49.99,$59.99,-$10.00,13,-6,7,6
Oct 24 - 26,Mexico City GPAutodromo Hermanos Rodriguez,16,CMC Motorsports,$14.99,$14.99,$0.00,13,-6,7,6
Oct 24 - 26,Mexico City GPAutodromo Hermanos Rodriguez,17,Hot Wheels,$30.17,$30.17,$0.00,13,-6,7,6
Oct 24 - 26,Mexico City GPAutodromo Hermanos Rodriguez,18,LEGO,$10.99,$22.99,-$12.00,13,-6,7,6
Oct 24 - 26,Mexico City GPAutodromo Hermanos Rodriguez,19,Umbro,$34.00,$34.00,$0.00,13,-6,7,6
Oct 24 - 26,Mexico City GPAutodromo Hermanos Rodriguez,20,Castore,$48.39,$49.99,-$1.60,13,-6,7,6
Nov 7 - 9,MSC Cruises São Paulo GPAutodromo Jose Carlos Pace,1,LEGO,$22.99,$10.99,+$12.00,6,-7,4,2
Nov 7 - 9,MSC Cruises São Paulo GPAutodromo Jose Carlos Pace,2,Castore,$48.16,$48.39,-$0.23,6,-7,4,2
Nov 7 - 9,MSC Cruises São Paulo GPAutodromo Jose Carlos Pace,3,Character World,$27.99,$27.99,$0.00,6,-7,4,2
Nov 7 - 9,MSC Cruises São Paulo GPAutodromo Jose Carlos Pace,4,Castore,$49.00,$48.16,+$0.84,6,-7,4,2
Nov 7 - 9,MSC Cruises São Paulo GPAutodromo Jose Carlos Pace,5,Mercedes AMG Petronas,$31.70,$31.70,$0.00,6,-7,4,2
Nov 7 - 9,MSC Cruises São Paulo GPAutodromo Jose Carlos Pace,6,Udobuy,$7.99,$7.99,$0.00,6,-7,4,2
Nov 7 - 9,MSC Cruises São Paulo GPAutodromo Jose Carlos Pace,7,adidas,$50.00,$50.00,$0.00,6,-7,4,2
Nov 7 - 9,MSC Cruises São Paulo GPAutodromo Jose Carlos Pace,8,Mattel,$14.19,$14.19,$0.00,6,-7,4,2
Nov 7 - 9,MSC Cruises São Paulo GPAutodromo Jose Carlos Pace,9,Castore,$53.69,$49.00,+$4.69,6,-7,4,2
Nov 7 - 9,MSC Cruises São Paulo GPAutodromo Jose Carlos Pace,10,Castore,$48.81,$53.69,-$4.88,6,-7,4,2
Nov 7 - 9,MSC Cruises São Paulo GPAutodromo Jose Carlos Pace,11,Castore,$59.99,$48.81,+$11.18,6,-7,4,2
Nov 7 - 9,MSC Cruises São Paulo GPAutodromo Jose Carlos Pace,12,Red Bull,$25.00,$25.00,$0.00,6,-7,4,2
Nov 7 - 9,MSC Cruises São Paulo GPAutodromo Jose Carlos Pace,13,Bburago,$39.84,$39.84,$0.00,6,-7,4,2
Nov 7 - 9,MSC Cruises São Paulo GPAutodromo Jose Carlos Pace,14,PUMA,$29.99,$29.99,$0.00,6,-7,4,2
Nov 7 - 9,MSC Cruises São Paulo GPAutodromo Jose Carlos Pace,15,Castore,$49.99,$59.99,-$10.00,6,-7,4,2
Nov 7 - 9,MSC Cruises São Paulo GPAutodromo Jose Carlos Pace,16,CMC Motorsports,$14.99,$14.99,$0.00,6,-7,4,2
Nov 7 - 9,MSC Cruises São Paulo GPAutodromo Jose Carlos Pace,17,Hot Wheels,$30.17,$30.17,$0.00,6,-7,4,2
Nov 7 - 9,MSC Cruises São Paulo GPAutodromo Jose Carlos Pace,18,LEGO,$10.99,$22.99,-$12.00,6,-7,4,2
Nov 7 - 9,MSC Cruises São Paulo GPAutodromo Jose Carlos Pace,19,Umbro,$34.00,$34.00,$0.00,6,-7,4,2
Nov 7 - 9,MSC Cruises São Paulo GPAutodromo Jose Carlos Pace,20,Castore,$48.39,$49.99,-$1.60,6,-7,4,2
Nov 20 - 22,Heineken Las Vegas GPLas Vegas Street Circuit,1,LEGO,$22.99,$10.99,+$12.00,5,-1,2,3
Nov 20 - 22,Heineken Las Vegas GPLas Vegas Street Circuit,2,Castore,$48.16,$48.39,-$0.23,5,-1,2,3
Nov 20 - 22,Heineken Las Vegas GPLas Vegas Street Circuit,3,Character World,$27.99,$27.99,$0.00,5,-1,2,3
Nov 20 - 22,Heineken Las Vegas GPLas Vegas Street Circuit,4,Castore,$49.00,$48.16,+$0.84,5,-1,2,3
Nov 20 - 22,Heineken Las Vegas GPLas Vegas Street Circuit,5,Mercedes AMG Petronas,$31.70,$31.70,$0.00,5,-1,2,3
Nov 20 - 22,Heineken Las Vegas GPLas Vegas Street Circuit,6,Udobuy,$7.99,$7.99,$0.00,5,-1,2,3
Nov 20 - 22,Heineken Las Vegas GPLas Vegas Street Circuit,7,adidas,$50.00,$50.00,$0.00,5,-1,2,3
Nov 20 - 22,Heineken Las Vegas GPLas Vegas Street Circuit,8,Mattel,$14.19,$14.19,$0.00,5,-1,2,3
Nov 20 - 22,Heineken Las Vegas GPLas Vegas Street Circuit,9,Castore,$53.69,$49.00,+$4.69,5,-1,2,3
Nov 20 - 22,Heineken Las Vegas GPLas Vegas Street Circuit,10,Castore,$48.81,$53.69,-$4.88,5,-1,2,3
Nov 20 - 22,Heineken Las Vegas GPLas Vegas Street Circuit,11,Castore,$59.99,$48.81,+$11.18,5,-1,2,3
Nov 20 - 22,Heineken Las Vegas GPLas Vegas Street Circuit,12,Red Bull,$25.00,$25.00,$0.00,5,-1,2,3
Nov 20 - 22,Heineken Las Vegas GPLas Vegas Street Circuit,13,Bburago,$39.84,$39.84,$0.00,5,-1,2,3
Nov 20 - 22,Heineken Las Vegas GPLas Vegas Street Circuit,14,PUMA,$29.99,$29.99,$0.00,5,-1,2,3
Nov 20 - 22,Heineken Las Vegas GPLas Vegas Street Circuit,15,Castore,$49.99,$59.99,-$10.00,5,-1,2,3
Nov 20 - 22,Heineken Las Vegas GPLas Vegas Street Circuit,16,CMC Motorsports,$14.99,$14.99,$0.00,5,-1,2,3
Nov 20 - 22,Heineken Las Vegas GPLas Vegas Street Circuit,17,Hot Wheels,$30.17,$30.17,$0.00,5,-1,2,3
Nov 20 - 22,Heineken Las Vegas GPLas Vegas Street Circuit,18,LEGO,$10.99,$22.99,-$12.00,5,-1,2,3
Nov 20 - 22,Heineken Las Vegas GPLas Vegas Street Circuit,19,Umbro,$34.00,$34.00,$0.00,5,-1,2,3
Nov 20 - 22,Heineken Las Vegas GPLas Vegas Street Circuit,20,Castore,$48.39,$49.99,-$1.60,5,-1,2,3
Nov 28 - 30,Qatar Airways Qatar GPLosail International Circuit,1,LEGO,$22.99,$10.99,+$12.00,11,+6,6,5
Nov 28 - 30,Qatar Airways Qatar GPLosail International Circuit,2,Castore,$48.16,$48.39,-$0.23,11,+6,6,5
Nov 28 - 30,Qatar Airways Qatar GPLosail International Circuit,3,Character World,$27.99,$27.99,$0.00,11,+6,6,5
Nov 28 - 30,Qatar Airways Qatar GPLosail International Circuit,4,Castore,$49.00,$48.16,+$0.84,11,+6,6,5
Nov 28 - 30,Qatar Airways Qatar GPLosail International Circuit,5,Mercedes AMG Petronas,$31.70,$31.70,$0.00,11,+6,6,5
Nov 28 - 30,Qatar Airways Qatar GPLosail International Circuit,6,Udobuy,$7.99,$7.99,$0.00,11,+6,6,5
Nov 28 - 30,Qatar Airways Qatar GPLosail International Circuit,7,adidas,$50.00,$50.00,$0.00,11,+6,6,5
Nov 28 - 30,Qatar Airways Qatar GPLosail International Circuit,8,Mattel,$14.19,$14.19,$0.00,11,+6,6,5
Nov 28 - 30,Qatar Airways Qatar GPLosail International Circuit,9,Castore,$53.69,$49.00,+$4.69,11,+6,6,5
Nov 28 - 30,Qatar Airways Qatar GPLosail International Circuit,10,Castore,$48.81,$53.69,-$4.88,11,+6,6,5
Nov 28 - 30,Qatar Airways Qatar GPLosail International Circuit,11,Castore,$59.99,$48.81,+$11.18,11,+6,6,5
Nov 28 - 30,Qatar Airways Qatar GPLosail International Circuit,12,Red Bull,$25.00,$25.00,$0.00,11,+6,6,5
Nov 28 - 30,Qatar Airways Qatar GPLosail International Circuit,13,Bburago,$39.84,$39.84,$0.00,11,+6,6,5
Nov 28 - 30,Qatar Airways Qatar GPLosail International Circuit,14,PUMA,$29.99,$29.99,$0.00,11,+6,6,5
Nov 28 - 30,Qatar Airways Qatar GPLosail International Circuit,15,Castore,$49.99,$59.99,-$10.00,11,+6,6,5
Nov 28 - 30,Qatar Airways Qatar GPLosail International Circuit,16,CMC Motorsports,$14.99,$14.99,$0.00,11,+6,6,5
Nov 28 - 30,Qatar Airways Qatar GPLosail International Circuit,17,Hot Wheels,$30.17,$30.17,$0.00,11,+6,6,5
Nov 28 - 30,Qatar Airways Qatar GPLosail International Circuit,18,LEGO,$10.99,$22.99,-$12.00,11,+6,6,5
Nov 28 - 30,Qatar Airways Qatar GPLosail International Circuit,19,Umbro,$34.00,$34.00,$0.00,11,+6,6,5
Nov 28 - 30,Qatar Airways Qatar GPLosail International Circuit,20,Castore,$48.39,$49.99,-$1.60,11,+6,6,5
Dec 5 - 7,Etihad Airways Abu Dhabi GPYas Marina Circuit,1,LEGO,$22.99,$10.99,+$12.00,20,+9,5,15
Dec 5 - 7,Etihad Airways Abu Dhabi GPYas Marina Circuit,2,Castore,$48.16,$48.39,-$0.23,20,+9,5,15
Dec 5 - 7,Etihad Airways Abu Dhabi GPYas Marina Circuit,3,Character World,$27.99,$27.99,$0.00,20,+9,5,15
Dec 5 - 7,Etihad Airways Abu Dhabi GPYas Marina Circuit,4,Castore,$49.00,$48.16,+$0.84,20,+9,5,15
Dec 5 - 7,Etihad Airways Abu Dhabi GPYas Marina Circuit,5,Mercedes AMG Petronas,$31.70,$31.70,$0.00,20,+9,5,15
Dec 5 - 7,Etihad Airways Abu Dhabi GPYas Marina Circuit,6,Udobuy,$7.99,$7.99,$0.00,20,+9,5,15
Dec 5 - 7,Etihad Airways Abu Dhabi GPYas Marina Circuit,7,adidas,$50.00,$50.00,$0.00,20,+9,5,15
Dec 5 - 7,Etihad Airways Abu Dhabi GPYas Marina Circuit,8,Mattel,$14.19,$14.19,$0.00,20,+9,5,15
Dec 5 - 7,Etihad Airways Abu Dhabi GPYas Marina Circuit,9,Castore,$53.69,$49.00,+$4.69,20,+9,5,15
Dec 5 - 7,Etihad Airways Abu Dhabi GPYas Marina Circuit,10,Castore,$48.81,$53.69,-$4.88,20,+9,5,15
Dec 5 - 7,Etihad Airways Abu Dhabi GPYas Marina Circuit,11,Castore,$59.99,$48.81,+$11.18,20,+9,5,15
Dec 5 - 7,Etihad Airways Abu Dhabi GPYas Marina Circuit,12,Red Bull,$25.00,$25.00,$0.00,20,+9,5,15
Dec 5 - 7,Etihad Airways Abu Dhabi GPYas Marina Circuit,13,Bburago,$39.84,$39.84,$0.00,20,+9,5,15
Dec 5 - 7,Etihad Airways Abu Dhabi GPYas Marina Circuit,14,PUMA,$29.99,$29.99,$0.00,20,+9,5,15
Dec 5 - 7,Etihad Airways Abu Dhabi GPYas Marina Circuit,15,Castore,$49.99,$59.99,-$10.00,20,+9,5,15
Dec 5 - 7,Etihad Airways Abu Dhabi GPYas Marina Circuit,16,CMC Motorsports,$14.99,$14.99,$0.00,20,+9,5,15
Dec 5 - 7,Etihad Airways Abu Dhabi GPYas Marina Circuit,17,Hot Wheels,$30.17,$30.17,$0.00,20,+9,5,15
Dec 5 - 7,Etihad Airways Abu Dhabi GPYas Marina Circuit,18,LEGO,$10.99,$22.99,-$12.00,20,+9,5,15
Dec 5 - 7,Etihad Airways Abu Dhabi GPYas Marina Circuit,19,Umbro,$34.00,$34.00,$0.00,20,+9,5,15
Dec 5 - 7,Etihad Airways Abu Dhabi GPYas Marina Circuit,20,Castore,$48.39,$49.99,-$1.60,20,+9,5,15
