Race Date,Race Name,Product Rank,Product Name,Current Price,Previous Price,Price Change,Team Cumulative Placement,Team Placement Change,Red Bull Driver VER Pos,Red Bull Driver LAW Pos,Red Bull Driver TSU Pos,Red Bull Driver HAD Pos
Mar 13 - 16,Louis Vuitton Australian GPMelbourne Grand Prix Circuit,1,Castore,$48.16,N/A,N/A,14,N/A,2,Ret,12,Ret
Mar 13 - 16,Louis Vuitton Australian GPMelbourne Grand Prix Circuit,2,Red Bull Racing F1 Kid's 2024 Sergio Checo Perez Team T-Shirt,$24.99,N/A,N/A,14,N/A,2,Ret,12,Ret
Mar 13 - 16,Louis Vuitton Australian GPMelbourne Grand Prix Circuit,3,Castore,$49.00,$48.16,+$0.84,14,N/A,2,Ret,12,Ret
Mar 13 - 16,Louis Vuitton Australian GPMelbourne Grand Prix Circuit,4,Castore,$48.81,$49.00,-$0.19,14,N/A,2,Ret,12,Ret
Mar 13 - 16,Louis Vuitton Australian GPMelbourne Grand Prix Circuit,5,LEGO,$22.99,N/A,N/A,14,N/A,2,Ret,12,Ret
Mar 13 - 16,Louis Vuitton Australian GPMelbourne Grand Prix Circuit,6,Castore,$53.69,$48.81,+$4.88,14,N/A,2,Ret,12,Ret
Mar 13 - 16,Louis Vuitton Australian GPMelbourne Grand Prix Circuit,7,Castore,$52.33,$53.69,-$1.36,14,N/A,2,Ret,12,Ret
Mar 13 - 16,Louis Vuitton Australian GPMelbourne Grand Prix Circuit,8,Castore Red Bull Racing F1 Team Mug,$25.00,N/A,N/A,14,N/A,2,Ret,12,Ret
Mar 13 - 16,Louis Vuitton Australian GPMelbourne Grand Prix Circuit,9,Castore,$105.00,$52.33,+$52.67,14,N/A,2,Ret,12,Ret
Mar 13 - 16,Louis Vuitton Australian GPMelbourne Grand Prix Circuit,10,Castore,$57.24,$105.00,-$47.76,14,N/A,2,Ret,12,Ret
Mar 13 - 16,Louis Vuitton Australian GPMelbourne Grand Prix Circuit,11,ZOCAVIA,$29.99,N/A,N/A,14,N/A,2,Ret,12,Ret
Mar 13 - 16,Louis Vuitton Australian GPMelbourne Grand Prix Circuit,12,"Formula 1 Model Car Kits for Adults, Aston Martin F1 Car with Realistic Details, F1 Toys Building Sets Craft for Display, Formula 1 Racing Gifts for Teen Boys, Ideal F1 Gifts for Men",$89.95,N/A,N/A,14,N/A,2,Ret,12,Ret
Mar 13 - 16,Louis Vuitton Australian GPMelbourne Grand Prix Circuit,13,"Red Bull Racing F1 Sergio ""Checo"" Perez Special Edition Mexico GP Hoodie",$24.99,N/A,N/A,14,N/A,2,Ret,12,Ret
Mar 13 - 16,Louis Vuitton Australian GPMelbourne Grand Prix Circuit,14,MIEBELY,$65.99,N/A,N/A,14,N/A,2,Ret,12,Ret
Mar 13 - 16,Louis Vuitton Australian GPMelbourne Grand Prix Circuit,15,Castore,$89.09,$57.24,+$31.85,14,N/A,2,Ret,12,Ret
Mar 13 - 16,Louis Vuitton Australian GPMelbourne Grand Prix Circuit,16,Bburago,$19.32,N/A,N/A,14,N/A,2,Ret,12,Ret
Mar 13 - 16,Louis Vuitton Australian GPMelbourne Grand Prix Circuit,17,Red Bull Racing F1 Men's 2024 Sergio Checo Perez Team T-Shirt-,$29.99,N/A,N/A,14,N/A,2,Ret,12,Ret
Mar 13 - 16,Louis Vuitton Australian GPMelbourne Grand Prix Circuit,18,LEGO,$14.00,$22.99,-$8.99,14,N/A,2,Ret,12,Ret
Mar 13 - 16,Louis Vuitton Australian GPMelbourne Grand Prix Circuit,19,"Red Bull Racing F1 Sergio ""Checo"" Perez Special Edition Mexico GP Track Jacket",$29.99,N/A,N/A,14,N/A,2,Ret,12,Ret
Mar 13 - 16,Louis Vuitton Australian GPMelbourne Grand Prix Circuit,20,Red Bull Racing F1 Sergio Checo Perez T-Shirt,$19.99,N/A,N/A,14,N/A,2,Ret,12,Ret
Mar 20 - 23,Heineken Chinese GPShanghai International Circuit,1,Castore,$48.16,$89.09,-$40.93,43,+29,4,12,16,11
Mar 20 - 23,Heineken Chinese GPShanghai International Circuit,2,Red Bull Racing F1 Kid's 2024 Sergio Checo Perez Team T-Shirt,$24.99,$24.99,$0.00,43,+29,4,12,16,11
Mar 20 - 23,Heineken Chinese GPShanghai International Circuit,3,Castore,$49.00,$48.16,+$0.84,43,+29,4,12,16,11
Mar 20 - 23,Heineken Chinese GPShanghai International Circuit,4,Castore,$48.81,$49.00,-$0.19,43,+29,4,12,16,11
Mar 20 - 23,Heineken Chinese GPShanghai International Circuit,5,LEGO,$22.99,$14.00,+$8.99,43,+29,4,12,16,11
Mar 20 - 23,Heineken Chinese GPShanghai International Circuit,6,Castore,$53.69,$48.81,+$4.88,43,+29,4,12,16,11
Mar 20 - 23,Heineken Chinese GPShanghai International Circuit,7,Castore,$52.33,$53.69,-$1.36,43,+29,4,12,16,11
Mar 20 - 23,Heineken Chinese GPShanghai International Circuit,8,Castore Red Bull Racing F1 Team Mug,$25.00,$25.00,$0.00,43,+29,4,12,16,11
Mar 20 - 23,Heineken Chinese GPShanghai International Circuit,9,Castore,$105.00,$52.33,+$52.67,43,+29,4,12,16,11
Mar 20 - 23,Heineken Chinese GPShanghai International Circuit,10,Castore,$57.24,$105.00,-$47.76,43,+29,4,12,16,11
Mar 20 - 23,Heineken Chinese GPShanghai International Circuit,11,ZOCAVIA,$29.99,$29.99,$0.00,43,+29,4,12,16,11
Mar 20 - 23,Heineken Chinese GPShanghai International Circuit,12,"Formula 1 Model Car Kits for Adults, Aston Martin F1 Car with Realistic Details, F1 Toys Building Sets Craft for Display, Formula 1 Racing Gifts for Teen Boys, Ideal F1 Gifts for Men",$89.95,$89.95,$0.00,43,+29,4,12,16,11
Mar 20 - 23,Heineken Chinese GPShanghai International Circuit,13,"Red Bull Racing F1 Sergio ""Checo"" Perez Special Edition Mexico GP Hoodie",$24.99,$24.99,$0.00,43,+29,4,12,16,11
Mar 20 - 23,Heineken Chinese GPShanghai International Circuit,14,MIEBELY,$65.99,$65.99,$0.00,43,+29,4,12,16,11
Mar 20 - 23,Heineken Chinese GPShanghai International Circuit,15,Castore,$89.09,$57.24,+$31.85,43,+29,4,12,16,11
Mar 20 - 23,Heineken Chinese GPShanghai International Circuit,16,Bburago,$19.32,$19.32,$0.00,43,+29,4,12,16,11
Mar 20 - 23,Heineken Chinese GPShanghai International Circuit,17,Red Bull Racing F1 Men's 2024 Sergio Checo Perez Team T-Shirt-,$29.99,$29.99,$0.00,43,+29,4,12,16,11
Mar 20 - 23,Heineken Chinese GPShanghai International Circuit,18,LEGO,$14.00,$22.99,-$8.99,43,+29,4,12,16,11
Mar 20 - 23,Heineken Chinese GPShanghai International Circuit,19,"Red Bull Racing F1 Sergio ""Checo"" Perez Special Edition Mexico GP Track Jacket",$29.99,$29.99,$0.00,43,+29,4,12,16,11
Mar 20 - 23,Heineken Chinese GPShanghai International Circuit,20,Red Bull Racing F1 Sergio Checo Perez T-Shirt,$19.99,$19.99,$0.00,43,+29,4,12,16,11
Apr 3 - 6,Lenovo Japanese GPSuzuka International Racing Course,1,Castore,$48.16,$89.09,-$40.93,38,-5,1,17,12,8
Apr 3 - 6,Lenovo Japanese GPSuzuka International Racing Course,2,Red Bull Racing F1 Kid's 2024 Sergio Checo Perez Team T-Shirt,$24.99,$24.99,$0.00,38,-5,1,17,12,8
Apr 3 - 6,Lenovo Japanese GPSuzuka International Racing Course,3,Castore,$49.00,$48.16,+$0.84,38,-5,1,17,12,8
Apr 3 - 6,Lenovo Japanese GPSuzuka International Racing Course,4,Castore,$48.81,$49.00,-$0.19,38,-5,1,17,12,8
Apr 3 - 6,Lenovo Japanese GPSuzuka International Racing Course,5,LEGO,$22.99,$14.00,+$8.99,38,-5,1,17,12,8
Apr 3 - 6,Lenovo Japanese GPSuzuka International Racing Course,6,Castore,$53.69,$48.81,+$4.88,38,-5,1,17,12,8
Apr 3 - 6,Lenovo Japanese GPSuzuka International Racing Course,7,Castore,$52.33,$53.69,-$1.36,38,-5,1,17,12,8
Apr 3 - 6,Lenovo Japanese GPSuzuka International Racing Course,8,Castore Red Bull Racing F1 Team Mug,$25.00,$25.00,$0.00,38,-5,1,17,12,8
Apr 3 - 6,Lenovo Japanese GPSuzuka International Racing Course,9,Castore,$105.00,$52.33,+$52.67,38,-5,1,17,12,8
Apr 3 - 6,Lenovo Japanese GPSuzuka International Racing Course,10,Castore,$57.24,$105.00,-$47.76,38,-5,1,17,12,8
Apr 3 - 6,Lenovo Japanese GPSuzuka International Racing Course,11,ZOCAVIA,$29.99,$29.99,$0.00,38,-5,1,17,12,8
Apr 3 - 6,Lenovo Japanese GPSuzuka International Racing Course,12,"Formula 1 Model Car Kits for Adults, Aston Martin F1 Car with Realistic Details, F1 Toys Building Sets Craft for Display, Formula 1 Racing Gifts for Teen Boys, Ideal F1 Gifts for Men",$89.95,$89.95,$0.00,38,-5,1,17,12,8
Apr 3 - 6,Lenovo Japanese GPSuzuka International Racing Course,13,"Red Bull Racing F1 Sergio ""Checo"" Perez Special Edition Mexico GP Hoodie",$24.99,$24.99,$0.00,38,-5,1,17,12,8
Apr 3 - 6,Lenovo Japanese GPSuzuka International Racing Course,14,MIEBELY,$65.99,$65.99,$0.00,38,-5,1,17,12,8
Apr 3 - 6,Lenovo Japanese GPSuzuka International Racing Course,15,Castore,$89.09,$57.24,+$31.85,38,-5,1,17,12,8
Apr 3 - 6,Lenovo Japanese GPSuzuka International Racing Course,16,Bburago,$19.32,$19.32,$0.00,38,-5,1,17,12,8
Apr 3 - 6,Lenovo Japanese GPSuzuka International Racing Course,17,Red Bull Racing F1 Men's 2024 Sergio Checo Perez Team T-Shirt-,$29.99,$29.99,$0.00,38,-5,1,17,12,8
Apr 3 - 6,Lenovo Japanese GPSuzuka International Racing Course,18,LEGO,$14.00,$22.99,-$8.99,38,-5,1,17,12,8
Apr 3 - 6,Lenovo Japanese GPSuzuka International Racing Course,19,"Red Bull Racing F1 Sergio ""Checo"" Perez Special Edition Mexico GP Track Jacket",$29.99,$29.99,$0.00,38,-5,1,17,12,8
Apr 3 - 6,Lenovo Japanese GPSuzuka International Racing Course,20,Red Bull Racing F1 Sergio Checo Perez T-Shirt,$19.99,$19.99,$0.00,38,-5,1,17,12,8
Apr 11 - 13,Gulf Air Bahrain GPBahrain International Circuit,1,Castore,$48.16,$89.09,-$40.93,44,+6,6,16,9,13
Apr 11 - 13,Gulf Air Bahrain GPBahrain International Circuit,2,Red Bull Racing F1 Kid's 2024 Sergio Checo Perez Team T-Shirt,$24.99,$24.99,$0.00,44,+6,6,16,9,13
Apr 11 - 13,Gulf Air Bahrain GPBahrain International Circuit,3,Castore,$49.00,$48.16,+$0.84,44,+6,6,16,9,13
Apr 11 - 13,Gulf Air Bahrain GPBahrain International Circuit,4,Castore,$48.81,$49.00,-$0.19,44,+6,6,16,9,13
Apr 11 - 13,Gulf Air Bahrain GPBahrain International Circuit,5,LEGO,$22.99,$14.00,+$8.99,44,+6,6,16,9,13
Apr 11 - 13,Gulf Air Bahrain GPBahrain International Circuit,6,Castore,$53.69,$48.81,+$4.88,44,+6,6,16,9,13
Apr 11 - 13,Gulf Air Bahrain GPBahrain International Circuit,7,Castore,$52.33,$53.69,-$1.36,44,+6,6,16,9,13
Apr 11 - 13,Gulf Air Bahrain GPBahrain International Circuit,8,Castore Red Bull Racing F1 Team Mug,$25.00,$25.00,$0.00,44,+6,6,16,9,13
Apr 11 - 13,Gulf Air Bahrain GPBahrain International Circuit,9,Castore,$105.00,$52.33,+$52.67,44,+6,6,16,9,13
Apr 11 - 13,Gulf Air Bahrain GPBahrain International Circuit,10,Castore,$57.24,$105.00,-$47.76,44,+6,6,16,9,13
Apr 11 - 13,Gulf Air Bahrain GPBahrain International Circuit,11,ZOCAVIA,$29.99,$29.99,$0.00,44,+6,6,16,9,13
Apr 11 - 13,Gulf Air Bahrain GPBahrain International Circuit,12,"Formula 1 Model Car Kits for Adults, Aston Martin F1 Car with Realistic Details, F1 Toys Building Sets Craft for Display, Formula 1 Racing Gifts for Teen Boys, Ideal F1 Gifts for Men",$89.95,$89.95,$0.00,44,+6,6,16,9,13
Apr 11 - 13,Gulf Air Bahrain GPBahrain International Circuit,13,"Red Bull Racing F1 Sergio ""Checo"" Perez Special Edition Mexico GP Hoodie",$24.99,$24.99,$0.00,44,+6,6,16,9,13
Apr 11 - 13,Gulf Air Bahrain GPBahrain International Circuit,14,MIEBELY,$65.99,$65.99,$0.00,44,+6,6,16,9,13
Apr 11 - 13,Gulf Air Bahrain GPBahrain International Circuit,15,Castore,$89.09,$57.24,+$31.85,44,+6,6,16,9,13
Apr 11 - 13,Gulf Air Bahrain GPBahrain International Circuit,16,Bburago,$19.32,$19.32,$0.00,44,+6,6,16,9,13
Apr 11 - 13,Gulf Air Bahrain GPBahrain International Circuit,17,Red Bull Racing F1 Men's 2024 Sergio Checo Perez Team T-Shirt-,$29.99,$29.99,$0.00,44,+6,6,16,9,13
Apr 11 - 13,Gulf Air Bahrain GPBahrain International Circuit,18,LEGO,$14.00,$22.99,-$8.99,44,+6,6,16,9,13
Apr 11 - 13,Gulf Air Bahrain GPBahrain International Circuit,19,"Red Bull Racing F1 Sergio ""Checo"" Perez Special Edition Mexico GP Track Jacket",$29.99,$29.99,$0.00,44,+6,6,16,9,13
Apr 11 - 13,Gulf Air Bahrain GPBahrain International Circuit,20,Red Bull Racing F1 Sergio Checo Perez T-Shirt,$19.99,$19.99,$0.00,44,+6,6,16,9,13
Apr 18 - 20,STC Saudi Arabian GPJeddah Street Circuit,1,Castore,$48.16,$89.09,-$40.93,24,-20,2,12,Ret,10
Apr 18 - 20,STC Saudi Arabian GPJeddah Street Circuit,2,Red Bull Racing F1 Kid's 2024 Sergio Checo Perez Team T-Shirt,$24.99,$24.99,$0.00,24,-20,2,12,Ret,10
Apr 18 - 20,STC Saudi Arabian GPJeddah Street Circuit,3,Castore,$49.00,$48.16,+$0.84,24,-20,2,12,Ret,10
Apr 18 - 20,STC Saudi Arabian GPJeddah Street Circuit,4,Castore,$48.81,$49.00,-$0.19,24,-20,2,12,Ret,10
Apr 18 - 20,STC Saudi Arabian GPJeddah Street Circuit,5,LEGO,$22.99,$14.00,+$8.99,24,-20,2,12,Ret,10
Apr 18 - 20,STC Saudi Arabian GPJeddah Street Circuit,6,Castore,$53.69,$48.81,+$4.88,24,-20,2,12,Ret,10
Apr 18 - 20,STC Saudi Arabian GPJeddah Street Circuit,7,Castore,$52.33,$53.69,-$1.36,24,-20,2,12,Ret,10
Apr 18 - 20,STC Saudi Arabian GPJeddah Street Circuit,8,Castore Red Bull Racing F1 Team Mug,$25.00,$25.00,$0.00,24,-20,2,12,Ret,10
Apr 18 - 20,STC Saudi Arabian GPJeddah Street Circuit,9,Castore,$105.00,$52.33,+$52.67,24,-20,2,12,Ret,10
Apr 18 - 20,STC Saudi Arabian GPJeddah Street Circuit,10,Castore,$57.24,$105.00,-$47.76,24,-20,2,12,Ret,10
Apr 18 - 20,STC Saudi Arabian GPJeddah Street Circuit,11,ZOCAVIA,$29.99,$29.99,$0.00,24,-20,2,12,Ret,10
Apr 18 - 20,STC Saudi Arabian GPJeddah Street Circuit,12,"Formula 1 Model Car Kits for Adults, Aston Martin F1 Car with Realistic Details, F1 Toys Building Sets Craft for Display, Formula 1 Racing Gifts for Teen Boys, Ideal F1 Gifts for Men",$89.95,$89.95,$0.00,24,-20,2,12,Ret,10
Apr 18 - 20,STC Saudi Arabian GPJeddah Street Circuit,13,"Red Bull Racing F1 Sergio ""Checo"" Perez Special Edition Mexico GP Hoodie",$24.99,$24.99,$0.00,24,-20,2,12,Ret,10
Apr 18 - 20,STC Saudi Arabian GPJeddah Street Circuit,14,MIEBELY,$65.99,$65.99,$0.00,24,-20,2,12,Ret,10
Apr 18 - 20,STC Saudi Arabian GPJeddah Street Circuit,15,Castore,$89.09,$57.24,+$31.85,24,-20,2,12,Ret,10
Apr 18 - 20,STC Saudi Arabian GPJeddah Street Circuit,16,Bburago,$19.32,$19.32,$0.00,24,-20,2,12,Ret,10
Apr 18 - 20,STC Saudi Arabian GPJeddah Street Circuit,17,Red Bull Racing F1 Men's 2024 Sergio Checo Perez Team T-Shirt-,$29.99,$29.99,$0.00,24,-20,2,12,Ret,10
Apr 18 - 20,STC Saudi Arabian GPJeddah Street Circuit,18,LEGO,$14.00,$22.99,-$8.99,24,-20,2,12,Ret,10
Apr 18 - 20,STC Saudi Arabian GPJeddah Street Circuit,19,"Red Bull Racing F1 Sergio ""Checo"" Perez Special Edition Mexico GP Track Jacket",$29.99,$29.99,$0.00,24,-20,2,12,Ret,10
Apr 18 - 20,STC Saudi Arabian GPJeddah Street Circuit,20,Red Bull Racing F1 Sergio Checo Perez T-Shirt,$19.99,$19.99,$0.00,24,-20,2,12,Ret,10
May 2 - 4,Crypto.com Miami GPMiami International Autodrome,1,Castore,$48.16,$89.09,-$40.93,25,+1,4,Ret,10,11
May 2 - 4,Crypto.com Miami GPMiami International Autodrome,2,Red Bull Racing F1 Kid's 2024 Sergio Checo Perez Team T-Shirt,$24.99,$24.99,$0.00,25,+1,4,Ret,10,11
May 2 - 4,Crypto.com Miami GPMiami International Autodrome,3,Castore,$49.00,$48.16,+$0.84,25,+1,4,Ret,10,11
May 2 - 4,Crypto.com Miami GPMiami International Autodrome,4,Castore,$48.81,$49.00,-$0.19,25,+1,4,Ret,10,11
May 2 - 4,Crypto.com Miami GPMiami International Autodrome,5,LEGO,$22.99,$14.00,+$8.99,25,+1,4,Ret,10,11
May 2 - 4,Crypto.com Miami GPMiami International Autodrome,6,Castore,$53.69,$48.81,+$4.88,25,+1,4,Ret,10,11
May 2 - 4,Crypto.com Miami GPMiami International Autodrome,7,Castore,$52.33,$53.69,-$1.36,25,+1,4,Ret,10,11
May 2 - 4,Crypto.com Miami GPMiami International Autodrome,8,Castore Red Bull Racing F1 Team Mug,$25.00,$25.00,$0.00,25,+1,4,Ret,10,11
May 2 - 4,Crypto.com Miami GPMiami International Autodrome,9,Castore,$105.00,$52.33,+$52.67,25,+1,4,Ret,10,11
May 2 - 4,Crypto.com Miami GPMiami International Autodrome,10,Castore,$57.24,$105.00,-$47.76,25,+1,4,Ret,10,11
May 2 - 4,Crypto.com Miami GPMiami International Autodrome,11,ZOCAVIA,$29.99,$29.99,$0.00,25,+1,4,Ret,10,11
May 2 - 4,Crypto.com Miami GPMiami International Autodrome,12,"Formula 1 Model Car Kits for Adults, Aston Martin F1 Car with Realistic Details, F1 Toys Building Sets Craft for Display, Formula 1 Racing Gifts for Teen Boys, Ideal F1 Gifts for Men",$89.95,$89.95,$0.00,25,+1,4,Ret,10,11
May 2 - 4,Crypto.com Miami GPMiami International Autodrome,13,"Red Bull Racing F1 Sergio ""Checo"" Perez Special Edition Mexico GP Hoodie",$24.99,$24.99,$0.00,25,+1,4,Ret,10,11
May 2 - 4,Crypto.com Miami GPMiami International Autodrome,14,MIEBELY,$65.99,$65.99,$0.00,25,+1,4,Ret,10,11
May 2 - 4,Crypto.com Miami GPMiami International Autodrome,15,Castore,$89.09,$57.24,+$31.85,25,+1,4,Ret,10,11
May 2 - 4,Crypto.com Miami GPMiami International Autodrome,16,Bburago,$19.32,$19.32,$0.00,25,+1,4,Ret,10,11
May 2 - 4,Crypto.com Miami GPMiami International Autodrome,17,Red Bull Racing F1 Men's 2024 Sergio Checo Perez Team T-Shirt-,$29.99,$29.99,$0.00,25,+1,4,Ret,10,11
May 2 - 4,Crypto.com Miami GPMiami International Autodrome,18,LEGO,$14.00,$22.99,-$8.99,25,+1,4,Ret,10,11
May 2 - 4,Crypto.com Miami GPMiami International Autodrome,19,"Red Bull Racing F1 Sergio ""Checo"" Perez Special Edition Mexico GP Track Jacket",$29.99,$29.99,$0.00,25,+1,4,Ret,10,11
May 2 - 4,Crypto.com Miami GPMiami International Autodrome,20,Red Bull Racing F1 Sergio Checo Perez T-Shirt,$19.99,$19.99,$0.00,25,+1,4,Ret,10,11
May 16 - 18,AWS Made in Italy Emilia Romagna GPAutodromo Enzo e Dino Ferrari,1,Castore,$48.16,$89.09,-$40.93,34,+9,1,14,10,9
May 16 - 18,AWS Made in Italy Emilia Romagna GPAutodromo Enzo e Dino Ferrari,2,Red Bull Racing F1 Kid's 2024 Sergio Checo Perez Team T-Shirt,$24.99,$24.99,$0.00,34,+9,1,14,10,9
May 16 - 18,AWS Made in Italy Emilia Romagna GPAutodromo Enzo e Dino Ferrari,3,Castore,$49.00,$48.16,+$0.84,34,+9,1,14,10,9
May 16 - 18,AWS Made in Italy Emilia Romagna GPAutodromo Enzo e Dino Ferrari,4,Castore,$48.81,$49.00,-$0.19,34,+9,1,14,10,9
May 16 - 18,AWS Made in Italy Emilia Romagna GPAutodromo Enzo e Dino Ferrari,5,LEGO,$22.99,$14.00,+$8.99,34,+9,1,14,10,9
May 16 - 18,AWS Made in Italy Emilia Romagna GPAutodromo Enzo e Dino Ferrari,6,Castore,$53.69,$48.81,+$4.88,34,+9,1,14,10,9
May 16 - 18,AWS Made in Italy Emilia Romagna GPAutodromo Enzo e Dino Ferrari,7,Castore,$52.33,$53.69,-$1.36,34,+9,1,14,10,9
May 16 - 18,AWS Made in Italy Emilia Romagna GPAutodromo Enzo e Dino Ferrari,8,Castore Red Bull Racing F1 Team Mug,$25.00,$25.00,$0.00,34,+9,1,14,10,9
May 16 - 18,AWS Made in Italy Emilia Romagna GPAutodromo Enzo e Dino Ferrari,9,Castore,$105.00,$52.33,+$52.67,34,+9,1,14,10,9
May 16 - 18,AWS Made in Italy Emilia Romagna GPAutodromo Enzo e Dino Ferrari,10,Castore,$57.24,$105.00,-$47.76,34,+9,1,14,10,9
May 16 - 18,AWS Made in Italy Emilia Romagna GPAutodromo Enzo e Dino Ferrari,11,ZOCAVIA,$29.99,$29.99,$0.00,34,+9,1,14,10,9
May 16 - 18,AWS Made in Italy Emilia Romagna GPAutodromo Enzo e Dino Ferrari,12,"Formula 1 Model Car Kits for Adults, Aston Martin F1 Car with Realistic Details, F1 Toys Building Sets Craft for Display, Formula 1 Racing Gifts for Teen Boys, Ideal F1 Gifts for Men",$89.95,$89.95,$0.00,34,+9,1,14,10,9
May 16 - 18,AWS Made in Italy Emilia Romagna GPAutodromo Enzo e Dino Ferrari,13,"Red Bull Racing F1 Sergio ""Checo"" Perez Special Edition Mexico GP Hoodie",$24.99,$24.99,$0.00,34,+9,1,14,10,9
May 16 - 18,AWS Made in Italy Emilia Romagna GPAutodromo Enzo e Dino Ferrari,14,MIEBELY,$65.99,$65.99,$0.00,34,+9,1,14,10,9
May 16 - 18,AWS Made in Italy Emilia Romagna GPAutodromo Enzo e Dino Ferrari,15,Castore,$89.09,$57.24,+$31.85,34,+9,1,14,10,9
May 16 - 18,AWS Made in Italy Emilia Romagna GPAutodromo Enzo e Dino Ferrari,16,Bburago,$19.32,$19.32,$0.00,34,+9,1,14,10,9
May 16 - 18,AWS Made in Italy Emilia Romagna GPAutodromo Enzo e Dino Ferrari,17,Red Bull Racing F1 Men's 2024 Sergio Checo Perez Team T-Shirt-,$29.99,$29.99,$0.00,34,+9,1,14,10,9
May 16 - 18,AWS Made in Italy Emilia Romagna GPAutodromo Enzo e Dino Ferrari,18,LEGO,$14.00,$22.99,-$8.99,34,+9,1,14,10,9
May 16 - 18,AWS Made in Italy Emilia Romagna GPAutodromo Enzo e Dino Ferrari,19,"Red Bull Racing F1 Sergio ""Checo"" Perez Special Edition Mexico GP Track Jacket",$29.99,$29.99,$0.00,34,+9,1,14,10,9
May 16 - 18,AWS Made in Italy Emilia Romagna GPAutodromo Enzo e Dino Ferrari,20,Red Bull Racing F1 Sergio Checo Perez T-Shirt,$19.99,$19.99,$0.00,34,+9,1,14,10,9
May 23 - 25,Tag Heuer Monaco GPCircuit de Monaco,1,Castore,$48.16,$89.09,-$40.93,35,+1,4,8,17,6
May 23 - 25,Tag Heuer Monaco GPCircuit de Monaco,2,Red Bull Racing F1 Kid's 2024 Sergio Checo Perez Team T-Shirt,$24.99,$24.99,$0.00,35,+1,4,8,17,6
May 23 - 25,Tag Heuer Monaco GPCircuit de Monaco,3,Castore,$49.00,$48.16,+$0.84,35,+1,4,8,17,6
May 23 - 25,Tag Heuer Monaco GPCircuit de Monaco,4,Castore,$48.81,$49.00,-$0.19,35,+1,4,8,17,6
May 23 - 25,Tag Heuer Monaco GPCircuit de Monaco,5,LEGO,$22.99,$14.00,+$8.99,35,+1,4,8,17,6
May 23 - 25,Tag Heuer Monaco GPCircuit de Monaco,6,Castore,$53.69,$48.81,+$4.88,35,+1,4,8,17,6
May 23 - 25,Tag Heuer Monaco GPCircuit de Monaco,7,Castore,$52.33,$53.69,-$1.36,35,+1,4,8,17,6
May 23 - 25,Tag Heuer Monaco GPCircuit de Monaco,8,Castore Red Bull Racing F1 Team Mug,$25.00,$25.00,$0.00,35,+1,4,8,17,6
May 23 - 25,Tag Heuer Monaco GPCircuit de Monaco,9,Castore,$105.00,$52.33,+$52.67,35,+1,4,8,17,6
May 23 - 25,Tag Heuer Monaco GPCircuit de Monaco,10,Castore,$57.24,$105.00,-$47.76,35,+1,4,8,17,6
May 23 - 25,Tag Heuer Monaco GPCircuit de Monaco,11,ZOCAVIA,$29.99,$29.99,$0.00,35,+1,4,8,17,6
May 23 - 25,Tag Heuer Monaco GPCircuit de Monaco,12,"Formula 1 Model Car Kits for Adults, Aston Martin F1 Car with Realistic Details, F1 Toys Building Sets Craft for Display, Formula 1 Racing Gifts for Teen Boys, Ideal F1 Gifts for Men",$89.95,$89.95,$0.00,35,+1,4,8,17,6
May 23 - 25,Tag Heuer Monaco GPCircuit de Monaco,13,"Red Bull Racing F1 Sergio ""Checo"" Perez Special Edition Mexico GP Hoodie",$24.99,$24.99,$0.00,35,+1,4,8,17,6
May 23 - 25,Tag Heuer Monaco GPCircuit de Monaco,14,MIEBELY,$65.99,$65.99,$0.00,35,+1,4,8,17,6
May 23 - 25,Tag Heuer Monaco GPCircuit de Monaco,15,Castore,$89.09,$57.24,+$31.85,35,+1,4,8,17,6
May 23 - 25,Tag Heuer Monaco GPCircuit de Monaco,16,Bburago,$19.32,$19.32,$0.00,35,+1,4,8,17,6
May 23 - 25,Tag Heuer Monaco GPCircuit de Monaco,17,Red Bull Racing F1 Men's 2024 Sergio Checo Perez Team T-Shirt-,$29.99,$29.99,$0.00,35,+1,4,8,17,6
May 23 - 25,Tag Heuer Monaco GPCircuit de Monaco,18,LEGO,$14.00,$22.99,-$8.99,35,+1,4,8,17,6
May 23 - 25,Tag Heuer Monaco GPCircuit de Monaco,19,"Red Bull Racing F1 Sergio ""Checo"" Perez Special Edition Mexico GP Track Jacket",$29.99,$29.99,$0.00,35,+1,4,8,17,6
May 23 - 25,Tag Heuer Monaco GPCircuit de Monaco,20,Red Bull Racing F1 Sergio Checo Perez T-Shirt,$19.99,$19.99,$0.00,35,+1,4,8,17,6
May 30 - Jun 1,Aramco Spanish GPMadring,1,Castore,$48.16,$89.09,-$40.93,41,+6,10,11,13,7
May 30 - Jun 1,Aramco Spanish GPMadring,2,Red Bull Racing F1 Kid's 2024 Sergio Checo Perez Team T-Shirt,$24.99,$24.99,$0.00,41,+6,10,11,13,7
May 30 - Jun 1,Aramco Spanish GPMadring,3,Castore,$49.00,$48.16,+$0.84,41,+6,10,11,13,7
May 30 - Jun 1,Aramco Spanish GPMadring,4,Castore,$48.81,$49.00,-$0.19,41,+6,10,11,13,7
May 30 - Jun 1,Aramco Spanish GPMadring,5,LEGO,$22.99,$14.00,+$8.99,41,+6,10,11,13,7
May 30 - Jun 1,Aramco Spanish GPMadring,6,Castore,$53.69,$48.81,+$4.88,41,+6,10,11,13,7
May 30 - Jun 1,Aramco Spanish GPMadring,7,Castore,$52.33,$53.69,-$1.36,41,+6,10,11,13,7
May 30 - Jun 1,Aramco Spanish GPMadring,8,Castore Red Bull Racing F1 Team Mug,$25.00,$25.00,$0.00,41,+6,10,11,13,7
May 30 - Jun 1,Aramco Spanish GPMadring,9,Castore,$105.00,$52.33,+$52.67,41,+6,10,11,13,7
May 30 - Jun 1,Aramco Spanish GPMadring,10,Castore,$57.24,$105.00,-$47.76,41,+6,10,11,13,7
May 30 - Jun 1,Aramco Spanish GPMadring,11,ZOCAVIA,$29.99,$29.99,$0.00,41,+6,10,11,13,7
May 30 - Jun 1,Aramco Spanish GPMadring,12,"Formula 1 Model Car Kits for Adults, Aston Martin F1 Car with Realistic Details, F1 Toys Building Sets Craft for Display, Formula 1 Racing Gifts for Teen Boys, Ideal F1 Gifts for Men",$89.95,$89.95,$0.00,41,+6,10,11,13,7
May 30 - Jun 1,Aramco Spanish GPMadring,13,"Red Bull Racing F1 Sergio ""Checo"" Perez Special Edition Mexico GP Hoodie",$24.99,$24.99,$0.00,41,+6,10,11,13,7
May 30 - Jun 1,Aramco Spanish GPMadring,14,MIEBELY,$65.99,$65.99,$0.00,41,+6,10,11,13,7
May 30 - Jun 1,Aramco Spanish GPMadring,15,Castore,$89.09,$57.24,+$31.85,41,+6,10,11,13,7
May 30 - Jun 1,Aramco Spanish GPMadring,16,Bburago,$19.32,$19.32,$0.00,41,+6,10,11,13,7
May 30 - Jun 1,Aramco Spanish GPMadring,17,Red Bull Racing F1 Men's 2024 Sergio Checo Perez Team T-Shirt-,$29.99,$29.99,$0.00,41,+6,10,11,13,7
May 30 - Jun 1,Aramco Spanish GPMadring,18,LEGO,$14.00,$22.99,-$8.99,41,+6,10,11,13,7
May 30 - Jun 1,Aramco Spanish GPMadring,19,"Red Bull Racing F1 Sergio ""Checo"" Perez Special Edition Mexico GP Track Jacket",$29.99,$29.99,$0.00,41,+6,10,11,13,7
May 30 - Jun 1,Aramco Spanish GPMadring,20,Red Bull Racing F1 Sergio Checo Perez T-Shirt,$19.99,$19.99,$0.00,41,+6,10,11,13,7
Jun 13 - 15,Pirelli Canadian GPCircuit Gilles-Villeneuve,1,Castore,$48.16,$89.09,-$40.93,30,-11,2,Ret,12,16
Jun 13 - 15,Pirelli Canadian GPCircuit Gilles-Villeneuve,2,Red Bull Racing F1 Kid's 2024 Sergio Checo Perez Team T-Shirt,$24.99,$24.99,$0.00,30,-11,2,Ret,12,16
Jun 13 - 15,Pirelli Canadian GPCircuit Gilles-Villeneuve,3,Castore,$49.00,$48.16,+$0.84,30,-11,2,Ret,12,16
Jun 13 - 15,Pirelli Canadian GPCircuit Gilles-Villeneuve,4,Castore,$48.81,$49.00,-$0.19,30,-11,2,Ret,12,16
Jun 13 - 15,Pirelli Canadian GPCircuit Gilles-Villeneuve,5,LEGO,$22.99,$14.00,+$8.99,30,-11,2,Ret,12,16
Jun 13 - 15,Pirelli Canadian GPCircuit Gilles-Villeneuve,6,Castore,$53.69,$48.81,+$4.88,30,-11,2,Ret,12,16
Jun 13 - 15,Pirelli Canadian GPCircuit Gilles-Villeneuve,7,Castore,$52.33,$53.69,-$1.36,30,-11,2,Ret,12,16
Jun 13 - 15,Pirelli Canadian GPCircuit Gilles-Villeneuve,8,Castore Red Bull Racing F1 Team Mug,$25.00,$25.00,$0.00,30,-11,2,Ret,12,16
Jun 13 - 15,Pirelli Canadian GPCircuit Gilles-Villeneuve,9,Castore,$105.00,$52.33,+$52.67,30,-11,2,Ret,12,16
Jun 13 - 15,Pirelli Canadian GPCircuit Gilles-Villeneuve,10,Castore,$57.24,$105.00,-$47.76,30,-11,2,Ret,12,16
Jun 13 - 15,Pirelli Canadian GPCircuit Gilles-Villeneuve,11,ZOCAVIA,$29.99,$29.99,$0.00,30,-11,2,Ret,12,16
Jun 13 - 15,Pirelli Canadian GPCircuit Gilles-Villeneuve,12,"Formula 1 Model Car Kits for Adults, Aston Martin F1 Car with Realistic Details, F1 Toys Building Sets Craft for Display, Formula 1 Racing Gifts for Teen Boys, Ideal F1 Gifts for Men",$89.95,$89.95,$0.00,30,-11,2,Ret,12,16
Jun 13 - 15,Pirelli Canadian GPCircuit Gilles-Villeneuve,13,"Red Bull Racing F1 Sergio ""Checo"" Perez Special Edition Mexico GP Hoodie",$24.99,$24.99,$0.00,30,-11,2,Ret,12,16
Jun 13 - 15,Pirelli Canadian GPCircuit Gilles-Villeneuve,14,MIEBELY,$65.99,$65.99,$0.00,30,-11,2,Ret,12,16
Jun 13 - 15,Pirelli Canadian GPCircuit Gilles-Villeneuve,15,Castore,$89.09,$57.24,+$31.85,30,-11,2,Ret,12,16
Jun 13 - 15,Pirelli Canadian GPCircuit Gilles-Villeneuve,16,Bburago,$19.32,$19.32,$0.00,30,-11,2,Ret,12,16
Jun 13 - 15,Pirelli Canadian GPCircuit Gilles-Villeneuve,17,Red Bull Racing F1 Men's 2024 Sergio Checo Perez Team T-Shirt-,$29.99,$29.99,$0.00,30,-11,2,Ret,12,16
Jun 13 - 15,Pirelli Canadian GPCircuit Gilles-Villeneuve,18,LEGO,$14.00,$22.99,-$8.99,30,-11,2,Ret,12,16
Jun 13 - 15,Pirelli Canadian GPCircuit Gilles-Villeneuve,19,"Red Bull Racing F1 Sergio ""Checo"" Perez Special Edition Mexico GP Track Jacket",$29.99,$29.99,$0.00,30,-11,2,Ret,12,16
Jun 13 - 15,Pirelli Canadian GPCircuit Gilles-Villeneuve,20,Red Bull Racing F1 Sergio Checo Perez T-Shirt,$19.99,$19.99,$0.00,30,-11,2,Ret,12,16
Jun 27 - 29,MSC Cruises Austrian GPRed Bull Ring,1,Castore,$48.16,$89.09,-$40.93,34,+4,Ret,6,16,12
Jun 27 - 29,MSC Cruises Austrian GPRed Bull Ring,2,Red Bull Racing F1 Kid's 2024 Sergio Checo Perez Team T-Shirt,$24.99,$24.99,$0.00,34,+4,Ret,6,16,12
Jun 27 - 29,MSC Cruises Austrian GPRed Bull Ring,3,Castore,$49.00,$48.16,+$0.84,34,+4,Ret,6,16,12
Jun 27 - 29,MSC Cruises Austrian GPRed Bull Ring,4,Castore,$48.81,$49.00,-$0.19,34,+4,Ret,6,16,12
Jun 27 - 29,MSC Cruises Austrian GPRed Bull Ring,5,LEGO,$22.99,$14.00,+$8.99,34,+4,Ret,6,16,12
Jun 27 - 29,MSC Cruises Austrian GPRed Bull Ring,6,Castore,$53.69,$48.81,+$4.88,34,+4,Ret,6,16,12
Jun 27 - 29,MSC Cruises Austrian GPRed Bull Ring,7,Castore,$52.33,$53.69,-$1.36,34,+4,Ret,6,16,12
Jun 27 - 29,MSC Cruises Austrian GPRed Bull Ring,8,Castore Red Bull Racing F1 Team Mug,$25.00,$25.00,$0.00,34,+4,Ret,6,16,12
Jun 27 - 29,MSC Cruises Austrian GPRed Bull Ring,9,Castore,$105.00,$52.33,+$52.67,34,+4,Ret,6,16,12
Jun 27 - 29,MSC Cruises Austrian GPRed Bull Ring,10,Castore,$57.24,$105.00,-$47.76,34,+4,Ret,6,16,12
Jun 27 - 29,MSC Cruises Austrian GPRed Bull Ring,11,ZOCAVIA,$29.99,$29.99,$0.00,34,+4,Ret,6,16,12
Jun 27 - 29,MSC Cruises Austrian GPRed Bull Ring,12,"Formula 1 Model Car Kits for Adults, Aston Martin F1 Car with Realistic Details, F1 Toys Building Sets Craft for Display, Formula 1 Racing Gifts for Teen Boys, Ideal F1 Gifts for Men",$89.95,$89.95,$0.00,34,+4,Ret,6,16,12
Jun 27 - 29,MSC Cruises Austrian GPRed Bull Ring,13,"Red Bull Racing F1 Sergio ""Checo"" Perez Special Edition Mexico GP Hoodie",$24.99,$24.99,$0.00,34,+4,Ret,6,16,12
Jun 27 - 29,MSC Cruises Austrian GPRed Bull Ring,14,MIEBELY,$65.99,$65.99,$0.00,34,+4,Ret,6,16,12
Jun 27 - 29,MSC Cruises Austrian GPRed Bull Ring,15,Castore,$89.09,$57.24,+$31.85,34,+4,Ret,6,16,12
Jun 27 - 29,MSC Cruises Austrian GPRed Bull Ring,16,Bburago,$19.32,$19.32,$0.00,34,+4,Ret,6,16,12
Jun 27 - 29,MSC Cruises Austrian GPRed Bull Ring,17,Red Bull Racing F1 Men's 2024 Sergio Checo Perez Team T-Shirt-,$29.99,$29.99,$0.00,34,+4,Ret,6,16,12
Jun 27 - 29,MSC Cruises Austrian GPRed Bull Ring,18,LEGO,$14.00,$22.99,-$8.99,34,+4,Ret,6,16,12
Jun 27 - 29,MSC Cruises Austrian GPRed Bull Ring,19,"Red Bull Racing F1 Sergio ""Checo"" Perez Special Edition Mexico GP Track Jacket",$29.99,$29.99,$0.00,34,+4,Ret,6,16,12
Jun 27 - 29,MSC Cruises Austrian GPRed Bull Ring,20,Red Bull Racing F1 Sergio Checo Perez T-Shirt,$19.99,$19.99,$0.00,34,+4,Ret,6,16,12
Jul 4 - 6,Qatar Airways British GPSilverstone Circuit,1,Castore,$48.16,$89.09,-$40.93,20,-14,5,Ret,15,Ret
Jul 4 - 6,Qatar Airways British GPSilverstone Circuit,2,Red Bull Racing F1 Kid's 2024 Sergio Checo Perez Team T-Shirt,$24.99,$24.99,$0.00,20,-14,5,Ret,15,Ret
Jul 4 - 6,Qatar Airways British GPSilverstone Circuit,3,Castore,$49.00,$48.16,+$0.84,20,-14,5,Ret,15,Ret
Jul 4 - 6,Qatar Airways British GPSilverstone Circuit,4,Castore,$48.81,$49.00,-$0.19,20,-14,5,Ret,15,Ret
Jul 4 - 6,Qatar Airways British GPSilverstone Circuit,5,LEGO,$22.99,$14.00,+$8.99,20,-14,5,Ret,15,Ret
Jul 4 - 6,Qatar Airways British GPSilverstone Circuit,6,Castore,$53.69,$48.81,+$4.88,20,-14,5,Ret,15,Ret
Jul 4 - 6,Qatar Airways British GPSilverstone Circuit,7,Castore,$52.33,$53.69,-$1.36,20,-14,5,Ret,15,Ret
Jul 4 - 6,Qatar Airways British GPSilverstone Circuit,8,Castore Red Bull Racing F1 Team Mug,$25.00,$25.00,$0.00,20,-14,5,Ret,15,Ret
Jul 4 - 6,Qatar Airways British GPSilverstone Circuit,9,Castore,$105.00,$52.33,+$52.67,20,-14,5,Ret,15,Ret
Jul 4 - 6,Qatar Airways British GPSilverstone Circuit,10,Castore,$57.24,$105.00,-$47.76,20,-14,5,Ret,15,Ret
Jul 4 - 6,Qatar Airways British GPSilverstone Circuit,11,ZOCAVIA,$29.99,$29.99,$0.00,20,-14,5,Ret,15,Ret
Jul 4 - 6,Qatar Airways British GPSilverstone Circuit,12,"Formula 1 Model Car Kits for Adults, Aston Martin F1 Car with Realistic Details, F1 Toys Building Sets Craft for Display, Formula 1 Racing Gifts for Teen Boys, Ideal F1 Gifts for Men",$89.95,$89.95,$0.00,20,-14,5,Ret,15,Ret
Jul 4 - 6,Qatar Airways British GPSilverstone Circuit,13,"Red Bull Racing F1 Sergio ""Checo"" Perez Special Edition Mexico GP Hoodie",$24.99,$24.99,$0.00,20,-14,5,Ret,15,Ret
Jul 4 - 6,Qatar Airways British GPSilverstone Circuit,14,MIEBELY,$65.99,$65.99,$0.00,20,-14,5,Ret,15,Ret
Jul 4 - 6,Qatar Airways British GPSilverstone Circuit,15,Castore,$89.09,$57.24,+$31.85,20,-14,5,Ret,15,Ret
Jul 4 - 6,Qatar Airways British GPSilverstone Circuit,16,Bburago,$19.32,$19.32,$0.00,20,-14,5,Ret,15,Ret
Jul 4 - 6,Qatar Airways British GPSilverstone Circuit,17,Red Bull Racing F1 Men's 2024 Sergio Checo Perez Team T-Shirt-,$29.99,$29.99,$0.00,20,-14,5,Ret,15,Ret
Jul 4 - 6,Qatar Airways British GPSilverstone Circuit,18,LEGO,$14.00,$22.99,-$8.99,20,-14,5,Ret,15,Ret
Jul 4 - 6,Qatar Airways British GPSilverstone Circuit,19,"Red Bull Racing F1 Sergio ""Checo"" Perez Special Edition Mexico GP Track Jacket",$29.99,$29.99,$0.00,20,-14,5,Ret,15,Ret
Jul 4 - 6,Qatar Airways British GPSilverstone Circuit,20,Red Bull Racing F1 Sergio Checo Perez T-Shirt,$19.99,$19.99,$0.00,20,-14,5,Ret,15,Ret
Jul 25 - 27,Moët & Chandon Belgian GPCircuit de Spa-Francorchamps,1,Castore,$48.16,$89.09,-$40.93,45,+25,4,8,13,20
Jul 25 - 27,Moët & Chandon Belgian GPCircuit de Spa-Francorchamps,2,Red Bull Racing F1 Kid's 2024 Sergio Checo Perez Team T-Shirt,$24.99,$24.99,$0.00,45,+25,4,8,13,20
Jul 25 - 27,Moët & Chandon Belgian GPCircuit de Spa-Francorchamps,3,Castore,$49.00,$48.16,+$0.84,45,+25,4,8,13,20
Jul 25 - 27,Moët & Chandon Belgian GPCircuit de Spa-Francorchamps,4,Castore,$48.81,$49.00,-$0.19,45,+25,4,8,13,20
Jul 25 - 27,Moët & Chandon Belgian GPCircuit de Spa-Francorchamps,5,LEGO,$22.99,$14.00,+$8.99,45,+25,4,8,13,20
Jul 25 - 27,Moët & Chandon Belgian GPCircuit de Spa-Francorchamps,6,Castore,$53.69,$48.81,+$4.88,45,+25,4,8,13,20
Jul 25 - 27,Moët & Chandon Belgian GPCircuit de Spa-Francorchamps,7,Castore,$52.33,$53.69,-$1.36,45,+25,4,8,13,20
Jul 25 - 27,Moët & Chandon Belgian GPCircuit de Spa-Francorchamps,8,Castore Red Bull Racing F1 Team Mug,$25.00,$25.00,$0.00,45,+25,4,8,13,20
Jul 25 - 27,Moët & Chandon Belgian GPCircuit de Spa-Francorchamps,9,Castore,$105.00,$52.33,+$52.67,45,+25,4,8,13,20
Jul 25 - 27,Moët & Chandon Belgian GPCircuit de Spa-Francorchamps,10,Castore,$57.24,$105.00,-$47.76,45,+25,4,8,13,20
Jul 25 - 27,Moët & Chandon Belgian GPCircuit de Spa-Francorchamps,11,ZOCAVIA,$29.99,$29.99,$0.00,45,+25,4,8,13,20
Jul 25 - 27,Moët & Chandon Belgian GPCircuit de Spa-Francorchamps,12,"Formula 1 Model Car Kits for Adults, Aston Martin F1 Car with Realistic Details, F1 Toys Building Sets Craft for Display, Formula 1 Racing Gifts for Teen Boys, Ideal F1 Gifts for Men",$89.95,$89.95,$0.00,45,+25,4,8,13,20
Jul 25 - 27,Moët & Chandon Belgian GPCircuit de Spa-Francorchamps,13,"Red Bull Racing F1 Sergio ""Checo"" Perez Special Edition Mexico GP Hoodie",$24.99,$24.99,$0.00,45,+25,4,8,13,20
Jul 25 - 27,Moët & Chandon Belgian GPCircuit de Spa-Francorchamps,14,MIEBELY,$65.99,$65.99,$0.00,45,+25,4,8,13,20
Jul 25 - 27,Moët & Chandon Belgian GPCircuit de Spa-Francorchamps,15,Castore,$89.09,$57.24,+$31.85,45,+25,4,8,13,20
Jul 25 - 27,Moët & Chandon Belgian GPCircuit de Spa-Francorchamps,16,Bburago,$19.32,$19.32,$0.00,45,+25,4,8,13,20
Jul 25 - 27,Moët & Chandon Belgian GPCircuit de Spa-Francorchamps,17,Red Bull Racing F1 Men's 2024 Sergio Checo Perez Team T-Shirt-,$29.99,$29.99,$0.00,45,+25,4,8,13,20
Jul 25 - 27,Moët & Chandon Belgian GPCircuit de Spa-Francorchamps,18,LEGO,$14.00,$22.99,-$8.99,45,+25,4,8,13,20
Jul 25 - 27,Moët & Chandon Belgian GPCircuit de Spa-Francorchamps,19,"Red Bull Racing F1 Sergio ""Checo"" Perez Special Edition Mexico GP Track Jacket",$29.99,$29.99,$0.00,45,+25,4,8,13,20
Jul 25 - 27,Moët & Chandon Belgian GPCircuit de Spa-Francorchamps,20,Red Bull Racing F1 Sergio Checo Perez T-Shirt,$19.99,$19.99,$0.00,45,+25,4,8,13,20
Aug 1 - 3,Lenovo Hungarian GPHungaroring,1,Castore,$48.16,$89.09,-$40.93,45,0,9,8,17,11
Aug 1 - 3,Lenovo Hungarian GPHungaroring,2,Red Bull Racing F1 Kid's 2024 Sergio Checo Perez Team T-Shirt,$24.99,$24.99,$0.00,45,0,9,8,17,11
Aug 1 - 3,Lenovo Hungarian GPHungaroring,3,Castore,$49.00,$48.16,+$0.84,45,0,9,8,17,11
Aug 1 - 3,Lenovo Hungarian GPHungaroring,4,Castore,$48.81,$49.00,-$0.19,45,0,9,8,17,11
Aug 1 - 3,Lenovo Hungarian GPHungaroring,5,LEGO,$22.99,$14.00,+$8.99,45,0,9,8,17,11
Aug 1 - 3,Lenovo Hungarian GPHungaroring,6,Castore,$53.69,$48.81,+$4.88,45,0,9,8,17,11
Aug 1 - 3,Lenovo Hungarian GPHungaroring,7,Castore,$52.33,$53.69,-$1.36,45,0,9,8,17,11
Aug 1 - 3,Lenovo Hungarian GPHungaroring,8,Castore Red Bull Racing F1 Team Mug,$25.00,$25.00,$0.00,45,0,9,8,17,11
Aug 1 - 3,Lenovo Hungarian GPHungaroring,9,Castore,$105.00,$52.33,+$52.67,45,0,9,8,17,11
Aug 1 - 3,Lenovo Hungarian GPHungaroring,10,Castore,$57.24,$105.00,-$47.76,45,0,9,8,17,11
Aug 1 - 3,Lenovo Hungarian GPHungaroring,11,ZOCAVIA,$29.99,$29.99,$0.00,45,0,9,8,17,11
Aug 1 - 3,Lenovo Hungarian GPHungaroring,12,"Formula 1 Model Car Kits for Adults, Aston Martin F1 Car with Realistic Details, F1 Toys Building Sets Craft for Display, Formula 1 Racing Gifts for Teen Boys, Ideal F1 Gifts for Men",$89.95,$89.95,$0.00,45,0,9,8,17,11
Aug 1 - 3,Lenovo Hungarian GPHungaroring,13,"Red Bull Racing F1 Sergio ""Checo"" Perez Special Edition Mexico GP Hoodie",$24.99,$24.99,$0.00,45,0,9,8,17,11
Aug 1 - 3,Lenovo Hungarian GPHungaroring,14,MIEBELY,$65.99,$65.99,$0.00,45,0,9,8,17,11
Aug 1 - 3,Lenovo Hungarian GPHungaroring,15,Castore,$89.09,$57.24,+$31.85,45,0,9,8,17,11
Aug 1 - 3,Lenovo Hungarian GPHungaroring,16,Bburago,$19.32,$19.32,$0.00,45,0,9,8,17,11
Aug 1 - 3,Lenovo Hungarian GPHungaroring,17,Red Bull Racing F1 Men's 2024 Sergio Checo Perez Team T-Shirt-,$29.99,$29.99,$0.00,45,0,9,8,17,11
Aug 1 - 3,Lenovo Hungarian GPHungaroring,18,LEGO,$14.00,$22.99,-$8.99,45,0,9,8,17,11
Aug 1 - 3,Lenovo Hungarian GPHungaroring,19,"Red Bull Racing F1 Sergio ""Checo"" Perez Special Edition Mexico GP Track Jacket",$29.99,$29.99,$0.00,45,0,9,8,17,11
Aug 1 - 3,Lenovo Hungarian GPHungaroring,20,Red Bull Racing F1 Sergio Checo Perez T-Shirt,$19.99,$19.99,$0.00,45,0,9,8,17,11
Aug 29 - 31,Heineken Dutch GPCircuit Park Zandvoort,1,Castore,$48.16,$89.09,-$40.93,26,-19,2,12,9,3
Aug 29 - 31,Heineken Dutch GPCircuit Park Zandvoort,2,Red Bull Racing F1 Kid's 2024 Sergio Checo Perez Team T-Shirt,$24.99,$24.99,$0.00,26,-19,2,12,9,3
Aug 29 - 31,Heineken Dutch GPCircuit Park Zandvoort,3,Castore,$49.00,$48.16,+$0.84,26,-19,2,12,9,3
Aug 29 - 31,Heineken Dutch GPCircuit Park Zandvoort,4,Castore,$48.81,$49.00,-$0.19,26,-19,2,12,9,3
Aug 29 - 31,Heineken Dutch GPCircuit Park Zandvoort,5,LEGO,$22.99,$14.00,+$8.99,26,-19,2,12,9,3
Aug 29 - 31,Heineken Dutch GPCircuit Park Zandvoort,6,Castore,$53.69,$48.81,+$4.88,26,-19,2,12,9,3
Aug 29 - 31,Heineken Dutch GPCircuit Park Zandvoort,7,Castore,$52.33,$53.69,-$1.36,26,-19,2,12,9,3
Aug 29 - 31,Heineken Dutch GPCircuit Park Zandvoort,8,Castore Red Bull Racing F1 Team Mug,$25.00,$25.00,$0.00,26,-19,2,12,9,3
Aug 29 - 31,Heineken Dutch GPCircuit Park Zandvoort,9,Castore,$105.00,$52.33,+$52.67,26,-19,2,12,9,3
Aug 29 - 31,Heineken Dutch GPCircuit Park Zandvoort,10,Castore,$57.24,$105.00,-$47.76,26,-19,2,12,9,3
Aug 29 - 31,Heineken Dutch GPCircuit Park Zandvoort,11,ZOCAVIA,$29.99,$29.99,$0.00,26,-19,2,12,9,3
Aug 29 - 31,Heineken Dutch GPCircuit Park Zandvoort,12,"Formula 1 Model Car Kits for Adults, Aston Martin F1 Car with Realistic Details, F1 Toys Building Sets Craft for Display, Formula 1 Racing Gifts for Teen Boys, Ideal F1 Gifts for Men",$89.95,$89.95,$0.00,26,-19,2,12,9,3
Aug 29 - 31,Heineken Dutch GPCircuit Park Zandvoort,13,"Red Bull Racing F1 Sergio ""Checo"" Perez Special Edition Mexico GP Hoodie",$24.99,$24.99,$0.00,26,-19,2,12,9,3
Aug 29 - 31,Heineken Dutch GPCircuit Park Zandvoort,14,MIEBELY,$65.99,$65.99,$0.00,26,-19,2,12,9,3
Aug 29 - 31,Heineken Dutch GPCircuit Park Zandvoort,15,Castore,$89.09,$57.24,+$31.85,26,-19,2,12,9,3
Aug 29 - 31,Heineken Dutch GPCircuit Park Zandvoort,16,Bburago,$19.32,$19.32,$0.00,26,-19,2,12,9,3
Aug 29 - 31,Heineken Dutch GPCircuit Park Zandvoort,17,Red Bull Racing F1 Men's 2024 Sergio Checo Perez Team T-Shirt-,$29.99,$29.99,$0.00,26,-19,2,12,9,3
Aug 29 - 31,Heineken Dutch GPCircuit Park Zandvoort,18,LEGO,$14.00,$22.99,-$8.99,26,-19,2,12,9,3
Aug 29 - 31,Heineken Dutch GPCircuit Park Zandvoort,19,"Red Bull Racing F1 Sergio ""Checo"" Perez Special Edition Mexico GP Track Jacket",$29.99,$29.99,$0.00,26,-19,2,12,9,3
Aug 29 - 31,Heineken Dutch GPCircuit Park Zandvoort,20,Red Bull Racing F1 Sergio Checo Perez T-Shirt,$19.99,$19.99,$0.00,26,-19,2,12,9,3
Sep 5 - 7,Pirelli Italian GPAutodromo Nazionale Monza,1,Castore,$48.16,$89.09,-$40.93,38,+12,1,14,13,10
Sep 5 - 7,Pirelli Italian GPAutodromo Nazionale Monza,2,Red Bull Racing F1 Kid's 2024 Sergio Checo Perez Team T-Shirt,$24.99,$24.99,$0.00,38,+12,1,14,13,10
Sep 5 - 7,Pirelli Italian GPAutodromo Nazionale Monza,3,Castore,$49.00,$48.16,+$0.84,38,+12,1,14,13,10
Sep 5 - 7,Pirelli Italian GPAutodromo Nazionale Monza,4,Castore,$48.81,$49.00,-$0.19,38,+12,1,14,13,10
Sep 5 - 7,Pirelli Italian GPAutodromo Nazionale Monza,5,LEGO,$22.99,$14.00,+$8.99,38,+12,1,14,13,10
Sep 5 - 7,Pirelli Italian GPAutodromo Nazionale Monza,6,Castore,$53.69,$48.81,+$4.88,38,+12,1,14,13,10
Sep 5 - 7,Pirelli Italian GPAutodromo Nazionale Monza,7,Castore,$52.33,$53.69,-$1.36,38,+12,1,14,13,10
Sep 5 - 7,Pirelli Italian GPAutodromo Nazionale Monza,8,Castore Red Bull Racing F1 Team Mug,$25.00,$25.00,$0.00,38,+12,1,14,13,10
Sep 5 - 7,Pirelli Italian GPAutodromo Nazionale Monza,9,Castore,$105.00,$52.33,+$52.67,38,+12,1,14,13,10
Sep 5 - 7,Pirelli Italian GPAutodromo Nazionale Monza,10,Castore,$57.24,$105.00,-$47.76,38,+12,1,14,13,10
Sep 5 - 7,Pirelli Italian GPAutodromo Nazionale Monza,11,ZOCAVIA,$29.99,$29.99,$0.00,38,+12,1,14,13,10
Sep 5 - 7,Pirelli Italian GPAutodromo Nazionale Monza,12,"Formula 1 Model Car Kits for Adults, Aston Martin F1 Car with Realistic Details, F1 Toys Building Sets Craft for Display, Formula 1 Racing Gifts for Teen Boys, Ideal F1 Gifts for Men",$89.95,$89.95,$0.00,38,+12,1,14,13,10
Sep 5 - 7,Pirelli Italian GPAutodromo Nazionale Monza,13,"Red Bull Racing F1 Sergio ""Checo"" Perez Special Edition Mexico GP Hoodie",$24.99,$24.99,$0.00,38,+12,1,14,13,10
Sep 5 - 7,Pirelli Italian GPAutodromo Nazionale Monza,14,MIEBELY,$65.99,$65.99,$0.00,38,+12,1,14,13,10
Sep 5 - 7,Pirelli Italian GPAutodromo Nazionale Monza,15,Castore,$89.09,$57.24,+$31.85,38,+12,1,14,13,10
Sep 5 - 7,Pirelli Italian GPAutodromo Nazionale Monza,16,Bburago,$19.32,$19.32,$0.00,38,+12,1,14,13,10
Sep 5 - 7,Pirelli Italian GPAutodromo Nazionale Monza,17,Red Bull Racing F1 Men's 2024 Sergio Checo Perez Team T-Shirt-,$29.99,$29.99,$0.00,38,+12,1,14,13,10
Sep 5 - 7,Pirelli Italian GPAutodromo Nazionale Monza,18,LEGO,$14.00,$22.99,-$8.99,38,+12,1,14,13,10
Sep 5 - 7,Pirelli Italian GPAutodromo Nazionale Monza,19,"Red Bull Racing F1 Sergio ""Checo"" Perez Special Edition Mexico GP Track Jacket",$29.99,$29.99,$0.00,38,+12,1,14,13,10
Sep 5 - 7,Pirelli Italian GPAutodromo Nazionale Monza,20,Red Bull Racing F1 Sergio Checo Perez T-Shirt,$19.99,$19.99,$0.00,38,+12,1,14,13,10
Sep 19 - 21,Qatar Airways Azerbaijan GPBaku City Circuit,1,Castore,$48.16,$89.09,-$40.93,22,-16,1,5,6,10
Sep 19 - 21,Qatar Airways Azerbaijan GPBaku City Circuit,2,Red Bull Racing F1 Kid's 2024 Sergio Checo Perez Team T-Shirt,$24.99,$24.99,$0.00,22,-16,1,5,6,10
Sep 19 - 21,Qatar Airways Azerbaijan GPBaku City Circuit,3,Castore,$49.00,$48.16,+$0.84,22,-16,1,5,6,10
Sep 19 - 21,Qatar Airways Azerbaijan GPBaku City Circuit,4,Castore,$48.81,$49.00,-$0.19,22,-16,1,5,6,10
Sep 19 - 21,Qatar Airways Azerbaijan GPBaku City Circuit,5,LEGO,$22.99,$14.00,+$8.99,22,-16,1,5,6,10
Sep 19 - 21,Qatar Airways Azerbaijan GPBaku City Circuit,6,Castore,$53.69,$48.81,+$4.88,22,-16,1,5,6,10
Sep 19 - 21,Qatar Airways Azerbaijan GPBaku City Circuit,7,Castore,$52.33,$53.69,-$1.36,22,-16,1,5,6,10
Sep 19 - 21,Qatar Airways Azerbaijan GPBaku City Circuit,8,Castore Red Bull Racing F1 Team Mug,$25.00,$25.00,$0.00,22,-16,1,5,6,10
Sep 19 - 21,Qatar Airways Azerbaijan GPBaku City Circuit,9,Castore,$105.00,$52.33,+$52.67,22,-16,1,5,6,10
Sep 19 - 21,Qatar Airways Azerbaijan GPBaku City Circuit,10,Castore,$57.24,$105.00,-$47.76,22,-16,1,5,6,10
Sep 19 - 21,Qatar Airways Azerbaijan GPBaku City Circuit,11,ZOCAVIA,$29.99,$29.99,$0.00,22,-16,1,5,6,10
Sep 19 - 21,Qatar Airways Azerbaijan GPBaku City Circuit,12,"Formula 1 Model Car Kits for Adults, Aston Martin F1 Car with Realistic Details, F1 Toys Building Sets Craft for Display, Formula 1 Racing Gifts for Teen Boys, Ideal F1 Gifts for Men",$89.95,$89.95,$0.00,22,-16,1,5,6,10
Sep 19 - 21,Qatar Airways Azerbaijan GPBaku City Circuit,13,"Red Bull Racing F1 Sergio ""Checo"" Perez Special Edition Mexico GP Hoodie",$24.99,$24.99,$0.00,22,-16,1,5,6,10
Sep 19 - 21,Qatar Airways Azerbaijan GPBaku City Circuit,14,MIEBELY,$65.99,$65.99,$0.00,22,-16,1,5,6,10
Sep 19 - 21,Qatar Airways Azerbaijan GPBaku City Circuit,15,Castore,$89.09,$57.24,+$31.85,22,-16,1,5,6,10
Sep 19 - 21,Qatar Airways Azerbaijan GPBaku City Circuit,16,Bburago,$19.32,$19.32,$0.00,22,-16,1,5,6,10
Sep 19 - 21,Qatar Airways Azerbaijan GPBaku City Circuit,17,Red Bull Racing F1 Men's 2024 Sergio Checo Perez Team T-Shirt-,$29.99,$29.99,$0.00,22,-16,1,5,6,10
Sep 19 - 21,Qatar Airways Azerbaijan GPBaku City Circuit,18,LEGO,$14.00,$22.99,-$8.99,22,-16,1,5,6,10
Sep 19 - 21,Qatar Airways Azerbaijan GPBaku City Circuit,19,"Red Bull Racing F1 Sergio ""Checo"" Perez Special Edition Mexico GP Track Jacket",$29.99,$29.99,$0.00,22,-16,1,5,6,10
Sep 19 - 21,Qatar Airways Azerbaijan GPBaku City Circuit,20,Red Bull Racing F1 Sergio Checo Perez T-Shirt,$19.99,$19.99,$0.00,22,-16,1,5,6,10
Oct 3 - 5,Singapore Airlines Singapore GPMarina Bay Street Circuit,1,Castore,$48.16,$89.09,-$40.93,40,+18,2,15,12,11
Oct 3 - 5,Singapore Airlines Singapore GPMarina Bay Street Circuit,2,Red Bull Racing F1 Kid's 2024 Sergio Checo Perez Team T-Shirt,$24.99,$24.99,$0.00,40,+18,2,15,12,11
Oct 3 - 5,Singapore Airlines Singapore GPMarina Bay Street Circuit,3,Castore,$49.00,$48.16,+$0.84,40,+18,2,15,12,11
Oct 3 - 5,Singapore Airlines Singapore GPMarina Bay Street Circuit,4,Castore,$48.81,$49.00,-$0.19,40,+18,2,15,12,11
Oct 3 - 5,Singapore Airlines Singapore GPMarina Bay Street Circuit,5,LEGO,$22.99,$14.00,+$8.99,40,+18,2,15,12,11
Oct 3 - 5,Singapore Airlines Singapore GPMarina Bay Street Circuit,6,Castore,$53.69,$48.81,+$4.88,40,+18,2,15,12,11
Oct 3 - 5,Singapore Airlines Singapore GPMarina Bay Street Circuit,7,Castore,$52.33,$53.69,-$1.36,40,+18,2,15,12,11
Oct 3 - 5,Singapore Airlines Singapore GPMarina Bay Street Circuit,8,Castore Red Bull Racing F1 Team Mug,$25.00,$25.00,$0.00,40,+18,2,15,12,11
Oct 3 - 5,Singapore Airlines Singapore GPMarina Bay Street Circuit,9,Castore,$105.00,$52.33,+$52.67,40,+18,2,15,12,11
Oct 3 - 5,Singapore Airlines Singapore GPMarina Bay Street Circuit,10,Castore,$57.24,$105.00,-$47.76,40,+18,2,15,12,11
Oct 3 - 5,Singapore Airlines Singapore GPMarina Bay Street Circuit,11,ZOCAVIA,$29.99,$29.99,$0.00,40,+18,2,15,12,11
Oct 3 - 5,Singapore Airlines Singapore GPMarina Bay Street Circuit,12,"Formula 1 Model Car Kits for Adults, Aston Martin F1 Car with Realistic Details, F1 Toys Building Sets Craft for Display, Formula 1 Racing Gifts for Teen Boys, Ideal F1 Gifts for Men",$89.95,$89.95,$0.00,40,+18,2,15,12,11
Oct 3 - 5,Singapore Airlines Singapore GPMarina Bay Street Circuit,13,"Red Bull Racing F1 Sergio ""Checo"" Perez Special Edition Mexico GP Hoodie",$24.99,$24.99,$0.00,40,+18,2,15,12,11
Oct 3 - 5,Singapore Airlines Singapore GPMarina Bay Street Circuit,14,MIEBELY,$65.99,$65.99,$0.00,40,+18,2,15,12,11
Oct 3 - 5,Singapore Airlines Singapore GPMarina Bay Street Circuit,15,Castore,$89.09,$57.24,+$31.85,40,+18,2,15,12,11
Oct 3 - 5,Singapore Airlines Singapore GPMarina Bay Street Circuit,16,Bburago,$19.32,$19.32,$0.00,40,+18,2,15,12,11
Oct 3 - 5,Singapore Airlines Singapore GPMarina Bay Street Circuit,17,Red Bull Racing F1 Men's 2024 Sergio Checo Perez Team T-Shirt-,$29.99,$29.99,$0.00,40,+18,2,15,12,11
Oct 3 - 5,Singapore Airlines Singapore GPMarina Bay Street Circuit,18,LEGO,$14.00,$22.99,-$8.99,40,+18,2,15,12,11
Oct 3 - 5,Singapore Airlines Singapore GPMarina Bay Street Circuit,19,"Red Bull Racing F1 Sergio ""Checo"" Perez Special Edition Mexico GP Track Jacket",$29.99,$29.99,$0.00,40,+18,2,15,12,11
Oct 3 - 5,Singapore Airlines Singapore GPMarina Bay Street Circuit,20,Red Bull Racing F1 Sergio Checo Perez T-Shirt,$19.99,$19.99,$0.00,40,+18,2,15,12,11
Oct 17 - 19,MSC Cruises United States GPCircuit of the Americas,1,Castore,$48.16,$89.09,-$40.93,35,-5,1,11,7,16
Oct 17 - 19,MSC Cruises United States GPCircuit of the Americas,2,Red Bull Racing F1 Kid's 2024 Sergio Checo Perez Team T-Shirt,$24.99,$24.99,$0.00,35,-5,1,11,7,16
Oct 17 - 19,MSC Cruises United States GPCircuit of the Americas,3,Castore,$49.00,$48.16,+$0.84,35,-5,1,11,7,16
Oct 17 - 19,MSC Cruises United States GPCircuit of the Americas,4,Castore,$48.81,$49.00,-$0.19,35,-5,1,11,7,16
Oct 17 - 19,MSC Cruises United States GPCircuit of the Americas,5,LEGO,$22.99,$14.00,+$8.99,35,-5,1,11,7,16
Oct 17 - 19,MSC Cruises United States GPCircuit of the Americas,6,Castore,$53.69,$48.81,+$4.88,35,-5,1,11,7,16
Oct 17 - 19,MSC Cruises United States GPCircuit of the Americas,7,Castore,$52.33,$53.69,-$1.36,35,-5,1,11,7,16
Oct 17 - 19,MSC Cruises United States GPCircuit of the Americas,8,Castore Red Bull Racing F1 Team Mug,$25.00,$25.00,$0.00,35,-5,1,11,7,16
Oct 17 - 19,MSC Cruises United States GPCircuit of the Americas,9,Castore,$105.00,$52.33,+$52.67,35,-5,1,11,7,16
Oct 17 - 19,MSC Cruises United States GPCircuit of the Americas,10,Castore,$57.24,$105.00,-$47.76,35,-5,1,11,7,16
Oct 17 - 19,MSC Cruises United States GPCircuit of the Americas,11,ZOCAVIA,$29.99,$29.99,$0.00,35,-5,1,11,7,16
Oct 17 - 19,MSC Cruises United States GPCircuit of the Americas,12,"Formula 1 Model Car Kits for Adults, Aston Martin F1 Car with Realistic Details, F1 Toys Building Sets Craft for Display, Formula 1 Racing Gifts for Teen Boys, Ideal F1 Gifts for Men",$89.95,$89.95,$0.00,35,-5,1,11,7,16
Oct 17 - 19,MSC Cruises United States GPCircuit of the Americas,13,"Red Bull Racing F1 Sergio ""Checo"" Perez Special Edition Mexico GP Hoodie",$24.99,$24.99,$0.00,35,-5,1,11,7,16
Oct 17 - 19,MSC Cruises United States GPCircuit of the Americas,14,MIEBELY,$65.99,$65.99,$0.00,35,-5,1,11,7,16
Oct 17 - 19,MSC Cruises United States GPCircuit of the Americas,15,Castore,$89.09,$57.24,+$31.85,35,-5,1,11,7,16
Oct 17 - 19,MSC Cruises United States GPCircuit of the Americas,16,Bburago,$19.32,$19.32,$0.00,35,-5,1,11,7,16
Oct 17 - 19,MSC Cruises United States GPCircuit of the Americas,17,Red Bull Racing F1 Men's 2024 Sergio Checo Perez Team T-Shirt-,$29.99,$29.99,$0.00,35,-5,1,11,7,16
Oct 17 - 19,MSC Cruises United States GPCircuit of the Americas,18,LEGO,$14.00,$22.99,-$8.99,35,-5,1,11,7,16
Oct 17 - 19,MSC Cruises United States GPCircuit of the Americas,19,"Red Bull Racing F1 Sergio ""Checo"" Perez Special Edition Mexico GP Track Jacket",$29.99,$29.99,$0.00,35,-5,1,11,7,16
Oct 17 - 19,MSC Cruises United States GPCircuit of the Americas,20,Red Bull Racing F1 Sergio Checo Perez T-Shirt,$19.99,$19.99,$0.00,35,-5,1,11,7,16
Oct 24 - 26,Mexico City GPAutodromo Hermanos Rodriguez,1,Castore,$48.16,$89.09,-$40.93,27,-8,3,Ret,11,13
Oct 24 - 26,Mexico City GPAutodromo Hermanos Rodriguez,2,Red Bull Racing F1 Kid's 2024 Sergio Checo Perez Team T-Shirt,$24.99,$24.99,$0.00,27,-8,3,Ret,11,13
Oct 24 - 26,Mexico City GPAutodromo Hermanos Rodriguez,3,Castore,$49.00,$48.16,+$0.84,27,-8,3,Ret,11,13
Oct 24 - 26,Mexico City GPAutodromo Hermanos Rodriguez,4,Castore,$48.81,$49.00,-$0.19,27,-8,3,Ret,11,13
Oct 24 - 26,Mexico City GPAutodromo Hermanos Rodriguez,5,LEGO,$22.99,$14.00,+$8.99,27,-8,3,Ret,11,13
Oct 24 - 26,Mexico City GPAutodromo Hermanos Rodriguez,6,Castore,$53.69,$48.81,+$4.88,27,-8,3,Ret,11,13
Oct 24 - 26,Mexico City GPAutodromo Hermanos Rodriguez,7,Castore,$52.33,$53.69,-$1.36,27,-8,3,Ret,11,13
Oct 24 - 26,Mexico City GPAutodromo Hermanos Rodriguez,8,Castore Red Bull Racing F1 Team Mug,$25.00,$25.00,$0.00,27,-8,3,Ret,11,13
Oct 24 - 26,Mexico City GPAutodromo Hermanos Rodriguez,9,Castore,$105.00,$52.33,+$52.67,27,-8,3,Ret,11,13
Oct 24 - 26,Mexico City GPAutodromo Hermanos Rodriguez,10,Castore,$57.24,$105.00,-$47.76,27,-8,3,Ret,11,13
Oct 24 - 26,Mexico City GPAutodromo Hermanos Rodriguez,11,ZOCAVIA,$29.99,$29.99,$0.00,27,-8,3,Ret,11,13
Oct 24 - 26,Mexico City GPAutodromo Hermanos Rodriguez,12,"Formula 1 Model Car Kits for Adults, Aston Martin F1 Car with Realistic Details, F1 Toys Building Sets Craft for Display, Formula 1 Racing Gifts for Teen Boys, Ideal F1 Gifts for Men",$89.95,$89.95,$0.00,27,-8,3,Ret,11,13
Oct 24 - 26,Mexico City GPAutodromo Hermanos Rodriguez,13,"Red Bull Racing F1 Sergio ""Checo"" Perez Special Edition Mexico GP Hoodie",$24.99,$24.99,$0.00,27,-8,3,Ret,11,13
Oct 24 - 26,Mexico City GPAutodromo Hermanos Rodriguez,14,MIEBELY,$65.99,$65.99,$0.00,27,-8,3,Ret,11,13
Oct 24 - 26,Mexico City GPAutodromo Hermanos Rodriguez,15,Castore,$89.09,$57.24,+$31.85,27,-8,3,Ret,11,13
Oct 24 - 26,Mexico City GPAutodromo Hermanos Rodriguez,16,Bburago,$19.32,$19.32,$0.00,27,-8,3,Ret,11,13
Oct 24 - 26,Mexico City GPAutodromo Hermanos Rodriguez,17,Red Bull Racing F1 Men's 2024 Sergio Checo Perez Team T-Shirt-,$29.99,$29.99,$0.00,27,-8,3,Ret,11,13
Oct 24 - 26,Mexico City GPAutodromo Hermanos Rodriguez,18,LEGO,$14.00,$22.99,-$8.99,27,-8,3,Ret,11,13
Oct 24 - 26,Mexico City GPAutodromo Hermanos Rodriguez,19,"Red Bull Racing F1 Sergio ""Checo"" Perez Special Edition Mexico GP Track Jacket",$29.99,$29.99,$0.00,27,-8,3,Ret,11,13
Oct 24 - 26,Mexico City GPAutodromo Hermanos Rodriguez,20,Red Bull Racing F1 Sergio Checo Perez T-Shirt,$19.99,$19.99,$0.00,27,-8,3,Ret,11,13
Nov 7 - 9,MSC Cruises São Paulo GPAutodromo Jose Carlos Pace,1,Castore,$48.16,$89.09,-$40.93,35,+8,3,7,17,8
Nov 7 - 9,MSC Cruises São Paulo GPAutodromo Jose Carlos Pace,2,Red Bull Racing F1 Kid's 2024 Sergio Checo Perez Team T-Shirt,$24.99,$24.99,$0.00,35,+8,3,7,17,8
Nov 7 - 9,MSC Cruises São Paulo GPAutodromo Jose Carlos Pace,3,Castore,$49.00,$48.16,+$0.84,35,+8,3,7,17,8
Nov 7 - 9,MSC Cruises São Paulo GPAutodromo Jose Carlos Pace,4,Castore,$48.81,$49.00,-$0.19,35,+8,3,7,17,8
Nov 7 - 9,MSC Cruises São Paulo GPAutodromo Jose Carlos Pace,5,LEGO,$22.99,$14.00,+$8.99,35,+8,3,7,17,8
Nov 7 - 9,MSC Cruises São Paulo GPAutodromo Jose Carlos Pace,6,Castore,$53.69,$48.81,+$4.88,35,+8,3,7,17,8
Nov 7 - 9,MSC Cruises São Paulo GPAutodromo Jose Carlos Pace,7,Castore,$52.33,$53.69,-$1.36,35,+8,3,7,17,8
Nov 7 - 9,MSC Cruises São Paulo GPAutodromo Jose Carlos Pace,8,Castore Red Bull Racing F1 Team Mug,$25.00,$25.00,$0.00,35,+8,3,7,17,8
Nov 7 - 9,MSC Cruises São Paulo GPAutodromo Jose Carlos Pace,9,Castore,$105.00,$52.33,+$52.67,35,+8,3,7,17,8
Nov 7 - 9,MSC Cruises São Paulo GPAutodromo Jose Carlos Pace,10,Castore,$57.24,$105.00,-$47.76,35,+8,3,7,17,8
Nov 7 - 9,MSC Cruises São Paulo GPAutodromo Jose Carlos Pace,11,ZOCAVIA,$29.99,$29.99,$0.00,35,+8,3,7,17,8
Nov 7 - 9,MSC Cruises São Paulo GPAutodromo Jose Carlos Pace,12,"Formula 1 Model Car Kits for Adults, Aston Martin F1 Car with Realistic Details, F1 Toys Building Sets Craft for Display, Formula 1 Racing Gifts for Teen Boys, Ideal F1 Gifts for Men",$89.95,$89.95,$0.00,35,+8,3,7,17,8
Nov 7 - 9,MSC Cruises São Paulo GPAutodromo Jose Carlos Pace,13,"Red Bull Racing F1 Sergio ""Checo"" Perez Special Edition Mexico GP Hoodie",$24.99,$24.99,$0.00,35,+8,3,7,17,8
Nov 7 - 9,MSC Cruises São Paulo GPAutodromo Jose Carlos Pace,14,MIEBELY,$65.99,$65.99,$0.00,35,+8,3,7,17,8
Nov 7 - 9,MSC Cruises São Paulo GPAutodromo Jose Carlos Pace,15,Castore,$89.09,$57.24,+$31.85,35,+8,3,7,17,8
Nov 7 - 9,MSC Cruises São Paulo GPAutodromo Jose Carlos Pace,16,Bburago,$19.32,$19.32,$0.00,35,+8,3,7,17,8
Nov 7 - 9,MSC Cruises São Paulo GPAutodromo Jose Carlos Pace,17,Red Bull Racing F1 Men's 2024 Sergio Checo Perez Team T-Shirt-,$29.99,$29.99,$0.00,35,+8,3,7,17,8
Nov 7 - 9,MSC Cruises São Paulo GPAutodromo Jose Carlos Pace,18,LEGO,$14.00,$22.99,-$8.99,35,+8,3,7,17,8
Nov 7 - 9,MSC Cruises São Paulo GPAutodromo Jose Carlos Pace,19,"Red Bull Racing F1 Sergio ""Checo"" Perez Special Edition Mexico GP Track Jacket",$29.99,$29.99,$0.00,35,+8,3,7,17,8
Nov 7 - 9,MSC Cruises São Paulo GPAutodromo Jose Carlos Pace,20,Red Bull Racing F1 Sergio Checo Perez T-Shirt,$19.99,$19.99,$0.00,35,+8,3,7,17,8
Nov 20 - 22,Heineken Las Vegas GPLas Vegas Street Circuit,1,Castore,$48.16,$89.09,-$40.93,33,-2,1,14,12,6
Nov 20 - 22,Heineken Las Vegas GPLas Vegas Street Circuit,2,Red Bull Racing F1 Kid's 2024 Sergio Checo Perez Team T-Shirt,$24.99,$24.99,$0.00,33,-2,1,14,12,6
Nov 20 - 22,Heineken Las Vegas GPLas Vegas Street Circuit,3,Castore,$49.00,$48.16,+$0.84,33,-2,1,14,12,6
Nov 20 - 22,Heineken Las Vegas GPLas Vegas Street Circuit,4,Castore,$48.81,$49.00,-$0.19,33,-2,1,14,12,6
Nov 20 - 22,Heineken Las Vegas GPLas Vegas Street Circuit,5,LEGO,$22.99,$14.00,+$8.99,33,-2,1,14,12,6
Nov 20 - 22,Heineken Las Vegas GPLas Vegas Street Circuit,6,Castore,$53.69,$48.81,+$4.88,33,-2,1,14,12,6
Nov 20 - 22,Heineken Las Vegas GPLas Vegas Street Circuit,7,Castore,$52.33,$53.69,-$1.36,33,-2,1,14,12,6
Nov 20 - 22,Heineken Las Vegas GPLas Vegas Street Circuit,8,Castore Red Bull Racing F1 Team Mug,$25.00,$25.00,$0.00,33,-2,1,14,12,6
Nov 20 - 22,Heineken Las Vegas GPLas Vegas Street Circuit,9,Castore,$105.00,$52.33,+$52.67,33,-2,1,14,12,6
Nov 20 - 22,Heineken Las Vegas GPLas Vegas Street Circuit,10,Castore,$57.24,$105.00,-$47.76,33,-2,1,14,12,6
Nov 20 - 22,Heineken Las Vegas GPLas Vegas Street Circuit,11,ZOCAVIA,$29.99,$29.99,$0.00,33,-2,1,14,12,6
Nov 20 - 22,Heineken Las Vegas GPLas Vegas Street Circuit,12,"Formula 1 Model Car Kits for Adults, Aston Martin F1 Car with Realistic Details, F1 Toys Building Sets Craft for Display, Formula 1 Racing Gifts for Teen Boys, Ideal F1 Gifts for Men",$89.95,$89.95,$0.00,33,-2,1,14,12,6
Nov 20 - 22,Heineken Las Vegas GPLas Vegas Street Circuit,13,"Red Bull Racing F1 Sergio ""Checo"" Perez Special Edition Mexico GP Hoodie",$24.99,$24.99,$0.00,33,-2,1,14,12,6
Nov 20 - 22,Heineken Las Vegas GPLas Vegas Street Circuit,14,MIEBELY,$65.99,$65.99,$0.00,33,-2,1,14,12,6
Nov 20 - 22,Heineken Las Vegas GPLas Vegas Street Circuit,15,Castore,$89.09,$57.24,+$31.85,33,-2,1,14,12,6
Nov 20 - 22,Heineken Las Vegas GPLas Vegas Street Circuit,16,Bburago,$19.32,$19.32,$0.00,33,-2,1,14,12,6
Nov 20 - 22,Heineken Las Vegas GPLas Vegas Street Circuit,17,Red Bull Racing F1 Men's 2024 Sergio Checo Perez Team T-Shirt-,$29.99,$29.99,$0.00,33,-2,1,14,12,6
Nov 20 - 22,Heineken Las Vegas GPLas Vegas Street Circuit,18,LEGO,$14.00,$22.99,-$8.99,33,-2,1,14,12,6
Nov 20 - 22,Heineken Las Vegas GPLas Vegas Street Circuit,19,"Red Bull Racing F1 Sergio ""Checo"" Perez Special Edition Mexico GP Track Jacket",$29.99,$29.99,$0.00,33,-2,1,14,12,6
Nov 20 - 22,Heineken Las Vegas GPLas Vegas Street Circuit,20,Red Bull Racing F1 Sergio Checo Perez T-Shirt,$19.99,$19.99,$0.00,33,-2,1,14,12,6
Nov 28 - 30,Qatar Airways Qatar GPLosail International Circuit,1,Castore,$48.16,$89.09,-$40.93,20,-13,1,9,10,Ret
Nov 28 - 30,Qatar Airways Qatar GPLosail International Circuit,2,Red Bull Racing F1 Kid's 2024 Sergio Checo Perez Team T-Shirt,$24.99,$24.99,$0.00,20,-13,1,9,10,Ret
Nov 28 - 30,Qatar Airways Qatar GPLosail International Circuit,3,Castore,$49.00,$48.16,+$0.84,20,-13,1,9,10,Ret
Nov 28 - 30,Qatar Airways Qatar GPLosail International Circuit,4,Castore,$48.81,$49.00,-$0.19,20,-13,1,9,10,Ret
Nov 28 - 30,Qatar Airways Qatar GPLosail International Circuit,5,LEGO,$22.99,$14.00,+$8.99,20,-13,1,9,10,Ret
Nov 28 - 30,Qatar Airways Qatar GPLosail International Circuit,6,Castore,$53.69,$48.81,+$4.88,20,-13,1,9,10,Ret
Nov 28 - 30,Qatar Airways Qatar GPLosail International Circuit,7,Castore,$52.33,$53.69,-$1.36,20,-13,1,9,10,Ret
Nov 28 - 30,Qatar Airways Qatar GPLosail International Circuit,8,Castore Red Bull Racing F1 Team Mug,$25.00,$25.00,$0.00,20,-13,1,9,10,Ret
Nov 28 - 30,Qatar Airways Qatar GPLosail International Circuit,9,Castore,$105.00,$52.33,+$52.67,20,-13,1,9,10,Ret
Nov 28 - 30,Qatar Airways Qatar GPLosail International Circuit,10,Castore,$57.24,$105.00,-$47.76,20,-13,1,9,10,Ret
Nov 28 - 30,Qatar Airways Qatar GPLosail International Circuit,11,ZOCAVIA,$29.99,$29.99,$0.00,20,-13,1,9,10,Ret
Nov 28 - 30,Qatar Airways Qatar GPLosail International Circuit,12,"Formula 1 Model Car Kits for Adults, Aston Martin F1 Car with Realistic Details, F1 Toys Building Sets Craft for Display, Formula 1 Racing Gifts for Teen Boys, Ideal F1 Gifts for Men",$89.95,$89.95,$0.00,20,-13,1,9,10,Ret
Nov 28 - 30,Qatar Airways Qatar GPLosail International Circuit,13,"Red Bull Racing F1 Sergio ""Checo"" Perez Special Edition Mexico GP Hoodie",$24.99,$24.99,$0.00,20,-13,1,9,10,Ret
Nov 28 - 30,Qatar Airways Qatar GPLosail International Circuit,14,MIEBELY,$65.99,$65.99,$0.00,20,-13,1,9,10,Ret
Nov 28 - 30,Qatar Airways Qatar GPLosail International Circuit,15,Castore,$89.09,$57.24,+$31.85,20,-13,1,9,10,Ret
Nov 28 - 30,Qatar Airways Qatar GPLosail International Circuit,16,Bburago,$19.32,$19.32,$0.00,20,-13,1,9,10,Ret
Nov 28 - 30,Qatar Airways Qatar GPLosail International Circuit,17,Red Bull Racing F1 Men's 2024 Sergio Checo Perez Team T-Shirt-,$29.99,$29.99,$0.00,20,-13,1,9,10,Ret
Nov 28 - 30,Qatar Airways Qatar GPLosail International Circuit,18,LEGO,$14.00,$22.99,-$8.99,20,-13,1,9,10,Ret
Nov 28 - 30,Qatar Airways Qatar GPLosail International Circuit,19,"Red Bull Racing F1 Sergio ""Checo"" Perez Special Edition Mexico GP Track Jacket",$29.99,$29.99,$0.00,20,-13,1,9,10,Ret
Nov 28 - 30,Qatar Airways Qatar GPLosail International Circuit,20,Red Bull Racing F1 Sergio Checo Perez T-Shirt,$19.99,$19.99,$0.00,20,-13,1,9,10,Ret
Dec 5 - 7,Etihad Airways Abu Dhabi GPYas Marina Circuit,1,Castore,$48.16,$89.09,-$40.93,50,+30,1,18,14,17
Dec 5 - 7,Etihad Airways Abu Dhabi GPYas Marina Circuit,2,Red Bull Racing F1 Kid's 2024 Sergio Checo Perez Team T-Shirt,$24.99,$24.99,$0.00,50,+30,1,18,14,17
Dec 5 - 7,Etihad Airways Abu Dhabi GPYas Marina Circuit,3,Castore,$49.00,$48.16,+$0.84,50,+30,1,18,14,17
Dec 5 - 7,Etihad Airways Abu Dhabi GPYas Marina Circuit,4,Castore,$48.81,$49.00,-$0.19,50,+30,1,18,14,17
Dec 5 - 7,Etihad Airways Abu Dhabi GPYas Marina Circuit,5,LEGO,$22.99,$14.00,+$8.99,50,+30,1,18,14,17
Dec 5 - 7,Etihad Airways Abu Dhabi GPYas Marina Circuit,6,Castore,$53.69,$48.81,+$4.88,50,+30,1,18,14,17
Dec 5 - 7,Etihad Airways Abu Dhabi GPYas Marina Circuit,7,Castore,$52.33,$53.69,-$1.36,50,+30,1,18,14,17
Dec 5 - 7,Etihad Airways Abu Dhabi GPYas Marina Circuit,8,Castore Red Bull Racing F1 Team Mug,$25.00,$25.00,$0.00,50,+30,1,18,14,17
Dec 5 - 7,Etihad Airways Abu Dhabi GPYas Marina Circuit,9,Castore,$105.00,$52.33,+$52.67,50,+30,1,18,14,17
Dec 5 - 7,Etihad Airways Abu Dhabi GPYas Marina Circuit,10,Castore,$57.24,$105.00,-$47.76,50,+30,1,18,14,17
Dec 5 - 7,Etihad Airways Abu Dhabi GPYas Marina Circuit,11,ZOCAVIA,$29.99,$29.99,$0.00,50,+30,1,18,14,17
Dec 5 - 7,Etihad Airways Abu Dhabi GPYas Marina Circuit,12,"Formula 1 Model Car Kits for Adults, Aston Martin F1 Car with Realistic Details, F1 Toys Building Sets Craft for Display, Formula 1 Racing Gifts for Teen Boys, Ideal F1 Gifts for Men",$89.95,$89.95,$0.00,50,+30,1,18,14,17
Dec 5 - 7,Etihad Airways Abu Dhabi GPYas Marina Circuit,13,"Red Bull Racing F1 Sergio ""Checo"" Perez Special Edition Mexico GP Hoodie",$24.99,$24.99,$0.00,50,+30,1,18,14,17
Dec 5 - 7,Etihad Airways Abu Dhabi GPYas Marina Circuit,14,MIEBELY,$65.99,$65.99,$0.00,50,+30,1,18,14,17
Dec 5 - 7,Etihad Airways Abu Dhabi GPYas Marina Circuit,15,Castore,$89.09,$57.24,+$31.85,50,+30,1,18,14,17
Dec 5 - 7,Etihad Airways Abu Dhabi GPYas Marina Circuit,16,Bburago,$19.32,$19.32,$0.00,50,+30,1,18,14,17
Dec 5 - 7,Etihad Airways Abu Dhabi GPYas Marina Circuit,17,Red Bull Racing F1 Men's 2024 Sergio Checo Perez Team T-Shirt-,$29.99,$29.99,$0.00,50,+30,1,18,14,17
Dec 5 - 7,Etihad Airways Abu Dhabi GPYas Marina Circuit,18,LEGO,$14.00,$22.99,-$8.99,50,+30,1,18,14,17
Dec 5 - 7,Etihad Airways Abu Dhabi GPYas Marina Circuit,19,"Red Bull Racing F1 Sergio ""Checo"" Perez Special Edition Mexico GP Track Jacket",$29.99,$29.99,$0.00,50,+30,1,18,14,17
Dec 5 - 7,Etihad Airways Abu Dhabi GPYas Marina Circuit,20,Red Bull Racing F1 Sergio Checo Perez T-Shirt,$19.99,$19.99,$0.00,50,+30,1,18,14,17
