Race Date,Race Name,Product Rank,Product Name,Current Price,Previous Price,Price Change,Team Cumulative Placement,Team Placement Change,Sauber Driver HUL Pos,Sauber Driver BOR Pos
Mar 13 - 16,Louis Vuitton Australian GPMelbourne Grand Prix Circuit,1,"CaDA C55082W Kick Sauber F1 Team C45 Building Blocks Car,1:24 Scale Official Licensed Formula 1 Race Car Model,348 Pieces for Adults & Teens",$19.29,N/A,N/A,7,N/A,7,Ret
Mar 13 - 16,Louis Vuitton Australian GPMelbourne Grand Prix Circuit,2,"CaDA C64010W Kick Sauber F1 Team C44 Racing Building Set,MOC 1:8 F1 Building Block Car,Formula 1 Championship Super Car Model for Adults (2553pcs)",$149.99,N/A,N/A,7,N/A,7,Ret
Mar 13 - 16,Louis Vuitton Australian GPMelbourne Grand Prix Circuit,3,"CaDA C55032W Kick Sauber F1 Team C44 Racing Building Set,MOC 1:24 Racing Car Brick Kit,Collectible Display Model for Adults Home Decor（314 pcs）",$18.99,N/A,N/A,7,N/A,7,Ret
Mar 13 - 16,Louis Vuitton Australian GPMelbourne Grand Prix Circuit,4,GTR Simulator GTA Compact V2 Foldable Racing Simulator Cockpit Stake F1® Team Kick Sauber Edition,$199.00,N/A,N/A,7,N/A,7,Ret
Mar 13 - 16,Louis Vuitton Australian GPMelbourne Grand Prix Circuit,5,"CaDA C64010W C44 Kick Sauber & Pirelli Official Licensed 1:8 Scale F1 Racing Car Building Blocks Set 2553 Piece Model Car Kit with DRS System, STEM Educational Toy for Adults & Teens [Authorized]",$127.99,N/A,N/A,7,N/A,7,Ret
Mar 13 - 16,Louis Vuitton Australian GPMelbourne Grand Prix Circuit,6,"Stake Cap for Valtteri Bottas F1 Sauber Team, Black, One Size Fits Most",$19.99,N/A,N/A,7,N/A,7,Ret
Mar 13 - 16,Louis Vuitton Australian GPMelbourne Grand Prix Circuit,7,Speedgear Stake F1 Sauber Kick Team Polo Shirt Black,$49.99,N/A,N/A,7,N/A,7,Ret
Mar 13 - 16,Louis Vuitton Australian GPMelbourne Grand Prix Circuit,8,"Hot Wheels McLaren Formula One Team [Black & Orange] F1 1/5, 20/250, 1:64 Scale Diecast Toy Vehicle",$8.66,N/A,N/A,7,N/A,7,Ret
Mar 13 - 16,Louis Vuitton Australian GPMelbourne Grand Prix Circuit,9,Speedgear Stake F1 Sauber Kick Team Polo Shirt Black,$49.99,$49.99,$0.00,7,N/A,7,Ret
Mar 13 - 16,Louis Vuitton Australian GPMelbourne Grand Prix Circuit,10,Solido 1:18 Model Car - Kick Clean F1 Team C44 Zhou Guanyu Bahrain GP 2024 Formula 1 Racing Car,$49.95,N/A,N/A,7,N/A,7,Ret
Mar 13 - 16,Louis Vuitton Australian GPMelbourne Grand Prix Circuit,11,"F1 Socks for Racing, F1 Merch for Men, Do Not Disturb I'm Watching for Teen Gift, Fathers Day Dad Gifts from Wife Daughter Son, Stocking Stuffers, and Novelty Gifts for Boyfriend Husband",$6.99,N/A,N/A,7,N/A,7,Ret
Mar 13 - 16,Louis Vuitton Australian GPMelbourne Grand Prix Circuit,12,CMC Motorsports Haas Racing F1 Team Logo Hat - Black,$9.99,N/A,N/A,7,N/A,7,Ret
Mar 13 - 16,Louis Vuitton Australian GPMelbourne Grand Prix Circuit,13,GTR Simulator GTA Compact V2 Foldable Racing Simulator Cockpit Stake F1® Team Kick Sauber Edition (Shifter Holder),$58.99,N/A,N/A,7,N/A,7,Ret
Mar 13 - 16,Louis Vuitton Australian GPMelbourne Grand Prix Circuit,14,CMC Motorsports Stake F1 Kick Sauber 2024 Men's Team Rain Jacket,$99.99,N/A,N/A,7,N/A,7,Ret
Mar 13 - 16,Louis Vuitton Australian GPMelbourne Grand Prix Circuit,15,OPO 10 - Miniature car Formula 1 1/43 Compatible with BMW Sauber F1.08 - Robert Kubica - 2008 - F1 FD050,$24.90,N/A,N/A,7,N/A,7,Ret
Mar 13 - 16,Louis Vuitton Australian GPMelbourne Grand Prix Circuit,16,Stake F1 Sauber Kick Team Zip Sweatshirt Black,$59.99,N/A,N/A,7,N/A,7,Ret
Mar 13 - 16,Louis Vuitton Australian GPMelbourne Grand Prix Circuit,17,Bburago 1:43 Race BWT Alpine F1 Team A523 (2023) w/Driver,$9.99,N/A,N/A,7,N/A,7,Ret
Mar 13 - 16,Louis Vuitton Australian GPMelbourne Grand Prix Circuit,18,Speedgear Stake F1 Sauber Kick Team Polo Shirt Black,$49.99,$49.99,$0.00,7,N/A,7,Ret
Mar 13 - 16,Louis Vuitton Australian GPMelbourne Grand Prix Circuit,19,Red Bull Racing F1 Men's 2024 Team Polo Shirt,$45.26,N/A,N/A,7,N/A,7,Ret
Mar 13 - 16,Louis Vuitton Australian GPMelbourne Grand Prix Circuit,20,Hot Wheels 2024 Formula 1,$28.98,N/A,N/A,7,N/A,7,Ret
Mar 20 - 23,Heineken Chinese GPShanghai International Circuit,1,"CaDA C55082W Kick Sauber F1 Team C45 Building Blocks Car,1:24 Scale Official Licensed Formula 1 Race Car Model,348 Pieces for Adults & Teens",$19.29,$19.29,$0.00,29,+22,15,14
Mar 20 - 23,Heineken Chinese GPShanghai International Circuit,2,"CaDA C64010W Kick Sauber F1 Team C44 Racing Building Set,MOC 1:8 F1 Building Block Car,Formula 1 Championship Super Car Model for Adults (2553pcs)",$149.99,$149.99,$0.00,29,+22,15,14
Mar 20 - 23,Heineken Chinese GPShanghai International Circuit,3,"CaDA C55032W Kick Sauber F1 Team C44 Racing Building Set,MOC 1:24 Racing Car Brick Kit,Collectible Display Model for Adults Home Decor（314 pcs）",$18.99,$18.99,$0.00,29,+22,15,14
Mar 20 - 23,Heineken Chinese GPShanghai International Circuit,4,GTR Simulator GTA Compact V2 Foldable Racing Simulator Cockpit Stake F1® Team Kick Sauber Edition,$199.00,$199.00,$0.00,29,+22,15,14
Mar 20 - 23,Heineken Chinese GPShanghai International Circuit,5,"CaDA C64010W C44 Kick Sauber & Pirelli Official Licensed 1:8 Scale F1 Racing Car Building Blocks Set 2553 Piece Model Car Kit with DRS System, STEM Educational Toy for Adults & Teens [Authorized]",$127.99,$127.99,$0.00,29,+22,15,14
Mar 20 - 23,Heineken Chinese GPShanghai International Circuit,6,"Stake Cap for Valtteri Bottas F1 Sauber Team, Black, One Size Fits Most",$19.99,$19.99,$0.00,29,+22,15,14
Mar 20 - 23,Heineken Chinese GPShanghai International Circuit,7,Speedgear Stake F1 Sauber Kick Team Polo Shirt Black,$49.99,$49.99,$0.00,29,+22,15,14
Mar 20 - 23,Heineken Chinese GPShanghai International Circuit,8,"Hot Wheels McLaren Formula One Team [Black & Orange] F1 1/5, 20/250, 1:64 Scale Diecast Toy Vehicle",$8.66,$8.66,$0.00,29,+22,15,14
Mar 20 - 23,Heineken Chinese GPShanghai International Circuit,9,Speedgear Stake F1 Sauber Kick Team Polo Shirt Black,$49.99,$49.99,$0.00,29,+22,15,14
Mar 20 - 23,Heineken Chinese GPShanghai International Circuit,10,Solido 1:18 Model Car - Kick Clean F1 Team C44 Zhou Guanyu Bahrain GP 2024 Formula 1 Racing Car,$49.95,$49.95,$0.00,29,+22,15,14
Mar 20 - 23,Heineken Chinese GPShanghai International Circuit,11,"F1 Socks for Racing, F1 Merch for Men, Do Not Disturb I'm Watching for Teen Gift, Fathers Day Dad Gifts from Wife Daughter Son, Stocking Stuffers, and Novelty Gifts for Boyfriend Husband",$6.99,$6.99,$0.00,29,+22,15,14
Mar 20 - 23,Heineken Chinese GPShanghai International Circuit,12,CMC Motorsports Haas Racing F1 Team Logo Hat - Black,$9.99,$9.99,$0.00,29,+22,15,14
Mar 20 - 23,Heineken Chinese GPShanghai International Circuit,13,GTR Simulator GTA Compact V2 Foldable Racing Simulator Cockpit Stake F1® Team Kick Sauber Edition (Shifter Holder),$58.99,$58.99,$0.00,29,+22,15,14
Mar 20 - 23,Heineken Chinese GPShanghai International Circuit,14,CMC Motorsports Stake F1 Kick Sauber 2024 Men's Team Rain Jacket,$99.99,$99.99,$0.00,29,+22,15,14
Mar 20 - 23,Heineken Chinese GPShanghai International Circuit,15,OPO 10 - Miniature car Formula 1 1/43 Compatible with BMW Sauber F1.08 - Robert Kubica - 2008 - F1 FD050,$24.90,$24.90,$0.00,29,+22,15,14
Mar 20 - 23,Heineken Chinese GPShanghai International Circuit,16,Stake F1 Sauber Kick Team Zip Sweatshirt Black,$59.99,$59.99,$0.00,29,+22,15,14
Mar 20 - 23,Heineken Chinese GPShanghai International Circuit,17,Bburago 1:43 Race BWT Alpine F1 Team A523 (2023) w/Driver,$9.99,$9.99,$0.00,29,+22,15,14
Mar 20 - 23,Heineken Chinese GPShanghai International Circuit,18,Speedgear Stake F1 Sauber Kick Team Polo Shirt Black,$49.99,$49.99,$0.00,29,+22,15,14
Mar 20 - 23,Heineken Chinese GPShanghai International Circuit,19,Red Bull Racing F1 Men's 2024 Team Polo Shirt,$45.26,$45.26,$0.00,29,+22,15,14
Mar 20 - 23,Heineken Chinese GPShanghai International Circuit,20,Hot Wheels 2024 Formula 1,$28.98,$28.98,$0.00,29,+22,15,14
Apr 3 - 6,Lenovo Japanese GPSuzuka International Racing Course,1,"CaDA C55082W Kick Sauber F1 Team C45 Building Blocks Car,1:24 Scale Official Licensed Formula 1 Race Car Model,348 Pieces for Adults & Teens",$19.29,$19.29,$0.00,35,+6,16,19
Apr 3 - 6,Lenovo Japanese GPSuzuka International Racing Course,2,"CaDA C64010W Kick Sauber F1 Team C44 Racing Building Set,MOC 1:8 F1 Building Block Car,Formula 1 Championship Super Car Model for Adults (2553pcs)",$149.99,$149.99,$0.00,35,+6,16,19
Apr 3 - 6,Lenovo Japanese GPSuzuka International Racing Course,3,"CaDA C55032W Kick Sauber F1 Team C44 Racing Building Set,MOC 1:24 Racing Car Brick Kit,Collectible Display Model for Adults Home Decor（314 pcs）",$18.99,$18.99,$0.00,35,+6,16,19
Apr 3 - 6,Lenovo Japanese GPSuzuka International Racing Course,4,GTR Simulator GTA Compact V2 Foldable Racing Simulator Cockpit Stake F1® Team Kick Sauber Edition,$199.00,$199.00,$0.00,35,+6,16,19
Apr 3 - 6,Lenovo Japanese GPSuzuka International Racing Course,5,"CaDA C64010W C44 Kick Sauber & Pirelli Official Licensed 1:8 Scale F1 Racing Car Building Blocks Set 2553 Piece Model Car Kit with DRS System, STEM Educational Toy for Adults & Teens [Authorized]",$127.99,$127.99,$0.00,35,+6,16,19
Apr 3 - 6,Lenovo Japanese GPSuzuka International Racing Course,6,"Stake Cap for Valtteri Bottas F1 Sauber Team, Black, One Size Fits Most",$19.99,$19.99,$0.00,35,+6,16,19
Apr 3 - 6,Lenovo Japanese GPSuzuka International Racing Course,7,Speedgear Stake F1 Sauber Kick Team Polo Shirt Black,$49.99,$49.99,$0.00,35,+6,16,19
Apr 3 - 6,Lenovo Japanese GPSuzuka International Racing Course,8,"Hot Wheels McLaren Formula One Team [Black & Orange] F1 1/5, 20/250, 1:64 Scale Diecast Toy Vehicle",$8.66,$8.66,$0.00,35,+6,16,19
Apr 3 - 6,Lenovo Japanese GPSuzuka International Racing Course,9,Speedgear Stake F1 Sauber Kick Team Polo Shirt Black,$49.99,$49.99,$0.00,35,+6,16,19
Apr 3 - 6,Lenovo Japanese GPSuzuka International Racing Course,10,Solido 1:18 Model Car - Kick Clean F1 Team C44 Zhou Guanyu Bahrain GP 2024 Formula 1 Racing Car,$49.95,$49.95,$0.00,35,+6,16,19
Apr 3 - 6,Lenovo Japanese GPSuzuka International Racing Course,11,"F1 Socks for Racing, F1 Merch for Men, Do Not Disturb I'm Watching for Teen Gift, Fathers Day Dad Gifts from Wife Daughter Son, Stocking Stuffers, and Novelty Gifts for Boyfriend Husband",$6.99,$6.99,$0.00,35,+6,16,19
Apr 3 - 6,Lenovo Japanese GPSuzuka International Racing Course,12,CMC Motorsports Haas Racing F1 Team Logo Hat - Black,$9.99,$9.99,$0.00,35,+6,16,19
Apr 3 - 6,Lenovo Japanese GPSuzuka International Racing Course,13,GTR Simulator GTA Compact V2 Foldable Racing Simulator Cockpit Stake F1® Team Kick Sauber Edition (Shifter Holder),$58.99,$58.99,$0.00,35,+6,16,19
Apr 3 - 6,Lenovo Japanese GPSuzuka International Racing Course,14,CMC Motorsports Stake F1 Kick Sauber 2024 Men's Team Rain Jacket,$99.99,$99.99,$0.00,35,+6,16,19
Apr 3 - 6,Lenovo Japanese GPSuzuka International Racing Course,15,OPO 10 - Miniature car Formula 1 1/43 Compatible with BMW Sauber F1.08 - Robert Kubica - 2008 - F1 FD050,$24.90,$24.90,$0.00,35,+6,16,19
Apr 3 - 6,Lenovo Japanese GPSuzuka International Racing Course,16,Stake F1 Sauber Kick Team Zip Sweatshirt Black,$59.99,$59.99,$0.00,35,+6,16,19
Apr 3 - 6,Lenovo Japanese GPSuzuka International Racing Course,17,Bburago 1:43 Race BWT Alpine F1 Team A523 (2023) w/Driver,$9.99,$9.99,$0.00,35,+6,16,19
Apr 3 - 6,Lenovo Japanese GPSuzuka International Racing Course,18,Speedgear Stake F1 Sauber Kick Team Polo Shirt Black,$49.99,$49.99,$0.00,35,+6,16,19
Apr 3 - 6,Lenovo Japanese GPSuzuka International Racing Course,19,Red Bull Racing F1 Men's 2024 Team Polo Shirt,$45.26,$45.26,$0.00,35,+6,16,19
Apr 3 - 6,Lenovo Japanese GPSuzuka International Racing Course,20,Hot Wheels 2024 Formula 1,$28.98,$28.98,$0.00,35,+6,16,19
Apr 11 - 13,Gulf Air Bahrain GPBahrain International Circuit,1,"CaDA C55082W Kick Sauber F1 Team C45 Building Blocks Car,1:24 Scale Official Licensed Formula 1 Race Car Model,348 Pieces for Adults & Teens",$19.29,$19.29,$0.00,18,-17,DQ,18
Apr 11 - 13,Gulf Air Bahrain GPBahrain International Circuit,2,"CaDA C64010W Kick Sauber F1 Team C44 Racing Building Set,MOC 1:8 F1 Building Block Car,Formula 1 Championship Super Car Model for Adults (2553pcs)",$149.99,$149.99,$0.00,18,-17,DQ,18
Apr 11 - 13,Gulf Air Bahrain GPBahrain International Circuit,3,"CaDA C55032W Kick Sauber F1 Team C44 Racing Building Set,MOC 1:24 Racing Car Brick Kit,Collectible Display Model for Adults Home Decor（314 pcs）",$18.99,$18.99,$0.00,18,-17,DQ,18
Apr 11 - 13,Gulf Air Bahrain GPBahrain International Circuit,4,GTR Simulator GTA Compact V2 Foldable Racing Simulator Cockpit Stake F1® Team Kick Sauber Edition,$199.00,$199.00,$0.00,18,-17,DQ,18
Apr 11 - 13,Gulf Air Bahrain GPBahrain International Circuit,5,"CaDA C64010W C44 Kick Sauber & Pirelli Official Licensed 1:8 Scale F1 Racing Car Building Blocks Set 2553 Piece Model Car Kit with DRS System, STEM Educational Toy for Adults & Teens [Authorized]",$127.99,$127.99,$0.00,18,-17,DQ,18
Apr 11 - 13,Gulf Air Bahrain GPBahrain International Circuit,6,"Stake Cap for Valtteri Bottas F1 Sauber Team, Black, One Size Fits Most",$19.99,$19.99,$0.00,18,-17,DQ,18
Apr 11 - 13,Gulf Air Bahrain GPBahrain International Circuit,7,Speedgear Stake F1 Sauber Kick Team Polo Shirt Black,$49.99,$49.99,$0.00,18,-17,DQ,18
Apr 11 - 13,Gulf Air Bahrain GPBahrain International Circuit,8,"Hot Wheels McLaren Formula One Team [Black & Orange] F1 1/5, 20/250, 1:64 Scale Diecast Toy Vehicle",$8.66,$8.66,$0.00,18,-17,DQ,18
Apr 11 - 13,Gulf Air Bahrain GPBahrain International Circuit,9,Speedgear Stake F1 Sauber Kick Team Polo Shirt Black,$49.99,$49.99,$0.00,18,-17,DQ,18
Apr 11 - 13,Gulf Air Bahrain GPBahrain International Circuit,10,Solido 1:18 Model Car - Kick Clean F1 Team C44 Zhou Guanyu Bahrain GP 2024 Formula 1 Racing Car,$49.95,$49.95,$0.00,18,-17,DQ,18
Apr 11 - 13,Gulf Air Bahrain GPBahrain International Circuit,11,"F1 Socks for Racing, F1 Merch for Men, Do Not Disturb I'm Watching for Teen Gift, Fathers Day Dad Gifts from Wife Daughter Son, Stocking Stuffers, and Novelty Gifts for Boyfriend Husband",$6.99,$6.99,$0.00,18,-17,DQ,18
Apr 11 - 13,Gulf Air Bahrain GPBahrain International Circuit,12,CMC Motorsports Haas Racing F1 Team Logo Hat - Black,$9.99,$9.99,$0.00,18,-17,DQ,18
Apr 11 - 13,Gulf Air Bahrain GPBahrain International Circuit,13,GTR Simulator GTA Compact V2 Foldable Racing Simulator Cockpit Stake F1® Team Kick Sauber Edition (Shifter Holder),$58.99,$58.99,$0.00,18,-17,DQ,18
Apr 11 - 13,Gulf Air Bahrain GPBahrain International Circuit,14,CMC Motorsports Stake F1 Kick Sauber 2024 Men's Team Rain Jacket,$99.99,$99.99,$0.00,18,-17,DQ,18
Apr 11 - 13,Gulf Air Bahrain GPBahrain International Circuit,15,OPO 10 - Miniature car Formula 1 1/43 Compatible with BMW Sauber F1.08 - Robert Kubica - 2008 - F1 FD050,$24.90,$24.90,$0.00,18,-17,DQ,18
Apr 11 - 13,Gulf Air Bahrain GPBahrain International Circuit,16,Stake F1 Sauber Kick Team Zip Sweatshirt Black,$59.99,$59.99,$0.00,18,-17,DQ,18
Apr 11 - 13,Gulf Air Bahrain GPBahrain International Circuit,17,Bburago 1:43 Race BWT Alpine F1 Team A523 (2023) w/Driver,$9.99,$9.99,$0.00,18,-17,DQ,18
Apr 11 - 13,Gulf Air Bahrain GPBahrain International Circuit,18,Speedgear Stake F1 Sauber Kick Team Polo Shirt Black,$49.99,$49.99,$0.00,18,-17,DQ,18
Apr 11 - 13,Gulf Air Bahrain GPBahrain International Circuit,19,Red Bull Racing F1 Men's 2024 Team Polo Shirt,$45.26,$45.26,$0.00,18,-17,DQ,18
Apr 11 - 13,Gulf Air Bahrain GPBahrain International Circuit,20,Hot Wheels 2024 Formula 1,$28.98,$28.98,$0.00,18,-17,DQ,18
Apr 18 - 20,STC Saudi Arabian GPJeddah Street Circuit,1,"CaDA C55082W Kick Sauber F1 Team C45 Building Blocks Car,1:24 Scale Official Licensed Formula 1 Race Car Model,348 Pieces for Adults & Teens",$19.29,$19.29,$0.00,33,+15,15,18
Apr 18 - 20,STC Saudi Arabian GPJeddah Street Circuit,2,"CaDA C64010W Kick Sauber F1 Team C44 Racing Building Set,MOC 1:8 F1 Building Block Car,Formula 1 Championship Super Car Model for Adults (2553pcs)",$149.99,$149.99,$0.00,33,+15,15,18
Apr 18 - 20,STC Saudi Arabian GPJeddah Street Circuit,3,"CaDA C55032W Kick Sauber F1 Team C44 Racing Building Set,MOC 1:24 Racing Car Brick Kit,Collectible Display Model for Adults Home Decor（314 pcs）",$18.99,$18.99,$0.00,33,+15,15,18
Apr 18 - 20,STC Saudi Arabian GPJeddah Street Circuit,4,GTR Simulator GTA Compact V2 Foldable Racing Simulator Cockpit Stake F1® Team Kick Sauber Edition,$199.00,$199.00,$0.00,33,+15,15,18
Apr 18 - 20,STC Saudi Arabian GPJeddah Street Circuit,5,"CaDA C64010W C44 Kick Sauber & Pirelli Official Licensed 1:8 Scale F1 Racing Car Building Blocks Set 2553 Piece Model Car Kit with DRS System, STEM Educational Toy for Adults & Teens [Authorized]",$127.99,$127.99,$0.00,33,+15,15,18
Apr 18 - 20,STC Saudi Arabian GPJeddah Street Circuit,6,"Stake Cap for Valtteri Bottas F1 Sauber Team, Black, One Size Fits Most",$19.99,$19.99,$0.00,33,+15,15,18
Apr 18 - 20,STC Saudi Arabian GPJeddah Street Circuit,7,Speedgear Stake F1 Sauber Kick Team Polo Shirt Black,$49.99,$49.99,$0.00,33,+15,15,18
Apr 18 - 20,STC Saudi Arabian GPJeddah Street Circuit,8,"Hot Wheels McLaren Formula One Team [Black & Orange] F1 1/5, 20/250, 1:64 Scale Diecast Toy Vehicle",$8.66,$8.66,$0.00,33,+15,15,18
Apr 18 - 20,STC Saudi Arabian GPJeddah Street Circuit,9,Speedgear Stake F1 Sauber Kick Team Polo Shirt Black,$49.99,$49.99,$0.00,33,+15,15,18
Apr 18 - 20,STC Saudi Arabian GPJeddah Street Circuit,10,Solido 1:18 Model Car - Kick Clean F1 Team C44 Zhou Guanyu Bahrain GP 2024 Formula 1 Racing Car,$49.95,$49.95,$0.00,33,+15,15,18
Apr 18 - 20,STC Saudi Arabian GPJeddah Street Circuit,11,"F1 Socks for Racing, F1 Merch for Men, Do Not Disturb I'm Watching for Teen Gift, Fathers Day Dad Gifts from Wife Daughter Son, Stocking Stuffers, and Novelty Gifts for Boyfriend Husband",$6.99,$6.99,$0.00,33,+15,15,18
Apr 18 - 20,STC Saudi Arabian GPJeddah Street Circuit,12,CMC Motorsports Haas Racing F1 Team Logo Hat - Black,$9.99,$9.99,$0.00,33,+15,15,18
Apr 18 - 20,STC Saudi Arabian GPJeddah Street Circuit,13,GTR Simulator GTA Compact V2 Foldable Racing Simulator Cockpit Stake F1® Team Kick Sauber Edition (Shifter Holder),$58.99,$58.99,$0.00,33,+15,15,18
Apr 18 - 20,STC Saudi Arabian GPJeddah Street Circuit,14,CMC Motorsports Stake F1 Kick Sauber 2024 Men's Team Rain Jacket,$99.99,$99.99,$0.00,33,+15,15,18
Apr 18 - 20,STC Saudi Arabian GPJeddah Street Circuit,15,OPO 10 - Miniature car Formula 1 1/43 Compatible with BMW Sauber F1.08 - Robert Kubica - 2008 - F1 FD050,$24.90,$24.90,$0.00,33,+15,15,18
Apr 18 - 20,STC Saudi Arabian GPJeddah Street Circuit,16,Stake F1 Sauber Kick Team Zip Sweatshirt Black,$59.99,$59.99,$0.00,33,+15,15,18
Apr 18 - 20,STC Saudi Arabian GPJeddah Street Circuit,17,Bburago 1:43 Race BWT Alpine F1 Team A523 (2023) w/Driver,$9.99,$9.99,$0.00,33,+15,15,18
Apr 18 - 20,STC Saudi Arabian GPJeddah Street Circuit,18,Speedgear Stake F1 Sauber Kick Team Polo Shirt Black,$49.99,$49.99,$0.00,33,+15,15,18
Apr 18 - 20,STC Saudi Arabian GPJeddah Street Circuit,19,Red Bull Racing F1 Men's 2024 Team Polo Shirt,$45.26,$45.26,$0.00,33,+15,15,18
Apr 18 - 20,STC Saudi Arabian GPJeddah Street Circuit,20,Hot Wheels 2024 Formula 1,$28.98,$28.98,$0.00,33,+15,15,18
May 2 - 4,Crypto.com Miami GPMiami International Autodrome,1,"CaDA C55082W Kick Sauber F1 Team C45 Building Blocks Car,1:24 Scale Official Licensed Formula 1 Race Car Model,348 Pieces for Adults & Teens",$19.29,$19.29,$0.00,14,-19,14,Ret
May 2 - 4,Crypto.com Miami GPMiami International Autodrome,2,"CaDA C64010W Kick Sauber F1 Team C44 Racing Building Set,MOC 1:8 F1 Building Block Car,Formula 1 Championship Super Car Model for Adults (2553pcs)",$149.99,$149.99,$0.00,14,-19,14,Ret
May 2 - 4,Crypto.com Miami GPMiami International Autodrome,3,"CaDA C55032W Kick Sauber F1 Team C44 Racing Building Set,MOC 1:24 Racing Car Brick Kit,Collectible Display Model for Adults Home Decor（314 pcs）",$18.99,$18.99,$0.00,14,-19,14,Ret
May 2 - 4,Crypto.com Miami GPMiami International Autodrome,4,GTR Simulator GTA Compact V2 Foldable Racing Simulator Cockpit Stake F1® Team Kick Sauber Edition,$199.00,$199.00,$0.00,14,-19,14,Ret
May 2 - 4,Crypto.com Miami GPMiami International Autodrome,5,"CaDA C64010W C44 Kick Sauber & Pirelli Official Licensed 1:8 Scale F1 Racing Car Building Blocks Set 2553 Piece Model Car Kit with DRS System, STEM Educational Toy for Adults & Teens [Authorized]",$127.99,$127.99,$0.00,14,-19,14,Ret
May 2 - 4,Crypto.com Miami GPMiami International Autodrome,6,"Stake Cap for Valtteri Bottas F1 Sauber Team, Black, One Size Fits Most",$19.99,$19.99,$0.00,14,-19,14,Ret
May 2 - 4,Crypto.com Miami GPMiami International Autodrome,7,Speedgear Stake F1 Sauber Kick Team Polo Shirt Black,$49.99,$49.99,$0.00,14,-19,14,Ret
May 2 - 4,Crypto.com Miami GPMiami International Autodrome,8,"Hot Wheels McLaren Formula One Team [Black & Orange] F1 1/5, 20/250, 1:64 Scale Diecast Toy Vehicle",$8.66,$8.66,$0.00,14,-19,14,Ret
May 2 - 4,Crypto.com Miami GPMiami International Autodrome,9,Speedgear Stake F1 Sauber Kick Team Polo Shirt Black,$49.99,$49.99,$0.00,14,-19,14,Ret
May 2 - 4,Crypto.com Miami GPMiami International Autodrome,10,Solido 1:18 Model Car - Kick Clean F1 Team C44 Zhou Guanyu Bahrain GP 2024 Formula 1 Racing Car,$49.95,$49.95,$0.00,14,-19,14,Ret
May 2 - 4,Crypto.com Miami GPMiami International Autodrome,11,"F1 Socks for Racing, F1 Merch for Men, Do Not Disturb I'm Watching for Teen Gift, Fathers Day Dad Gifts from Wife Daughter Son, Stocking Stuffers, and Novelty Gifts for Boyfriend Husband",$6.99,$6.99,$0.00,14,-19,14,Ret
May 2 - 4,Crypto.com Miami GPMiami International Autodrome,12,CMC Motorsports Haas Racing F1 Team Logo Hat - Black,$9.99,$9.99,$0.00,14,-19,14,Ret
May 2 - 4,Crypto.com Miami GPMiami International Autodrome,13,GTR Simulator GTA Compact V2 Foldable Racing Simulator Cockpit Stake F1® Team Kick Sauber Edition (Shifter Holder),$58.99,$58.99,$0.00,14,-19,14,Ret
May 2 - 4,Crypto.com Miami GPMiami International Autodrome,14,CMC Motorsports Stake F1 Kick Sauber 2024 Men's Team Rain Jacket,$99.99,$99.99,$0.00,14,-19,14,Ret
May 2 - 4,Crypto.com Miami GPMiami International Autodrome,15,OPO 10 - Miniature car Formula 1 1/43 Compatible with BMW Sauber F1.08 - Robert Kubica - 2008 - F1 FD050,$24.90,$24.90,$0.00,14,-19,14,Ret
May 2 - 4,Crypto.com Miami GPMiami International Autodrome,16,Stake F1 Sauber Kick Team Zip Sweatshirt Black,$59.99,$59.99,$0.00,14,-19,14,Ret
May 2 - 4,Crypto.com Miami GPMiami International Autodrome,17,Bburago 1:43 Race BWT Alpine F1 Team A523 (2023) w/Driver,$9.99,$9.99,$0.00,14,-19,14,Ret
May 2 - 4,Crypto.com Miami GPMiami International Autodrome,18,Speedgear Stake F1 Sauber Kick Team Polo Shirt Black,$49.99,$49.99,$0.00,14,-19,14,Ret
May 2 - 4,Crypto.com Miami GPMiami International Autodrome,19,Red Bull Racing F1 Men's 2024 Team Polo Shirt,$45.26,$45.26,$0.00,14,-19,14,Ret
May 2 - 4,Crypto.com Miami GPMiami International Autodrome,20,Hot Wheels 2024 Formula 1,$28.98,$28.98,$0.00,14,-19,14,Ret
May 16 - 18,AWS Made in Italy Emilia Romagna GPAutodromo Enzo e Dino Ferrari,1,"CaDA C55082W Kick Sauber F1 Team C45 Building Blocks Car,1:24 Scale Official Licensed Formula 1 Race Car Model,348 Pieces for Adults & Teens",$19.29,$19.29,$0.00,30,+16,12,18
May 16 - 18,AWS Made in Italy Emilia Romagna GPAutodromo Enzo e Dino Ferrari,2,"CaDA C64010W Kick Sauber F1 Team C44 Racing Building Set,MOC 1:8 F1 Building Block Car,Formula 1 Championship Super Car Model for Adults (2553pcs)",$149.99,$149.99,$0.00,30,+16,12,18
May 16 - 18,AWS Made in Italy Emilia Romagna GPAutodromo Enzo e Dino Ferrari,3,"CaDA C55032W Kick Sauber F1 Team C44 Racing Building Set,MOC 1:24 Racing Car Brick Kit,Collectible Display Model for Adults Home Decor（314 pcs）",$18.99,$18.99,$0.00,30,+16,12,18
May 16 - 18,AWS Made in Italy Emilia Romagna GPAutodromo Enzo e Dino Ferrari,4,GTR Simulator GTA Compact V2 Foldable Racing Simulator Cockpit Stake F1® Team Kick Sauber Edition,$199.00,$199.00,$0.00,30,+16,12,18
May 16 - 18,AWS Made in Italy Emilia Romagna GPAutodromo Enzo e Dino Ferrari,5,"CaDA C64010W C44 Kick Sauber & Pirelli Official Licensed 1:8 Scale F1 Racing Car Building Blocks Set 2553 Piece Model Car Kit with DRS System, STEM Educational Toy for Adults & Teens [Authorized]",$127.99,$127.99,$0.00,30,+16,12,18
May 16 - 18,AWS Made in Italy Emilia Romagna GPAutodromo Enzo e Dino Ferrari,6,"Stake Cap for Valtteri Bottas F1 Sauber Team, Black, One Size Fits Most",$19.99,$19.99,$0.00,30,+16,12,18
May 16 - 18,AWS Made in Italy Emilia Romagna GPAutodromo Enzo e Dino Ferrari,7,Speedgear Stake F1 Sauber Kick Team Polo Shirt Black,$49.99,$49.99,$0.00,30,+16,12,18
May 16 - 18,AWS Made in Italy Emilia Romagna GPAutodromo Enzo e Dino Ferrari,8,"Hot Wheels McLaren Formula One Team [Black & Orange] F1 1/5, 20/250, 1:64 Scale Diecast Toy Vehicle",$8.66,$8.66,$0.00,30,+16,12,18
May 16 - 18,AWS Made in Italy Emilia Romagna GPAutodromo Enzo e Dino Ferrari,9,Speedgear Stake F1 Sauber Kick Team Polo Shirt Black,$49.99,$49.99,$0.00,30,+16,12,18
May 16 - 18,AWS Made in Italy Emilia Romagna GPAutodromo Enzo e Dino Ferrari,10,Solido 1:18 Model Car - Kick Clean F1 Team C44 Zhou Guanyu Bahrain GP 2024 Formula 1 Racing Car,$49.95,$49.95,$0.00,30,+16,12,18
May 16 - 18,AWS Made in Italy Emilia Romagna GPAutodromo Enzo e Dino Ferrari,11,"F1 Socks for Racing, F1 Merch for Men, Do Not Disturb I'm Watching for Teen Gift, Fathers Day Dad Gifts from Wife Daughter Son, Stocking Stuffers, and Novelty Gifts for Boyfriend Husband",$6.99,$6.99,$0.00,30,+16,12,18
May 16 - 18,AWS Made in Italy Emilia Romagna GPAutodromo Enzo e Dino Ferrari,12,CMC Motorsports Haas Racing F1 Team Logo Hat - Black,$9.99,$9.99,$0.00,30,+16,12,18
May 16 - 18,AWS Made in Italy Emilia Romagna GPAutodromo Enzo e Dino Ferrari,13,GTR Simulator GTA Compact V2 Foldable Racing Simulator Cockpit Stake F1® Team Kick Sauber Edition (Shifter Holder),$58.99,$58.99,$0.00,30,+16,12,18
May 16 - 18,AWS Made in Italy Emilia Romagna GPAutodromo Enzo e Dino Ferrari,14,CMC Motorsports Stake F1 Kick Sauber 2024 Men's Team Rain Jacket,$99.99,$99.99,$0.00,30,+16,12,18
May 16 - 18,AWS Made in Italy Emilia Romagna GPAutodromo Enzo e Dino Ferrari,15,OPO 10 - Miniature car Formula 1 1/43 Compatible with BMW Sauber F1.08 - Robert Kubica - 2008 - F1 FD050,$24.90,$24.90,$0.00,30,+16,12,18
May 16 - 18,AWS Made in Italy Emilia Romagna GPAutodromo Enzo e Dino Ferrari,16,Stake F1 Sauber Kick Team Zip Sweatshirt Black,$59.99,$59.99,$0.00,30,+16,12,18
May 16 - 18,AWS Made in Italy Emilia Romagna GPAutodromo Enzo e Dino Ferrari,17,Bburago 1:43 Race BWT Alpine F1 Team A523 (2023) w/Driver,$9.99,$9.99,$0.00,30,+16,12,18
May 16 - 18,AWS Made in Italy Emilia Romagna GPAutodromo Enzo e Dino Ferrari,18,Speedgear Stake F1 Sauber Kick Team Polo Shirt Black,$49.99,$49.99,$0.00,30,+16,12,18
May 16 - 18,AWS Made in Italy Emilia Romagna GPAutodromo Enzo e Dino Ferrari,19,Red Bull Racing F1 Men's 2024 Team Polo Shirt,$45.26,$45.26,$0.00,30,+16,12,18
May 16 - 18,AWS Made in Italy Emilia Romagna GPAutodromo Enzo e Dino Ferrari,20,Hot Wheels 2024 Formula 1,$28.98,$28.98,$0.00,30,+16,12,18
May 23 - 25,Tag Heuer Monaco GPCircuit de Monaco,1,"CaDA C55082W Kick Sauber F1 Team C45 Building Blocks Car,1:24 Scale Official Licensed Formula 1 Race Car Model,348 Pieces for Adults & Teens",$19.29,$19.29,$0.00,30,0,16,14
May 23 - 25,Tag Heuer Monaco GPCircuit de Monaco,2,"CaDA C64010W Kick Sauber F1 Team C44 Racing Building Set,MOC 1:8 F1 Building Block Car,Formula 1 Championship Super Car Model for Adults (2553pcs)",$149.99,$149.99,$0.00,30,0,16,14
May 23 - 25,Tag Heuer Monaco GPCircuit de Monaco,3,"CaDA C55032W Kick Sauber F1 Team C44 Racing Building Set,MOC 1:24 Racing Car Brick Kit,Collectible Display Model for Adults Home Decor（314 pcs）",$18.99,$18.99,$0.00,30,0,16,14
May 23 - 25,Tag Heuer Monaco GPCircuit de Monaco,4,GTR Simulator GTA Compact V2 Foldable Racing Simulator Cockpit Stake F1® Team Kick Sauber Edition,$199.00,$199.00,$0.00,30,0,16,14
May 23 - 25,Tag Heuer Monaco GPCircuit de Monaco,5,"CaDA C64010W C44 Kick Sauber & Pirelli Official Licensed 1:8 Scale F1 Racing Car Building Blocks Set 2553 Piece Model Car Kit with DRS System, STEM Educational Toy for Adults & Teens [Authorized]",$127.99,$127.99,$0.00,30,0,16,14
May 23 - 25,Tag Heuer Monaco GPCircuit de Monaco,6,"Stake Cap for Valtteri Bottas F1 Sauber Team, Black, One Size Fits Most",$19.99,$19.99,$0.00,30,0,16,14
May 23 - 25,Tag Heuer Monaco GPCircuit de Monaco,7,Speedgear Stake F1 Sauber Kick Team Polo Shirt Black,$49.99,$49.99,$0.00,30,0,16,14
May 23 - 25,Tag Heuer Monaco GPCircuit de Monaco,8,"Hot Wheels McLaren Formula One Team [Black & Orange] F1 1/5, 20/250, 1:64 Scale Diecast Toy Vehicle",$8.66,$8.66,$0.00,30,0,16,14
May 23 - 25,Tag Heuer Monaco GPCircuit de Monaco,9,Speedgear Stake F1 Sauber Kick Team Polo Shirt Black,$49.99,$49.99,$0.00,30,0,16,14
May 23 - 25,Tag Heuer Monaco GPCircuit de Monaco,10,Solido 1:18 Model Car - Kick Clean F1 Team C44 Zhou Guanyu Bahrain GP 2024 Formula 1 Racing Car,$49.95,$49.95,$0.00,30,0,16,14
May 23 - 25,Tag Heuer Monaco GPCircuit de Monaco,11,"F1 Socks for Racing, F1 Merch for Men, Do Not Disturb I'm Watching for Teen Gift, Fathers Day Dad Gifts from Wife Daughter Son, Stocking Stuffers, and Novelty Gifts for Boyfriend Husband",$6.99,$6.99,$0.00,30,0,16,14
May 23 - 25,Tag Heuer Monaco GPCircuit de Monaco,12,CMC Motorsports Haas Racing F1 Team Logo Hat - Black,$9.99,$9.99,$0.00,30,0,16,14
May 23 - 25,Tag Heuer Monaco GPCircuit de Monaco,13,GTR Simulator GTA Compact V2 Foldable Racing Simulator Cockpit Stake F1® Team Kick Sauber Edition (Shifter Holder),$58.99,$58.99,$0.00,30,0,16,14
May 23 - 25,Tag Heuer Monaco GPCircuit de Monaco,14,CMC Motorsports Stake F1 Kick Sauber 2024 Men's Team Rain Jacket,$99.99,$99.99,$0.00,30,0,16,14
May 23 - 25,Tag Heuer Monaco GPCircuit de Monaco,15,OPO 10 - Miniature car Formula 1 1/43 Compatible with BMW Sauber F1.08 - Robert Kubica - 2008 - F1 FD050,$24.90,$24.90,$0.00,30,0,16,14
May 23 - 25,Tag Heuer Monaco GPCircuit de Monaco,16,Stake F1 Sauber Kick Team Zip Sweatshirt Black,$59.99,$59.99,$0.00,30,0,16,14
May 23 - 25,Tag Heuer Monaco GPCircuit de Monaco,17,Bburago 1:43 Race BWT Alpine F1 Team A523 (2023) w/Driver,$9.99,$9.99,$0.00,30,0,16,14
May 23 - 25,Tag Heuer Monaco GPCircuit de Monaco,18,Speedgear Stake F1 Sauber Kick Team Polo Shirt Black,$49.99,$49.99,$0.00,30,0,16,14
May 23 - 25,Tag Heuer Monaco GPCircuit de Monaco,19,Red Bull Racing F1 Men's 2024 Team Polo Shirt,$45.26,$45.26,$0.00,30,0,16,14
May 23 - 25,Tag Heuer Monaco GPCircuit de Monaco,20,Hot Wheels 2024 Formula 1,$28.98,$28.98,$0.00,30,0,16,14
May 30 - Jun 1,Aramco Spanish GPMadring,1,"CaDA C55082W Kick Sauber F1 Team C45 Building Blocks Car,1:24 Scale Official Licensed Formula 1 Race Car Model,348 Pieces for Adults & Teens",$19.29,$19.29,$0.00,17,-13,5,12
May 30 - Jun 1,Aramco Spanish GPMadring,2,"CaDA C64010W Kick Sauber F1 Team C44 Racing Building Set,MOC 1:8 F1 Building Block Car,Formula 1 Championship Super Car Model for Adults (2553pcs)",$149.99,$149.99,$0.00,17,-13,5,12
May 30 - Jun 1,Aramco Spanish GPMadring,3,"CaDA C55032W Kick Sauber F1 Team C44 Racing Building Set,MOC 1:24 Racing Car Brick Kit,Collectible Display Model for Adults Home Decor（314 pcs）",$18.99,$18.99,$0.00,17,-13,5,12
May 30 - Jun 1,Aramco Spanish GPMadring,4,GTR Simulator GTA Compact V2 Foldable Racing Simulator Cockpit Stake F1® Team Kick Sauber Edition,$199.00,$199.00,$0.00,17,-13,5,12
May 30 - Jun 1,Aramco Spanish GPMadring,5,"CaDA C64010W C44 Kick Sauber & Pirelli Official Licensed 1:8 Scale F1 Racing Car Building Blocks Set 2553 Piece Model Car Kit with DRS System, STEM Educational Toy for Adults & Teens [Authorized]",$127.99,$127.99,$0.00,17,-13,5,12
May 30 - Jun 1,Aramco Spanish GPMadring,6,"Stake Cap for Valtteri Bottas F1 Sauber Team, Black, One Size Fits Most",$19.99,$19.99,$0.00,17,-13,5,12
May 30 - Jun 1,Aramco Spanish GPMadring,7,Speedgear Stake F1 Sauber Kick Team Polo Shirt Black,$49.99,$49.99,$0.00,17,-13,5,12
May 30 - Jun 1,Aramco Spanish GPMadring,8,"Hot Wheels McLaren Formula One Team [Black & Orange] F1 1/5, 20/250, 1:64 Scale Diecast Toy Vehicle",$8.66,$8.66,$0.00,17,-13,5,12
May 30 - Jun 1,Aramco Spanish GPMadring,9,Speedgear Stake F1 Sauber Kick Team Polo Shirt Black,$49.99,$49.99,$0.00,17,-13,5,12
May 30 - Jun 1,Aramco Spanish GPMadring,10,Solido 1:18 Model Car - Kick Clean F1 Team C44 Zhou Guanyu Bahrain GP 2024 Formula 1 Racing Car,$49.95,$49.95,$0.00,17,-13,5,12
May 30 - Jun 1,Aramco Spanish GPMadring,11,"F1 Socks for Racing, F1 Merch for Men, Do Not Disturb I'm Watching for Teen Gift, Fathers Day Dad Gifts from Wife Daughter Son, Stocking Stuffers, and Novelty Gifts for Boyfriend Husband",$6.99,$6.99,$0.00,17,-13,5,12
May 30 - Jun 1,Aramco Spanish GPMadring,12,CMC Motorsports Haas Racing F1 Team Logo Hat - Black,$9.99,$9.99,$0.00,17,-13,5,12
May 30 - Jun 1,Aramco Spanish GPMadring,13,GTR Simulator GTA Compact V2 Foldable Racing Simulator Cockpit Stake F1® Team Kick Sauber Edition (Shifter Holder),$58.99,$58.99,$0.00,17,-13,5,12
May 30 - Jun 1,Aramco Spanish GPMadring,14,CMC Motorsports Stake F1 Kick Sauber 2024 Men's Team Rain Jacket,$99.99,$99.99,$0.00,17,-13,5,12
May 30 - Jun 1,Aramco Spanish GPMadring,15,OPO 10 - Miniature car Formula 1 1/43 Compatible with BMW Sauber F1.08 - Robert Kubica - 2008 - F1 FD050,$24.90,$24.90,$0.00,17,-13,5,12
May 30 - Jun 1,Aramco Spanish GPMadring,16,Stake F1 Sauber Kick Team Zip Sweatshirt Black,$59.99,$59.99,$0.00,17,-13,5,12
May 30 - Jun 1,Aramco Spanish GPMadring,17,Bburago 1:43 Race BWT Alpine F1 Team A523 (2023) w/Driver,$9.99,$9.99,$0.00,17,-13,5,12
May 30 - Jun 1,Aramco Spanish GPMadring,18,Speedgear Stake F1 Sauber Kick Team Polo Shirt Black,$49.99,$49.99,$0.00,17,-13,5,12
May 30 - Jun 1,Aramco Spanish GPMadring,19,Red Bull Racing F1 Men's 2024 Team Polo Shirt,$45.26,$45.26,$0.00,17,-13,5,12
May 30 - Jun 1,Aramco Spanish GPMadring,20,Hot Wheels 2024 Formula 1,$28.98,$28.98,$0.00,17,-13,5,12
Jun 13 - 15,Pirelli Canadian GPCircuit Gilles-Villeneuve,1,"CaDA C55082W Kick Sauber F1 Team C45 Building Blocks Car,1:24 Scale Official Licensed Formula 1 Race Car Model,348 Pieces for Adults & Teens",$19.29,$19.29,$0.00,22,+5,8,14
Jun 13 - 15,Pirelli Canadian GPCircuit Gilles-Villeneuve,2,"CaDA C64010W Kick Sauber F1 Team C44 Racing Building Set,MOC 1:8 F1 Building Block Car,Formula 1 Championship Super Car Model for Adults (2553pcs)",$149.99,$149.99,$0.00,22,+5,8,14
Jun 13 - 15,Pirelli Canadian GPCircuit Gilles-Villeneuve,3,"CaDA C55032W Kick Sauber F1 Team C44 Racing Building Set,MOC 1:24 Racing Car Brick Kit,Collectible Display Model for Adults Home Decor（314 pcs）",$18.99,$18.99,$0.00,22,+5,8,14
Jun 13 - 15,Pirelli Canadian GPCircuit Gilles-Villeneuve,4,GTR Simulator GTA Compact V2 Foldable Racing Simulator Cockpit Stake F1® Team Kick Sauber Edition,$199.00,$199.00,$0.00,22,+5,8,14
Jun 13 - 15,Pirelli Canadian GPCircuit Gilles-Villeneuve,5,"CaDA C64010W C44 Kick Sauber & Pirelli Official Licensed 1:8 Scale F1 Racing Car Building Blocks Set 2553 Piece Model Car Kit with DRS System, STEM Educational Toy for Adults & Teens [Authorized]",$127.99,$127.99,$0.00,22,+5,8,14
Jun 13 - 15,Pirelli Canadian GPCircuit Gilles-Villeneuve,6,"Stake Cap for Valtteri Bottas F1 Sauber Team, Black, One Size Fits Most",$19.99,$19.99,$0.00,22,+5,8,14
Jun 13 - 15,Pirelli Canadian GPCircuit Gilles-Villeneuve,7,Speedgear Stake F1 Sauber Kick Team Polo Shirt Black,$49.99,$49.99,$0.00,22,+5,8,14
Jun 13 - 15,Pirelli Canadian GPCircuit Gilles-Villeneuve,8,"Hot Wheels McLaren Formula One Team [Black & Orange] F1 1/5, 20/250, 1:64 Scale Diecast Toy Vehicle",$8.66,$8.66,$0.00,22,+5,8,14
Jun 13 - 15,Pirelli Canadian GPCircuit Gilles-Villeneuve,9,Speedgear Stake F1 Sauber Kick Team Polo Shirt Black,$49.99,$49.99,$0.00,22,+5,8,14
Jun 13 - 15,Pirelli Canadian GPCircuit Gilles-Villeneuve,10,Solido 1:18 Model Car - Kick Clean F1 Team C44 Zhou Guanyu Bahrain GP 2024 Formula 1 Racing Car,$49.95,$49.95,$0.00,22,+5,8,14
Jun 13 - 15,Pirelli Canadian GPCircuit Gilles-Villeneuve,11,"F1 Socks for Racing, F1 Merch for Men, Do Not Disturb I'm Watching for Teen Gift, Fathers Day Dad Gifts from Wife Daughter Son, Stocking Stuffers, and Novelty Gifts for Boyfriend Husband",$6.99,$6.99,$0.00,22,+5,8,14
Jun 13 - 15,Pirelli Canadian GPCircuit Gilles-Villeneuve,12,CMC Motorsports Haas Racing F1 Team Logo Hat - Black,$9.99,$9.99,$0.00,22,+5,8,14
Jun 13 - 15,Pirelli Canadian GPCircuit Gilles-Villeneuve,13,GTR Simulator GTA Compact V2 Foldable Racing Simulator Cockpit Stake F1® Team Kick Sauber Edition (Shifter Holder),$58.99,$58.99,$0.00,22,+5,8,14
Jun 13 - 15,Pirelli Canadian GPCircuit Gilles-Villeneuve,14,CMC Motorsports Stake F1 Kick Sauber 2024 Men's Team Rain Jacket,$99.99,$99.99,$0.00,22,+5,8,14
Jun 13 - 15,Pirelli Canadian GPCircuit Gilles-Villeneuve,15,OPO 10 - Miniature car Formula 1 1/43 Compatible with BMW Sauber F1.08 - Robert Kubica - 2008 - F1 FD050,$24.90,$24.90,$0.00,22,+5,8,14
Jun 13 - 15,Pirelli Canadian GPCircuit Gilles-Villeneuve,16,Stake F1 Sauber Kick Team Zip Sweatshirt Black,$59.99,$59.99,$0.00,22,+5,8,14
Jun 13 - 15,Pirelli Canadian GPCircuit Gilles-Villeneuve,17,Bburago 1:43 Race BWT Alpine F1 Team A523 (2023) w/Driver,$9.99,$9.99,$0.00,22,+5,8,14
Jun 13 - 15,Pirelli Canadian GPCircuit Gilles-Villeneuve,18,Speedgear Stake F1 Sauber Kick Team Polo Shirt Black,$49.99,$49.99,$0.00,22,+5,8,14
Jun 13 - 15,Pirelli Canadian GPCircuit Gilles-Villeneuve,19,Red Bull Racing F1 Men's 2024 Team Polo Shirt,$45.26,$45.26,$0.00,22,+5,8,14
Jun 13 - 15,Pirelli Canadian GPCircuit Gilles-Villeneuve,20,Hot Wheels 2024 Formula 1,$28.98,$28.98,$0.00,22,+5,8,14
Jun 27 - 29,MSC Cruises Austrian GPRed Bull Ring,1,"CaDA C55082W Kick Sauber F1 Team C45 Building Blocks Car,1:24 Scale Official Licensed Formula 1 Race Car Model,348 Pieces for Adults & Teens",$19.29,$19.29,$0.00,17,-5,9,8
Jun 27 - 29,MSC Cruises Austrian GPRed Bull Ring,2,"CaDA C64010W Kick Sauber F1 Team C44 Racing Building Set,MOC 1:8 F1 Building Block Car,Formula 1 Championship Super Car Model for Adults (2553pcs)",$149.99,$149.99,$0.00,17,-5,9,8
Jun 27 - 29,MSC Cruises Austrian GPRed Bull Ring,3,"CaDA C55032W Kick Sauber F1 Team C44 Racing Building Set,MOC 1:24 Racing Car Brick Kit,Collectible Display Model for Adults Home Decor（314 pcs）",$18.99,$18.99,$0.00,17,-5,9,8
Jun 27 - 29,MSC Cruises Austrian GPRed Bull Ring,4,GTR Simulator GTA Compact V2 Foldable Racing Simulator Cockpit Stake F1® Team Kick Sauber Edition,$199.00,$199.00,$0.00,17,-5,9,8
Jun 27 - 29,MSC Cruises Austrian GPRed Bull Ring,5,"CaDA C64010W C44 Kick Sauber & Pirelli Official Licensed 1:8 Scale F1 Racing Car Building Blocks Set 2553 Piece Model Car Kit with DRS System, STEM Educational Toy for Adults & Teens [Authorized]",$127.99,$127.99,$0.00,17,-5,9,8
Jun 27 - 29,MSC Cruises Austrian GPRed Bull Ring,6,"Stake Cap for Valtteri Bottas F1 Sauber Team, Black, One Size Fits Most",$19.99,$19.99,$0.00,17,-5,9,8
Jun 27 - 29,MSC Cruises Austrian GPRed Bull Ring,7,Speedgear Stake F1 Sauber Kick Team Polo Shirt Black,$49.99,$49.99,$0.00,17,-5,9,8
Jun 27 - 29,MSC Cruises Austrian GPRed Bull Ring,8,"Hot Wheels McLaren Formula One Team [Black & Orange] F1 1/5, 20/250, 1:64 Scale Diecast Toy Vehicle",$8.66,$8.66,$0.00,17,-5,9,8
Jun 27 - 29,MSC Cruises Austrian GPRed Bull Ring,9,Speedgear Stake F1 Sauber Kick Team Polo Shirt Black,$49.99,$49.99,$0.00,17,-5,9,8
Jun 27 - 29,MSC Cruises Austrian GPRed Bull Ring,10,Solido 1:18 Model Car - Kick Clean F1 Team C44 Zhou Guanyu Bahrain GP 2024 Formula 1 Racing Car,$49.95,$49.95,$0.00,17,-5,9,8
Jun 27 - 29,MSC Cruises Austrian GPRed Bull Ring,11,"F1 Socks for Racing, F1 Merch for Men, Do Not Disturb I'm Watching for Teen Gift, Fathers Day Dad Gifts from Wife Daughter Son, Stocking Stuffers, and Novelty Gifts for Boyfriend Husband",$6.99,$6.99,$0.00,17,-5,9,8
Jun 27 - 29,MSC Cruises Austrian GPRed Bull Ring,12,CMC Motorsports Haas Racing F1 Team Logo Hat - Black,$9.99,$9.99,$0.00,17,-5,9,8
Jun 27 - 29,MSC Cruises Austrian GPRed Bull Ring,13,GTR Simulator GTA Compact V2 Foldable Racing Simulator Cockpit Stake F1® Team Kick Sauber Edition (Shifter Holder),$58.99,$58.99,$0.00,17,-5,9,8
Jun 27 - 29,MSC Cruises Austrian GPRed Bull Ring,14,CMC Motorsports Stake F1 Kick Sauber 2024 Men's Team Rain Jacket,$99.99,$99.99,$0.00,17,-5,9,8
Jun 27 - 29,MSC Cruises Austrian GPRed Bull Ring,15,OPO 10 - Miniature car Formula 1 1/43 Compatible with BMW Sauber F1.08 - Robert Kubica - 2008 - F1 FD050,$24.90,$24.90,$0.00,17,-5,9,8
Jun 27 - 29,MSC Cruises Austrian GPRed Bull Ring,16,Stake F1 Sauber Kick Team Zip Sweatshirt Black,$59.99,$59.99,$0.00,17,-5,9,8
Jun 27 - 29,MSC Cruises Austrian GPRed Bull Ring,17,Bburago 1:43 Race BWT Alpine F1 Team A523 (2023) w/Driver,$9.99,$9.99,$0.00,17,-5,9,8
Jun 27 - 29,MSC Cruises Austrian GPRed Bull Ring,18,Speedgear Stake F1 Sauber Kick Team Polo Shirt Black,$49.99,$49.99,$0.00,17,-5,9,8
Jun 27 - 29,MSC Cruises Austrian GPRed Bull Ring,19,Red Bull Racing F1 Men's 2024 Team Polo Shirt,$45.26,$45.26,$0.00,17,-5,9,8
Jun 27 - 29,MSC Cruises Austrian GPRed Bull Ring,20,Hot Wheels 2024 Formula 1,$28.98,$28.98,$0.00,17,-5,9,8
Jul 4 - 6,Qatar Airways British GPSilverstone Circuit,1,"CaDA C55082W Kick Sauber F1 Team C45 Building Blocks Car,1:24 Scale Official Licensed Formula 1 Race Car Model,348 Pieces for Adults & Teens",$19.29,$19.29,$0.00,3,-14,3,Ret
Jul 4 - 6,Qatar Airways British GPSilverstone Circuit,2,"CaDA C64010W Kick Sauber F1 Team C44 Racing Building Set,MOC 1:8 F1 Building Block Car,Formula 1 Championship Super Car Model for Adults (2553pcs)",$149.99,$149.99,$0.00,3,-14,3,Ret
Jul 4 - 6,Qatar Airways British GPSilverstone Circuit,3,"CaDA C55032W Kick Sauber F1 Team C44 Racing Building Set,MOC 1:24 Racing Car Brick Kit,Collectible Display Model for Adults Home Decor（314 pcs）",$18.99,$18.99,$0.00,3,-14,3,Ret
Jul 4 - 6,Qatar Airways British GPSilverstone Circuit,4,GTR Simulator GTA Compact V2 Foldable Racing Simulator Cockpit Stake F1® Team Kick Sauber Edition,$199.00,$199.00,$0.00,3,-14,3,Ret
Jul 4 - 6,Qatar Airways British GPSilverstone Circuit,5,"CaDA C64010W C44 Kick Sauber & Pirelli Official Licensed 1:8 Scale F1 Racing Car Building Blocks Set 2553 Piece Model Car Kit with DRS System, STEM Educational Toy for Adults & Teens [Authorized]",$127.99,$127.99,$0.00,3,-14,3,Ret
Jul 4 - 6,Qatar Airways British GPSilverstone Circuit,6,"Stake Cap for Valtteri Bottas F1 Sauber Team, Black, One Size Fits Most",$19.99,$19.99,$0.00,3,-14,3,Ret
Jul 4 - 6,Qatar Airways British GPSilverstone Circuit,7,Speedgear Stake F1 Sauber Kick Team Polo Shirt Black,$49.99,$49.99,$0.00,3,-14,3,Ret
Jul 4 - 6,Qatar Airways British GPSilverstone Circuit,8,"Hot Wheels McLaren Formula One Team [Black & Orange] F1 1/5, 20/250, 1:64 Scale Diecast Toy Vehicle",$8.66,$8.66,$0.00,3,-14,3,Ret
Jul 4 - 6,Qatar Airways British GPSilverstone Circuit,9,Speedgear Stake F1 Sauber Kick Team Polo Shirt Black,$49.99,$49.99,$0.00,3,-14,3,Ret
Jul 4 - 6,Qatar Airways British GPSilverstone Circuit,10,Solido 1:18 Model Car - Kick Clean F1 Team C44 Zhou Guanyu Bahrain GP 2024 Formula 1 Racing Car,$49.95,$49.95,$0.00,3,-14,3,Ret
Jul 4 - 6,Qatar Airways British GPSilverstone Circuit,11,"F1 Socks for Racing, F1 Merch for Men, Do Not Disturb I'm Watching for Teen Gift, Fathers Day Dad Gifts from Wife Daughter Son, Stocking Stuffers, and Novelty Gifts for Boyfriend Husband",$6.99,$6.99,$0.00,3,-14,3,Ret
Jul 4 - 6,Qatar Airways British GPSilverstone Circuit,12,CMC Motorsports Haas Racing F1 Team Logo Hat - Black,$9.99,$9.99,$0.00,3,-14,3,Ret
Jul 4 - 6,Qatar Airways British GPSilverstone Circuit,13,GTR Simulator GTA Compact V2 Foldable Racing Simulator Cockpit Stake F1® Team Kick Sauber Edition (Shifter Holder),$58.99,$58.99,$0.00,3,-14,3,Ret
Jul 4 - 6,Qatar Airways British GPSilverstone Circuit,14,CMC Motorsports Stake F1 Kick Sauber 2024 Men's Team Rain Jacket,$99.99,$99.99,$0.00,3,-14,3,Ret
Jul 4 - 6,Qatar Airways British GPSilverstone Circuit,15,OPO 10 - Miniature car Formula 1 1/43 Compatible with BMW Sauber F1.08 - Robert Kubica - 2008 - F1 FD050,$24.90,$24.90,$0.00,3,-14,3,Ret
Jul 4 - 6,Qatar Airways British GPSilverstone Circuit,16,Stake F1 Sauber Kick Team Zip Sweatshirt Black,$59.99,$59.99,$0.00,3,-14,3,Ret
Jul 4 - 6,Qatar Airways British GPSilverstone Circuit,17,Bburago 1:43 Race BWT Alpine F1 Team A523 (2023) w/Driver,$9.99,$9.99,$0.00,3,-14,3,Ret
Jul 4 - 6,Qatar Airways British GPSilverstone Circuit,18,Speedgear Stake F1 Sauber Kick Team Polo Shirt Black,$49.99,$49.99,$0.00,3,-14,3,Ret
Jul 4 - 6,Qatar Airways British GPSilverstone Circuit,19,Red Bull Racing F1 Men's 2024 Team Polo Shirt,$45.26,$45.26,$0.00,3,-14,3,Ret
Jul 4 - 6,Qatar Airways British GPSilverstone Circuit,20,Hot Wheels 2024 Formula 1,$28.98,$28.98,$0.00,3,-14,3,Ret
Jul 25 - 27,Moët & Chandon Belgian GPCircuit de Spa-Francorchamps,1,"CaDA C55082W Kick Sauber F1 Team C45 Building Blocks Car,1:24 Scale Official Licensed Formula 1 Race Car Model,348 Pieces for Adults & Teens",$19.29,$19.29,$0.00,21,+18,12,9
Jul 25 - 27,Moët & Chandon Belgian GPCircuit de Spa-Francorchamps,2,"CaDA C64010W Kick Sauber F1 Team C44 Racing Building Set,MOC 1:8 F1 Building Block Car,Formula 1 Championship Super Car Model for Adults (2553pcs)",$149.99,$149.99,$0.00,21,+18,12,9
Jul 25 - 27,Moët & Chandon Belgian GPCircuit de Spa-Francorchamps,3,"CaDA C55032W Kick Sauber F1 Team C44 Racing Building Set,MOC 1:24 Racing Car Brick Kit,Collectible Display Model for Adults Home Decor（314 pcs）",$18.99,$18.99,$0.00,21,+18,12,9
Jul 25 - 27,Moët & Chandon Belgian GPCircuit de Spa-Francorchamps,4,GTR Simulator GTA Compact V2 Foldable Racing Simulator Cockpit Stake F1® Team Kick Sauber Edition,$199.00,$199.00,$0.00,21,+18,12,9
Jul 25 - 27,Moët & Chandon Belgian GPCircuit de Spa-Francorchamps,5,"CaDA C64010W C44 Kick Sauber & Pirelli Official Licensed 1:8 Scale F1 Racing Car Building Blocks Set 2553 Piece Model Car Kit with DRS System, STEM Educational Toy for Adults & Teens [Authorized]",$127.99,$127.99,$0.00,21,+18,12,9
Jul 25 - 27,Moët & Chandon Belgian GPCircuit de Spa-Francorchamps,6,"Stake Cap for Valtteri Bottas F1 Sauber Team, Black, One Size Fits Most",$19.99,$19.99,$0.00,21,+18,12,9
Jul 25 - 27,Moët & Chandon Belgian GPCircuit de Spa-Francorchamps,7,Speedgear Stake F1 Sauber Kick Team Polo Shirt Black,$49.99,$49.99,$0.00,21,+18,12,9
Jul 25 - 27,Moët & Chandon Belgian GPCircuit de Spa-Francorchamps,8,"Hot Wheels McLaren Formula One Team [Black & Orange] F1 1/5, 20/250, 1:64 Scale Diecast Toy Vehicle",$8.66,$8.66,$0.00,21,+18,12,9
Jul 25 - 27,Moët & Chandon Belgian GPCircuit de Spa-Francorchamps,9,Speedgear Stake F1 Sauber Kick Team Polo Shirt Black,$49.99,$49.99,$0.00,21,+18,12,9
Jul 25 - 27,Moët & Chandon Belgian GPCircuit de Spa-Francorchamps,10,Solido 1:18 Model Car - Kick Clean F1 Team C44 Zhou Guanyu Bahrain GP 2024 Formula 1 Racing Car,$49.95,$49.95,$0.00,21,+18,12,9
Jul 25 - 27,Moët & Chandon Belgian GPCircuit de Spa-Francorchamps,11,"F1 Socks for Racing, F1 Merch for Men, Do Not Disturb I'm Watching for Teen Gift, Fathers Day Dad Gifts from Wife Daughter Son, Stocking Stuffers, and Novelty Gifts for Boyfriend Husband",$6.99,$6.99,$0.00,21,+18,12,9
Jul 25 - 27,Moët & Chandon Belgian GPCircuit de Spa-Francorchamps,12,CMC Motorsports Haas Racing F1 Team Logo Hat - Black,$9.99,$9.99,$0.00,21,+18,12,9
Jul 25 - 27,Moët & Chandon Belgian GPCircuit de Spa-Francorchamps,13,GTR Simulator GTA Compact V2 Foldable Racing Simulator Cockpit Stake F1® Team Kick Sauber Edition (Shifter Holder),$58.99,$58.99,$0.00,21,+18,12,9
Jul 25 - 27,Moët & Chandon Belgian GPCircuit de Spa-Francorchamps,14,CMC Motorsports Stake F1 Kick Sauber 2024 Men's Team Rain Jacket,$99.99,$99.99,$0.00,21,+18,12,9
Jul 25 - 27,Moët & Chandon Belgian GPCircuit de Spa-Francorchamps,15,OPO 10 - Miniature car Formula 1 1/43 Compatible with BMW Sauber F1.08 - Robert Kubica - 2008 - F1 FD050,$24.90,$24.90,$0.00,21,+18,12,9
Jul 25 - 27,Moët & Chandon Belgian GPCircuit de Spa-Francorchamps,16,Stake F1 Sauber Kick Team Zip Sweatshirt Black,$59.99,$59.99,$0.00,21,+18,12,9
Jul 25 - 27,Moët & Chandon Belgian GPCircuit de Spa-Francorchamps,17,Bburago 1:43 Race BWT Alpine F1 Team A523 (2023) w/Driver,$9.99,$9.99,$0.00,21,+18,12,9
Jul 25 - 27,Moët & Chandon Belgian GPCircuit de Spa-Francorchamps,18,Speedgear Stake F1 Sauber Kick Team Polo Shirt Black,$49.99,$49.99,$0.00,21,+18,12,9
Jul 25 - 27,Moët & Chandon Belgian GPCircuit de Spa-Francorchamps,19,Red Bull Racing F1 Men's 2024 Team Polo Shirt,$45.26,$45.26,$0.00,21,+18,12,9
Jul 25 - 27,Moët & Chandon Belgian GPCircuit de Spa-Francorchamps,20,Hot Wheels 2024 Formula 1,$28.98,$28.98,$0.00,21,+18,12,9
Aug 1 - 3,Lenovo Hungarian GPHungaroring,1,"CaDA C55082W Kick Sauber F1 Team C45 Building Blocks Car,1:24 Scale Official Licensed Formula 1 Race Car Model,348 Pieces for Adults & Teens",$19.29,$19.29,$0.00,19,-2,13,6
Aug 1 - 3,Lenovo Hungarian GPHungaroring,2,"CaDA C64010W Kick Sauber F1 Team C44 Racing Building Set,MOC 1:8 F1 Building Block Car,Formula 1 Championship Super Car Model for Adults (2553pcs)",$149.99,$149.99,$0.00,19,-2,13,6
Aug 1 - 3,Lenovo Hungarian GPHungaroring,3,"CaDA C55032W Kick Sauber F1 Team C44 Racing Building Set,MOC 1:24 Racing Car Brick Kit,Collectible Display Model for Adults Home Decor（314 pcs）",$18.99,$18.99,$0.00,19,-2,13,6
Aug 1 - 3,Lenovo Hungarian GPHungaroring,4,GTR Simulator GTA Compact V2 Foldable Racing Simulator Cockpit Stake F1® Team Kick Sauber Edition,$199.00,$199.00,$0.00,19,-2,13,6
Aug 1 - 3,Lenovo Hungarian GPHungaroring,5,"CaDA C64010W C44 Kick Sauber & Pirelli Official Licensed 1:8 Scale F1 Racing Car Building Blocks Set 2553 Piece Model Car Kit with DRS System, STEM Educational Toy for Adults & Teens [Authorized]",$127.99,$127.99,$0.00,19,-2,13,6
Aug 1 - 3,Lenovo Hungarian GPHungaroring,6,"Stake Cap for Valtteri Bottas F1 Sauber Team, Black, One Size Fits Most",$19.99,$19.99,$0.00,19,-2,13,6
Aug 1 - 3,Lenovo Hungarian GPHungaroring,7,Speedgear Stake F1 Sauber Kick Team Polo Shirt Black,$49.99,$49.99,$0.00,19,-2,13,6
Aug 1 - 3,Lenovo Hungarian GPHungaroring,8,"Hot Wheels McLaren Formula One Team [Black & Orange] F1 1/5, 20/250, 1:64 Scale Diecast Toy Vehicle",$8.66,$8.66,$0.00,19,-2,13,6
Aug 1 - 3,Lenovo Hungarian GPHungaroring,9,Speedgear Stake F1 Sauber Kick Team Polo Shirt Black,$49.99,$49.99,$0.00,19,-2,13,6
Aug 1 - 3,Lenovo Hungarian GPHungaroring,10,Solido 1:18 Model Car - Kick Clean F1 Team C44 Zhou Guanyu Bahrain GP 2024 Formula 1 Racing Car,$49.95,$49.95,$0.00,19,-2,13,6
Aug 1 - 3,Lenovo Hungarian GPHungaroring,11,"F1 Socks for Racing, F1 Merch for Men, Do Not Disturb I'm Watching for Teen Gift, Fathers Day Dad Gifts from Wife Daughter Son, Stocking Stuffers, and Novelty Gifts for Boyfriend Husband",$6.99,$6.99,$0.00,19,-2,13,6
Aug 1 - 3,Lenovo Hungarian GPHungaroring,12,CMC Motorsports Haas Racing F1 Team Logo Hat - Black,$9.99,$9.99,$0.00,19,-2,13,6
Aug 1 - 3,Lenovo Hungarian GPHungaroring,13,GTR Simulator GTA Compact V2 Foldable Racing Simulator Cockpit Stake F1® Team Kick Sauber Edition (Shifter Holder),$58.99,$58.99,$0.00,19,-2,13,6
Aug 1 - 3,Lenovo Hungarian GPHungaroring,14,CMC Motorsports Stake F1 Kick Sauber 2024 Men's Team Rain Jacket,$99.99,$99.99,$0.00,19,-2,13,6
Aug 1 - 3,Lenovo Hungarian GPHungaroring,15,OPO 10 - Miniature car Formula 1 1/43 Compatible with BMW Sauber F1.08 - Robert Kubica - 2008 - F1 FD050,$24.90,$24.90,$0.00,19,-2,13,6
Aug 1 - 3,Lenovo Hungarian GPHungaroring,16,Stake F1 Sauber Kick Team Zip Sweatshirt Black,$59.99,$59.99,$0.00,19,-2,13,6
Aug 1 - 3,Lenovo Hungarian GPHungaroring,17,Bburago 1:43 Race BWT Alpine F1 Team A523 (2023) w/Driver,$9.99,$9.99,$0.00,19,-2,13,6
Aug 1 - 3,Lenovo Hungarian GPHungaroring,18,Speedgear Stake F1 Sauber Kick Team Polo Shirt Black,$49.99,$49.99,$0.00,19,-2,13,6
Aug 1 - 3,Lenovo Hungarian GPHungaroring,19,Red Bull Racing F1 Men's 2024 Team Polo Shirt,$45.26,$45.26,$0.00,19,-2,13,6
Aug 1 - 3,Lenovo Hungarian GPHungaroring,20,Hot Wheels 2024 Formula 1,$28.98,$28.98,$0.00,19,-2,13,6
Aug 29 - 31,Heineken Dutch GPCircuit Park Zandvoort,1,"CaDA C55082W Kick Sauber F1 Team C45 Building Blocks Car,1:24 Scale Official Licensed Formula 1 Race Car Model,348 Pieces for Adults & Teens",$19.29,$19.29,$0.00,29,+10,14,15
Aug 29 - 31,Heineken Dutch GPCircuit Park Zandvoort,2,"CaDA C64010W Kick Sauber F1 Team C44 Racing Building Set,MOC 1:8 F1 Building Block Car,Formula 1 Championship Super Car Model for Adults (2553pcs)",$149.99,$149.99,$0.00,29,+10,14,15
Aug 29 - 31,Heineken Dutch GPCircuit Park Zandvoort,3,"CaDA C55032W Kick Sauber F1 Team C44 Racing Building Set,MOC 1:24 Racing Car Brick Kit,Collectible Display Model for Adults Home Decor（314 pcs）",$18.99,$18.99,$0.00,29,+10,14,15
Aug 29 - 31,Heineken Dutch GPCircuit Park Zandvoort,4,GTR Simulator GTA Compact V2 Foldable Racing Simulator Cockpit Stake F1® Team Kick Sauber Edition,$199.00,$199.00,$0.00,29,+10,14,15
Aug 29 - 31,Heineken Dutch GPCircuit Park Zandvoort,5,"CaDA C64010W C44 Kick Sauber & Pirelli Official Licensed 1:8 Scale F1 Racing Car Building Blocks Set 2553 Piece Model Car Kit with DRS System, STEM Educational Toy for Adults & Teens [Authorized]",$127.99,$127.99,$0.00,29,+10,14,15
Aug 29 - 31,Heineken Dutch GPCircuit Park Zandvoort,6,"Stake Cap for Valtteri Bottas F1 Sauber Team, Black, One Size Fits Most",$19.99,$19.99,$0.00,29,+10,14,15
Aug 29 - 31,Heineken Dutch GPCircuit Park Zandvoort,7,Speedgear Stake F1 Sauber Kick Team Polo Shirt Black,$49.99,$49.99,$0.00,29,+10,14,15
Aug 29 - 31,Heineken Dutch GPCircuit Park Zandvoort,8,"Hot Wheels McLaren Formula One Team [Black & Orange] F1 1/5, 20/250, 1:64 Scale Diecast Toy Vehicle",$8.66,$8.66,$0.00,29,+10,14,15
Aug 29 - 31,Heineken Dutch GPCircuit Park Zandvoort,9,Speedgear Stake F1 Sauber Kick Team Polo Shirt Black,$49.99,$49.99,$0.00,29,+10,14,15
Aug 29 - 31,Heineken Dutch GPCircuit Park Zandvoort,10,Solido 1:18 Model Car - Kick Clean F1 Team C44 Zhou Guanyu Bahrain GP 2024 Formula 1 Racing Car,$49.95,$49.95,$0.00,29,+10,14,15
Aug 29 - 31,Heineken Dutch GPCircuit Park Zandvoort,11,"F1 Socks for Racing, F1 Merch for Men, Do Not Disturb I'm Watching for Teen Gift, Fathers Day Dad Gifts from Wife Daughter Son, Stocking Stuffers, and Novelty Gifts for Boyfriend Husband",$6.99,$6.99,$0.00,29,+10,14,15
Aug 29 - 31,Heineken Dutch GPCircuit Park Zandvoort,12,CMC Motorsports Haas Racing F1 Team Logo Hat - Black,$9.99,$9.99,$0.00,29,+10,14,15
Aug 29 - 31,Heineken Dutch GPCircuit Park Zandvoort,13,GTR Simulator GTA Compact V2 Foldable Racing Simulator Cockpit Stake F1® Team Kick Sauber Edition (Shifter Holder),$58.99,$58.99,$0.00,29,+10,14,15
Aug 29 - 31,Heineken Dutch GPCircuit Park Zandvoort,14,CMC Motorsports Stake F1 Kick Sauber 2024 Men's Team Rain Jacket,$99.99,$99.99,$0.00,29,+10,14,15
Aug 29 - 31,Heineken Dutch GPCircuit Park Zandvoort,15,OPO 10 - Miniature car Formula 1 1/43 Compatible with BMW Sauber F1.08 - Robert Kubica - 2008 - F1 FD050,$24.90,$24.90,$0.00,29,+10,14,15
Aug 29 - 31,Heineken Dutch GPCircuit Park Zandvoort,16,Stake F1 Sauber Kick Team Zip Sweatshirt Black,$59.99,$59.99,$0.00,29,+10,14,15
Aug 29 - 31,Heineken Dutch GPCircuit Park Zandvoort,17,Bburago 1:43 Race BWT Alpine F1 Team A523 (2023) w/Driver,$9.99,$9.99,$0.00,29,+10,14,15
Aug 29 - 31,Heineken Dutch GPCircuit Park Zandvoort,18,Speedgear Stake F1 Sauber Kick Team Polo Shirt Black,$49.99,$49.99,$0.00,29,+10,14,15
Aug 29 - 31,Heineken Dutch GPCircuit Park Zandvoort,19,Red Bull Racing F1 Men's 2024 Team Polo Shirt,$45.26,$45.26,$0.00,29,+10,14,15
Aug 29 - 31,Heineken Dutch GPCircuit Park Zandvoort,20,Hot Wheels 2024 Formula 1,$28.98,$28.98,$0.00,29,+10,14,15
Sep 5 - 7,Pirelli Italian GPAutodromo Nazionale Monza,1,"CaDA C55082W Kick Sauber F1 Team C45 Building Blocks Car,1:24 Scale Official Licensed Formula 1 Race Car Model,348 Pieces for Adults & Teens",$19.29,$19.29,$0.00,8,-21,Ret,8
Sep 5 - 7,Pirelli Italian GPAutodromo Nazionale Monza,2,"CaDA C64010W Kick Sauber F1 Team C44 Racing Building Set,MOC 1:8 F1 Building Block Car,Formula 1 Championship Super Car Model for Adults (2553pcs)",$149.99,$149.99,$0.00,8,-21,Ret,8
Sep 5 - 7,Pirelli Italian GPAutodromo Nazionale Monza,3,"CaDA C55032W Kick Sauber F1 Team C44 Racing Building Set,MOC 1:24 Racing Car Brick Kit,Collectible Display Model for Adults Home Decor（314 pcs）",$18.99,$18.99,$0.00,8,-21,Ret,8
Sep 5 - 7,Pirelli Italian GPAutodromo Nazionale Monza,4,GTR Simulator GTA Compact V2 Foldable Racing Simulator Cockpit Stake F1® Team Kick Sauber Edition,$199.00,$199.00,$0.00,8,-21,Ret,8
Sep 5 - 7,Pirelli Italian GPAutodromo Nazionale Monza,5,"CaDA C64010W C44 Kick Sauber & Pirelli Official Licensed 1:8 Scale F1 Racing Car Building Blocks Set 2553 Piece Model Car Kit with DRS System, STEM Educational Toy for Adults & Teens [Authorized]",$127.99,$127.99,$0.00,8,-21,Ret,8
Sep 5 - 7,Pirelli Italian GPAutodromo Nazionale Monza,6,"Stake Cap for Valtteri Bottas F1 Sauber Team, Black, One Size Fits Most",$19.99,$19.99,$0.00,8,-21,Ret,8
Sep 5 - 7,Pirelli Italian GPAutodromo Nazionale Monza,7,Speedgear Stake F1 Sauber Kick Team Polo Shirt Black,$49.99,$49.99,$0.00,8,-21,Ret,8
Sep 5 - 7,Pirelli Italian GPAutodromo Nazionale Monza,8,"Hot Wheels McLaren Formula One Team [Black & Orange] F1 1/5, 20/250, 1:64 Scale Diecast Toy Vehicle",$8.66,$8.66,$0.00,8,-21,Ret,8
Sep 5 - 7,Pirelli Italian GPAutodromo Nazionale Monza,9,Speedgear Stake F1 Sauber Kick Team Polo Shirt Black,$49.99,$49.99,$0.00,8,-21,Ret,8
Sep 5 - 7,Pirelli Italian GPAutodromo Nazionale Monza,10,Solido 1:18 Model Car - Kick Clean F1 Team C44 Zhou Guanyu Bahrain GP 2024 Formula 1 Racing Car,$49.95,$49.95,$0.00,8,-21,Ret,8
Sep 5 - 7,Pirelli Italian GPAutodromo Nazionale Monza,11,"F1 Socks for Racing, F1 Merch for Men, Do Not Disturb I'm Watching for Teen Gift, Fathers Day Dad Gifts from Wife Daughter Son, Stocking Stuffers, and Novelty Gifts for Boyfriend Husband",$6.99,$6.99,$0.00,8,-21,Ret,8
Sep 5 - 7,Pirelli Italian GPAutodromo Nazionale Monza,12,CMC Motorsports Haas Racing F1 Team Logo Hat - Black,$9.99,$9.99,$0.00,8,-21,Ret,8
Sep 5 - 7,Pirelli Italian GPAutodromo Nazionale Monza,13,GTR Simulator GTA Compact V2 Foldable Racing Simulator Cockpit Stake F1® Team Kick Sauber Edition (Shifter Holder),$58.99,$58.99,$0.00,8,-21,Ret,8
Sep 5 - 7,Pirelli Italian GPAutodromo Nazionale Monza,14,CMC Motorsports Stake F1 Kick Sauber 2024 Men's Team Rain Jacket,$99.99,$99.99,$0.00,8,-21,Ret,8
Sep 5 - 7,Pirelli Italian GPAutodromo Nazionale Monza,15,OPO 10 - Miniature car Formula 1 1/43 Compatible with BMW Sauber F1.08 - Robert Kubica - 2008 - F1 FD050,$24.90,$24.90,$0.00,8,-21,Ret,8
Sep 5 - 7,Pirelli Italian GPAutodromo Nazionale Monza,16,Stake F1 Sauber Kick Team Zip Sweatshirt Black,$59.99,$59.99,$0.00,8,-21,Ret,8
Sep 5 - 7,Pirelli Italian GPAutodromo Nazionale Monza,17,Bburago 1:43 Race BWT Alpine F1 Team A523 (2023) w/Driver,$9.99,$9.99,$0.00,8,-21,Ret,8
Sep 5 - 7,Pirelli Italian GPAutodromo Nazionale Monza,18,Speedgear Stake F1 Sauber Kick Team Polo Shirt Black,$49.99,$49.99,$0.00,8,-21,Ret,8
Sep 5 - 7,Pirelli Italian GPAutodromo Nazionale Monza,19,Red Bull Racing F1 Men's 2024 Team Polo Shirt,$45.26,$45.26,$0.00,8,-21,Ret,8
Sep 5 - 7,Pirelli Italian GPAutodromo Nazionale Monza,20,Hot Wheels 2024 Formula 1,$28.98,$28.98,$0.00,8,-21,Ret,8
Sep 19 - 21,Qatar Airways Azerbaijan GPBaku City Circuit,1,"CaDA C55082W Kick Sauber F1 Team C45 Building Blocks Car,1:24 Scale Official Licensed Formula 1 Race Car Model,348 Pieces for Adults & Teens",$19.29,$19.29,$0.00,27,+19,16,11
Sep 19 - 21,Qatar Airways Azerbaijan GPBaku City Circuit,2,"CaDA C64010W Kick Sauber F1 Team C44 Racing Building Set,MOC 1:8 F1 Building Block Car,Formula 1 Championship Super Car Model for Adults (2553pcs)",$149.99,$149.99,$0.00,27,+19,16,11
Sep 19 - 21,Qatar Airways Azerbaijan GPBaku City Circuit,3,"CaDA C55032W Kick Sauber F1 Team C44 Racing Building Set,MOC 1:24 Racing Car Brick Kit,Collectible Display Model for Adults Home Decor（314 pcs）",$18.99,$18.99,$0.00,27,+19,16,11
Sep 19 - 21,Qatar Airways Azerbaijan GPBaku City Circuit,4,GTR Simulator GTA Compact V2 Foldable Racing Simulator Cockpit Stake F1® Team Kick Sauber Edition,$199.00,$199.00,$0.00,27,+19,16,11
Sep 19 - 21,Qatar Airways Azerbaijan GPBaku City Circuit,5,"CaDA C64010W C44 Kick Sauber & Pirelli Official Licensed 1:8 Scale F1 Racing Car Building Blocks Set 2553 Piece Model Car Kit with DRS System, STEM Educational Toy for Adults & Teens [Authorized]",$127.99,$127.99,$0.00,27,+19,16,11
Sep 19 - 21,Qatar Airways Azerbaijan GPBaku City Circuit,6,"Stake Cap for Valtteri Bottas F1 Sauber Team, Black, One Size Fits Most",$19.99,$19.99,$0.00,27,+19,16,11
Sep 19 - 21,Qatar Airways Azerbaijan GPBaku City Circuit,7,Speedgear Stake F1 Sauber Kick Team Polo Shirt Black,$49.99,$49.99,$0.00,27,+19,16,11
Sep 19 - 21,Qatar Airways Azerbaijan GPBaku City Circuit,8,"Hot Wheels McLaren Formula One Team [Black & Orange] F1 1/5, 20/250, 1:64 Scale Diecast Toy Vehicle",$8.66,$8.66,$0.00,27,+19,16,11
Sep 19 - 21,Qatar Airways Azerbaijan GPBaku City Circuit,9,Speedgear Stake F1 Sauber Kick Team Polo Shirt Black,$49.99,$49.99,$0.00,27,+19,16,11
Sep 19 - 21,Qatar Airways Azerbaijan GPBaku City Circuit,10,Solido 1:18 Model Car - Kick Clean F1 Team C44 Zhou Guanyu Bahrain GP 2024 Formula 1 Racing Car,$49.95,$49.95,$0.00,27,+19,16,11
Sep 19 - 21,Qatar Airways Azerbaijan GPBaku City Circuit,11,"F1 Socks for Racing, F1 Merch for Men, Do Not Disturb I'm Watching for Teen Gift, Fathers Day Dad Gifts from Wife Daughter Son, Stocking Stuffers, and Novelty Gifts for Boyfriend Husband",$6.99,$6.99,$0.00,27,+19,16,11
Sep 19 - 21,Qatar Airways Azerbaijan GPBaku City Circuit,12,CMC Motorsports Haas Racing F1 Team Logo Hat - Black,$9.99,$9.99,$0.00,27,+19,16,11
Sep 19 - 21,Qatar Airways Azerbaijan GPBaku City Circuit,13,GTR Simulator GTA Compact V2 Foldable Racing Simulator Cockpit Stake F1® Team Kick Sauber Edition (Shifter Holder),$58.99,$58.99,$0.00,27,+19,16,11
Sep 19 - 21,Qatar Airways Azerbaijan GPBaku City Circuit,14,CMC Motorsports Stake F1 Kick Sauber 2024 Men's Team Rain Jacket,$99.99,$99.99,$0.00,27,+19,16,11
Sep 19 - 21,Qatar Airways Azerbaijan GPBaku City Circuit,15,OPO 10 - Miniature car Formula 1 1/43 Compatible with BMW Sauber F1.08 - Robert Kubica - 2008 - F1 FD050,$24.90,$24.90,$0.00,27,+19,16,11
Sep 19 - 21,Qatar Airways Azerbaijan GPBaku City Circuit,16,Stake F1 Sauber Kick Team Zip Sweatshirt Black,$59.99,$59.99,$0.00,27,+19,16,11
Sep 19 - 21,Qatar Airways Azerbaijan GPBaku City Circuit,17,Bburago 1:43 Race BWT Alpine F1 Team A523 (2023) w/Driver,$9.99,$9.99,$0.00,27,+19,16,11
Sep 19 - 21,Qatar Airways Azerbaijan GPBaku City Circuit,18,Speedgear Stake F1 Sauber Kick Team Polo Shirt Black,$49.99,$49.99,$0.00,27,+19,16,11
Sep 19 - 21,Qatar Airways Azerbaijan GPBaku City Circuit,19,Red Bull Racing F1 Men's 2024 Team Polo Shirt,$45.26,$45.26,$0.00,27,+19,16,11
Sep 19 - 21,Qatar Airways Azerbaijan GPBaku City Circuit,20,Hot Wheels 2024 Formula 1,$28.98,$28.98,$0.00,27,+19,16,11
Oct 3 - 5,Singapore Airlines Singapore GPMarina Bay Street Circuit,1,"CaDA C55082W Kick Sauber F1 Team C45 Building Blocks Car,1:24 Scale Official Licensed Formula 1 Race Car Model,348 Pieces for Adults & Teens",$19.29,$19.29,$0.00,37,+10,20,17
Oct 3 - 5,Singapore Airlines Singapore GPMarina Bay Street Circuit,2,"CaDA C64010W Kick Sauber F1 Team C44 Racing Building Set,MOC 1:8 F1 Building Block Car,Formula 1 Championship Super Car Model for Adults (2553pcs)",$149.99,$149.99,$0.00,37,+10,20,17
Oct 3 - 5,Singapore Airlines Singapore GPMarina Bay Street Circuit,3,"CaDA C55032W Kick Sauber F1 Team C44 Racing Building Set,MOC 1:24 Racing Car Brick Kit,Collectible Display Model for Adults Home Decor（314 pcs）",$18.99,$18.99,$0.00,37,+10,20,17
Oct 3 - 5,Singapore Airlines Singapore GPMarina Bay Street Circuit,4,GTR Simulator GTA Compact V2 Foldable Racing Simulator Cockpit Stake F1® Team Kick Sauber Edition,$199.00,$199.00,$0.00,37,+10,20,17
Oct 3 - 5,Singapore Airlines Singapore GPMarina Bay Street Circuit,5,"CaDA C64010W C44 Kick Sauber & Pirelli Official Licensed 1:8 Scale F1 Racing Car Building Blocks Set 2553 Piece Model Car Kit with DRS System, STEM Educational Toy for Adults & Teens [Authorized]",$127.99,$127.99,$0.00,37,+10,20,17
Oct 3 - 5,Singapore Airlines Singapore GPMarina Bay Street Circuit,6,"Stake Cap for Valtteri Bottas F1 Sauber Team, Black, One Size Fits Most",$19.99,$19.99,$0.00,37,+10,20,17
Oct 3 - 5,Singapore Airlines Singapore GPMarina Bay Street Circuit,7,Speedgear Stake F1 Sauber Kick Team Polo Shirt Black,$49.99,$49.99,$0.00,37,+10,20,17
Oct 3 - 5,Singapore Airlines Singapore GPMarina Bay Street Circuit,8,"Hot Wheels McLaren Formula One Team [Black & Orange] F1 1/5, 20/250, 1:64 Scale Diecast Toy Vehicle",$8.66,$8.66,$0.00,37,+10,20,17
Oct 3 - 5,Singapore Airlines Singapore GPMarina Bay Street Circuit,9,Speedgear Stake F1 Sauber Kick Team Polo Shirt Black,$49.99,$49.99,$0.00,37,+10,20,17
Oct 3 - 5,Singapore Airlines Singapore GPMarina Bay Street Circuit,10,Solido 1:18 Model Car - Kick Clean F1 Team C44 Zhou Guanyu Bahrain GP 2024 Formula 1 Racing Car,$49.95,$49.95,$0.00,37,+10,20,17
Oct 3 - 5,Singapore Airlines Singapore GPMarina Bay Street Circuit,11,"F1 Socks for Racing, F1 Merch for Men, Do Not Disturb I'm Watching for Teen Gift, Fathers Day Dad Gifts from Wife Daughter Son, Stocking Stuffers, and Novelty Gifts for Boyfriend Husband",$6.99,$6.99,$0.00,37,+10,20,17
Oct 3 - 5,Singapore Airlines Singapore GPMarina Bay Street Circuit,12,CMC Motorsports Haas Racing F1 Team Logo Hat - Black,$9.99,$9.99,$0.00,37,+10,20,17
Oct 3 - 5,Singapore Airlines Singapore GPMarina Bay Street Circuit,13,GTR Simulator GTA Compact V2 Foldable Racing Simulator Cockpit Stake F1® Team Kick Sauber Edition (Shifter Holder),$58.99,$58.99,$0.00,37,+10,20,17
Oct 3 - 5,Singapore Airlines Singapore GPMarina Bay Street Circuit,14,CMC Motorsports Stake F1 Kick Sauber 2024 Men's Team Rain Jacket,$99.99,$99.99,$0.00,37,+10,20,17
Oct 3 - 5,Singapore Airlines Singapore GPMarina Bay Street Circuit,15,OPO 10 - Miniature car Formula 1 1/43 Compatible with BMW Sauber F1.08 - Robert Kubica - 2008 - F1 FD050,$24.90,$24.90,$0.00,37,+10,20,17
Oct 3 - 5,Singapore Airlines Singapore GPMarina Bay Street Circuit,16,Stake F1 Sauber Kick Team Zip Sweatshirt Black,$59.99,$59.99,$0.00,37,+10,20,17
Oct 3 - 5,Singapore Airlines Singapore GPMarina Bay Street Circuit,17,Bburago 1:43 Race BWT Alpine F1 Team A523 (2023) w/Driver,$9.99,$9.99,$0.00,37,+10,20,17
Oct 3 - 5,Singapore Airlines Singapore GPMarina Bay Street Circuit,18,Speedgear Stake F1 Sauber Kick Team Polo Shirt Black,$49.99,$49.99,$0.00,37,+10,20,17
Oct 3 - 5,Singapore Airlines Singapore GPMarina Bay Street Circuit,19,Red Bull Racing F1 Men's 2024 Team Polo Shirt,$45.26,$45.26,$0.00,37,+10,20,17
Oct 3 - 5,Singapore Airlines Singapore GPMarina Bay Street Circuit,20,Hot Wheels 2024 Formula 1,$28.98,$28.98,$0.00,37,+10,20,17
Oct 17 - 19,MSC Cruises United States GPCircuit of the Americas,1,"CaDA C55082W Kick Sauber F1 Team C45 Building Blocks Car,1:24 Scale Official Licensed Formula 1 Race Car Model,348 Pieces for Adults & Teens",$19.29,$19.29,$0.00,26,-11,8,18
Oct 17 - 19,MSC Cruises United States GPCircuit of the Americas,2,"CaDA C64010W Kick Sauber F1 Team C44 Racing Building Set,MOC 1:8 F1 Building Block Car,Formula 1 Championship Super Car Model for Adults (2553pcs)",$149.99,$149.99,$0.00,26,-11,8,18
Oct 17 - 19,MSC Cruises United States GPCircuit of the Americas,3,"CaDA C55032W Kick Sauber F1 Team C44 Racing Building Set,MOC 1:24 Racing Car Brick Kit,Collectible Display Model for Adults Home Decor（314 pcs）",$18.99,$18.99,$0.00,26,-11,8,18
Oct 17 - 19,MSC Cruises United States GPCircuit of the Americas,4,GTR Simulator GTA Compact V2 Foldable Racing Simulator Cockpit Stake F1® Team Kick Sauber Edition,$199.00,$199.00,$0.00,26,-11,8,18
Oct 17 - 19,MSC Cruises United States GPCircuit of the Americas,5,"CaDA C64010W C44 Kick Sauber & Pirelli Official Licensed 1:8 Scale F1 Racing Car Building Blocks Set 2553 Piece Model Car Kit with DRS System, STEM Educational Toy for Adults & Teens [Authorized]",$127.99,$127.99,$0.00,26,-11,8,18
Oct 17 - 19,MSC Cruises United States GPCircuit of the Americas,6,"Stake Cap for Valtteri Bottas F1 Sauber Team, Black, One Size Fits Most",$19.99,$19.99,$0.00,26,-11,8,18
Oct 17 - 19,MSC Cruises United States GPCircuit of the Americas,7,Speedgear Stake F1 Sauber Kick Team Polo Shirt Black,$49.99,$49.99,$0.00,26,-11,8,18
Oct 17 - 19,MSC Cruises United States GPCircuit of the Americas,8,"Hot Wheels McLaren Formula One Team [Black & Orange] F1 1/5, 20/250, 1:64 Scale Diecast Toy Vehicle",$8.66,$8.66,$0.00,26,-11,8,18
Oct 17 - 19,MSC Cruises United States GPCircuit of the Americas,9,Speedgear Stake F1 Sauber Kick Team Polo Shirt Black,$49.99,$49.99,$0.00,26,-11,8,18
Oct 17 - 19,MSC Cruises United States GPCircuit of the Americas,10,Solido 1:18 Model Car - Kick Clean F1 Team C44 Zhou Guanyu Bahrain GP 2024 Formula 1 Racing Car,$49.95,$49.95,$0.00,26,-11,8,18
Oct 17 - 19,MSC Cruises United States GPCircuit of the Americas,11,"F1 Socks for Racing, F1 Merch for Men, Do Not Disturb I'm Watching for Teen Gift, Fathers Day Dad Gifts from Wife Daughter Son, Stocking Stuffers, and Novelty Gifts for Boyfriend Husband",$6.99,$6.99,$0.00,26,-11,8,18
Oct 17 - 19,MSC Cruises United States GPCircuit of the Americas,12,CMC Motorsports Haas Racing F1 Team Logo Hat - Black,$9.99,$9.99,$0.00,26,-11,8,18
Oct 17 - 19,MSC Cruises United States GPCircuit of the Americas,13,GTR Simulator GTA Compact V2 Foldable Racing Simulator Cockpit Stake F1® Team Kick Sauber Edition (Shifter Holder),$58.99,$58.99,$0.00,26,-11,8,18
Oct 17 - 19,MSC Cruises United States GPCircuit of the Americas,14,CMC Motorsports Stake F1 Kick Sauber 2024 Men's Team Rain Jacket,$99.99,$99.99,$0.00,26,-11,8,18
Oct 17 - 19,MSC Cruises United States GPCircuit of the Americas,15,OPO 10 - Miniature car Formula 1 1/43 Compatible with BMW Sauber F1.08 - Robert Kubica - 2008 - F1 FD050,$24.90,$24.90,$0.00,26,-11,8,18
Oct 17 - 19,MSC Cruises United States GPCircuit of the Americas,16,Stake F1 Sauber Kick Team Zip Sweatshirt Black,$59.99,$59.99,$0.00,26,-11,8,18
Oct 17 - 19,MSC Cruises United States GPCircuit of the Americas,17,Bburago 1:43 Race BWT Alpine F1 Team A523 (2023) w/Driver,$9.99,$9.99,$0.00,26,-11,8,18
Oct 17 - 19,MSC Cruises United States GPCircuit of the Americas,18,Speedgear Stake F1 Sauber Kick Team Polo Shirt Black,$49.99,$49.99,$0.00,26,-11,8,18
Oct 17 - 19,MSC Cruises United States GPCircuit of the Americas,19,Red Bull Racing F1 Men's 2024 Team Polo Shirt,$45.26,$45.26,$0.00,26,-11,8,18
Oct 17 - 19,MSC Cruises United States GPCircuit of the Americas,20,Hot Wheels 2024 Formula 1,$28.98,$28.98,$0.00,26,-11,8,18
Oct 24 - 26,Mexico City GPAutodromo Hermanos Rodriguez,1,"CaDA C55082W Kick Sauber F1 Team C45 Building Blocks Car,1:24 Scale Official Licensed Formula 1 Race Car Model,348 Pieces for Adults & Teens",$19.29,$19.29,$0.00,10,-16,Ret,10
Oct 24 - 26,Mexico City GPAutodromo Hermanos Rodriguez,2,"CaDA C64010W Kick Sauber F1 Team C44 Racing Building Set,MOC 1:8 F1 Building Block Car,Formula 1 Championship Super Car Model for Adults (2553pcs)",$149.99,$149.99,$0.00,10,-16,Ret,10
Oct 24 - 26,Mexico City GPAutodromo Hermanos Rodriguez,3,"CaDA C55032W Kick Sauber F1 Team C44 Racing Building Set,MOC 1:24 Racing Car Brick Kit,Collectible Display Model for Adults Home Decor（314 pcs）",$18.99,$18.99,$0.00,10,-16,Ret,10
Oct 24 - 26,Mexico City GPAutodromo Hermanos Rodriguez,4,GTR Simulator GTA Compact V2 Foldable Racing Simulator Cockpit Stake F1® Team Kick Sauber Edition,$199.00,$199.00,$0.00,10,-16,Ret,10
Oct 24 - 26,Mexico City GPAutodromo Hermanos Rodriguez,5,"CaDA C64010W C44 Kick Sauber & Pirelli Official Licensed 1:8 Scale F1 Racing Car Building Blocks Set 2553 Piece Model Car Kit with DRS System, STEM Educational Toy for Adults & Teens [Authorized]",$127.99,$127.99,$0.00,10,-16,Ret,10
Oct 24 - 26,Mexico City GPAutodromo Hermanos Rodriguez,6,"Stake Cap for Valtteri Bottas F1 Sauber Team, Black, One Size Fits Most",$19.99,$19.99,$0.00,10,-16,Ret,10
Oct 24 - 26,Mexico City GPAutodromo Hermanos Rodriguez,7,Speedgear Stake F1 Sauber Kick Team Polo Shirt Black,$49.99,$49.99,$0.00,10,-16,Ret,10
Oct 24 - 26,Mexico City GPAutodromo Hermanos Rodriguez,8,"Hot Wheels McLaren Formula One Team [Black & Orange] F1 1/5, 20/250, 1:64 Scale Diecast Toy Vehicle",$8.66,$8.66,$0.00,10,-16,Ret,10
Oct 24 - 26,Mexico City GPAutodromo Hermanos Rodriguez,9,Speedgear Stake F1 Sauber Kick Team Polo Shirt Black,$49.99,$49.99,$0.00,10,-16,Ret,10
Oct 24 - 26,Mexico City GPAutodromo Hermanos Rodriguez,10,Solido 1:18 Model Car - Kick Clean F1 Team C44 Zhou Guanyu Bahrain GP 2024 Formula 1 Racing Car,$49.95,$49.95,$0.00,10,-16,Ret,10
Oct 24 - 26,Mexico City GPAutodromo Hermanos Rodriguez,11,"F1 Socks for Racing, F1 Merch for Men, Do Not Disturb I'm Watching for Teen Gift, Fathers Day Dad Gifts from Wife Daughter Son, Stocking Stuffers, and Novelty Gifts for Boyfriend Husband",$6.99,$6.99,$0.00,10,-16,Ret,10
Oct 24 - 26,Mexico City GPAutodromo Hermanos Rodriguez,12,CMC Motorsports Haas Racing F1 Team Logo Hat - Black,$9.99,$9.99,$0.00,10,-16,Ret,10
Oct 24 - 26,Mexico City GPAutodromo Hermanos Rodriguez,13,GTR Simulator GTA Compact V2 Foldable Racing Simulator Cockpit Stake F1® Team Kick Sauber Edition (Shifter Holder),$58.99,$58.99,$0.00,10,-16,Ret,10
Oct 24 - 26,Mexico City GPAutodromo Hermanos Rodriguez,14,CMC Motorsports Stake F1 Kick Sauber 2024 Men's Team Rain Jacket,$99.99,$99.99,$0.00,10,-16,Ret,10
Oct 24 - 26,Mexico City GPAutodromo Hermanos Rodriguez,15,OPO 10 - Miniature car Formula 1 1/43 Compatible with BMW Sauber F1.08 - Robert Kubica - 2008 - F1 FD050,$24.90,$24.90,$0.00,10,-16,Ret,10
Oct 24 - 26,Mexico City GPAutodromo Hermanos Rodriguez,16,Stake F1 Sauber Kick Team Zip Sweatshirt Black,$59.99,$59.99,$0.00,10,-16,Ret,10
Oct 24 - 26,Mexico City GPAutodromo Hermanos Rodriguez,17,Bburago 1:43 Race BWT Alpine F1 Team A523 (2023) w/Driver,$9.99,$9.99,$0.00,10,-16,Ret,10
Oct 24 - 26,Mexico City GPAutodromo Hermanos Rodriguez,18,Speedgear Stake F1 Sauber Kick Team Polo Shirt Black,$49.99,$49.99,$0.00,10,-16,Ret,10
Oct 24 - 26,Mexico City GPAutodromo Hermanos Rodriguez,19,Red Bull Racing F1 Men's 2024 Team Polo Shirt,$45.26,$45.26,$0.00,10,-16,Ret,10
Oct 24 - 26,Mexico City GPAutodromo Hermanos Rodriguez,20,Hot Wheels 2024 Formula 1,$28.98,$28.98,$0.00,10,-16,Ret,10
Nov 7 - 9,MSC Cruises São Paulo GPAutodromo Jose Carlos Pace,1,"CaDA C55082W Kick Sauber F1 Team C45 Building Blocks Car,1:24 Scale Official Licensed Formula 1 Race Car Model,348 Pieces for Adults & Teens",$19.29,$19.29,$0.00,9,-1,9,Ret
Nov 7 - 9,MSC Cruises São Paulo GPAutodromo Jose Carlos Pace,2,"CaDA C64010W Kick Sauber F1 Team C44 Racing Building Set,MOC 1:8 F1 Building Block Car,Formula 1 Championship Super Car Model for Adults (2553pcs)",$149.99,$149.99,$0.00,9,-1,9,Ret
Nov 7 - 9,MSC Cruises São Paulo GPAutodromo Jose Carlos Pace,3,"CaDA C55032W Kick Sauber F1 Team C44 Racing Building Set,MOC 1:24 Racing Car Brick Kit,Collectible Display Model for Adults Home Decor（314 pcs）",$18.99,$18.99,$0.00,9,-1,9,Ret
Nov 7 - 9,MSC Cruises São Paulo GPAutodromo Jose Carlos Pace,4,GTR Simulator GTA Compact V2 Foldable Racing Simulator Cockpit Stake F1® Team Kick Sauber Edition,$199.00,$199.00,$0.00,9,-1,9,Ret
Nov 7 - 9,MSC Cruises São Paulo GPAutodromo Jose Carlos Pace,5,"CaDA C64010W C44 Kick Sauber & Pirelli Official Licensed 1:8 Scale F1 Racing Car Building Blocks Set 2553 Piece Model Car Kit with DRS System, STEM Educational Toy for Adults & Teens [Authorized]",$127.99,$127.99,$0.00,9,-1,9,Ret
Nov 7 - 9,MSC Cruises São Paulo GPAutodromo Jose Carlos Pace,6,"Stake Cap for Valtteri Bottas F1 Sauber Team, Black, One Size Fits Most",$19.99,$19.99,$0.00,9,-1,9,Ret
Nov 7 - 9,MSC Cruises São Paulo GPAutodromo Jose Carlos Pace,7,Speedgear Stake F1 Sauber Kick Team Polo Shirt Black,$49.99,$49.99,$0.00,9,-1,9,Ret
Nov 7 - 9,MSC Cruises São Paulo GPAutodromo Jose Carlos Pace,8,"Hot Wheels McLaren Formula One Team [Black & Orange] F1 1/5, 20/250, 1:64 Scale Diecast Toy Vehicle",$8.66,$8.66,$0.00,9,-1,9,Ret
Nov 7 - 9,MSC Cruises São Paulo GPAutodromo Jose Carlos Pace,9,Speedgear Stake F1 Sauber Kick Team Polo Shirt Black,$49.99,$49.99,$0.00,9,-1,9,Ret
Nov 7 - 9,MSC Cruises São Paulo GPAutodromo Jose Carlos Pace,10,Solido 1:18 Model Car - Kick Clean F1 Team C44 Zhou Guanyu Bahrain GP 2024 Formula 1 Racing Car,$49.95,$49.95,$0.00,9,-1,9,Ret
Nov 7 - 9,MSC Cruises São Paulo GPAutodromo Jose Carlos Pace,11,"F1 Socks for Racing, F1 Merch for Men, Do Not Disturb I'm Watching for Teen Gift, Fathers Day Dad Gifts from Wife Daughter Son, Stocking Stuffers, and Novelty Gifts for Boyfriend Husband",$6.99,$6.99,$0.00,9,-1,9,Ret
Nov 7 - 9,MSC Cruises São Paulo GPAutodromo Jose Carlos Pace,12,CMC Motorsports Haas Racing F1 Team Logo Hat - Black,$9.99,$9.99,$0.00,9,-1,9,Ret
Nov 7 - 9,MSC Cruises São Paulo GPAutodromo Jose Carlos Pace,13,GTR Simulator GTA Compact V2 Foldable Racing Simulator Cockpit Stake F1® Team Kick Sauber Edition (Shifter Holder),$58.99,$58.99,$0.00,9,-1,9,Ret
Nov 7 - 9,MSC Cruises São Paulo GPAutodromo Jose Carlos Pace,14,CMC Motorsports Stake F1 Kick Sauber 2024 Men's Team Rain Jacket,$99.99,$99.99,$0.00,9,-1,9,Ret
Nov 7 - 9,MSC Cruises São Paulo GPAutodromo Jose Carlos Pace,15,OPO 10 - Miniature car Formula 1 1/43 Compatible with BMW Sauber F1.08 - Robert Kubica - 2008 - F1 FD050,$24.90,$24.90,$0.00,9,-1,9,Ret
Nov 7 - 9,MSC Cruises São Paulo GPAutodromo Jose Carlos Pace,16,Stake F1 Sauber Kick Team Zip Sweatshirt Black,$59.99,$59.99,$0.00,9,-1,9,Ret
Nov 7 - 9,MSC Cruises São Paulo GPAutodromo Jose Carlos Pace,17,Bburago 1:43 Race BWT Alpine F1 Team A523 (2023) w/Driver,$9.99,$9.99,$0.00,9,-1,9,Ret
Nov 7 - 9,MSC Cruises São Paulo GPAutodromo Jose Carlos Pace,18,Speedgear Stake F1 Sauber Kick Team Polo Shirt Black,$49.99,$49.99,$0.00,9,-1,9,Ret
Nov 7 - 9,MSC Cruises São Paulo GPAutodromo Jose Carlos Pace,19,Red Bull Racing F1 Men's 2024 Team Polo Shirt,$45.26,$45.26,$0.00,9,-1,9,Ret
Nov 7 - 9,MSC Cruises São Paulo GPAutodromo Jose Carlos Pace,20,Hot Wheels 2024 Formula 1,$28.98,$28.98,$0.00,9,-1,9,Ret
Nov 20 - 22,Heineken Las Vegas GPLas Vegas Street Circuit,1,"CaDA C55082W Kick Sauber F1 Team C45 Building Blocks Car,1:24 Scale Official Licensed Formula 1 Race Car Model,348 Pieces for Adults & Teens",$19.29,$19.29,$0.00,7,-2,7,Ret
Nov 20 - 22,Heineken Las Vegas GPLas Vegas Street Circuit,2,"CaDA C64010W Kick Sauber F1 Team C44 Racing Building Set,MOC 1:8 F1 Building Block Car,Formula 1 Championship Super Car Model for Adults (2553pcs)",$149.99,$149.99,$0.00,7,-2,7,Ret
Nov 20 - 22,Heineken Las Vegas GPLas Vegas Street Circuit,3,"CaDA C55032W Kick Sauber F1 Team C44 Racing Building Set,MOC 1:24 Racing Car Brick Kit,Collectible Display Model for Adults Home Decor（314 pcs）",$18.99,$18.99,$0.00,7,-2,7,Ret
Nov 20 - 22,Heineken Las Vegas GPLas Vegas Street Circuit,4,GTR Simulator GTA Compact V2 Foldable Racing Simulator Cockpit Stake F1® Team Kick Sauber Edition,$199.00,$199.00,$0.00,7,-2,7,Ret
Nov 20 - 22,Heineken Las Vegas GPLas Vegas Street Circuit,5,"CaDA C64010W C44 Kick Sauber & Pirelli Official Licensed 1:8 Scale F1 Racing Car Building Blocks Set 2553 Piece Model Car Kit with DRS System, STEM Educational Toy for Adults & Teens [Authorized]",$127.99,$127.99,$0.00,7,-2,7,Ret
Nov 20 - 22,Heineken Las Vegas GPLas Vegas Street Circuit,6,"Stake Cap for Valtteri Bottas F1 Sauber Team, Black, One Size Fits Most",$19.99,$19.99,$0.00,7,-2,7,Ret
Nov 20 - 22,Heineken Las Vegas GPLas Vegas Street Circuit,7,Speedgear Stake F1 Sauber Kick Team Polo Shirt Black,$49.99,$49.99,$0.00,7,-2,7,Ret
Nov 20 - 22,Heineken Las Vegas GPLas Vegas Street Circuit,8,"Hot Wheels McLaren Formula One Team [Black & Orange] F1 1/5, 20/250, 1:64 Scale Diecast Toy Vehicle",$8.66,$8.66,$0.00,7,-2,7,Ret
Nov 20 - 22,Heineken Las Vegas GPLas Vegas Street Circuit,9,Speedgear Stake F1 Sauber Kick Team Polo Shirt Black,$49.99,$49.99,$0.00,7,-2,7,Ret
Nov 20 - 22,Heineken Las Vegas GPLas Vegas Street Circuit,10,Solido 1:18 Model Car - Kick Clean F1 Team C44 Zhou Guanyu Bahrain GP 2024 Formula 1 Racing Car,$49.95,$49.95,$0.00,7,-2,7,Ret
Nov 20 - 22,Heineken Las Vegas GPLas Vegas Street Circuit,11,"F1 Socks for Racing, F1 Merch for Men, Do Not Disturb I'm Watching for Teen Gift, Fathers Day Dad Gifts from Wife Daughter Son, Stocking Stuffers, and Novelty Gifts for Boyfriend Husband",$6.99,$6.99,$0.00,7,-2,7,Ret
Nov 20 - 22,Heineken Las Vegas GPLas Vegas Street Circuit,12,CMC Motorsports Haas Racing F1 Team Logo Hat - Black,$9.99,$9.99,$0.00,7,-2,7,Ret
Nov 20 - 22,Heineken Las Vegas GPLas Vegas Street Circuit,13,GTR Simulator GTA Compact V2 Foldable Racing Simulator Cockpit Stake F1® Team Kick Sauber Edition (Shifter Holder),$58.99,$58.99,$0.00,7,-2,7,Ret
Nov 20 - 22,Heineken Las Vegas GPLas Vegas Street Circuit,14,CMC Motorsports Stake F1 Kick Sauber 2024 Men's Team Rain Jacket,$99.99,$99.99,$0.00,7,-2,7,Ret
Nov 20 - 22,Heineken Las Vegas GPLas Vegas Street Circuit,15,OPO 10 - Miniature car Formula 1 1/43 Compatible with BMW Sauber F1.08 - Robert Kubica - 2008 - F1 FD050,$24.90,$24.90,$0.00,7,-2,7,Ret
Nov 20 - 22,Heineken Las Vegas GPLas Vegas Street Circuit,16,Stake F1 Sauber Kick Team Zip Sweatshirt Black,$59.99,$59.99,$0.00,7,-2,7,Ret
Nov 20 - 22,Heineken Las Vegas GPLas Vegas Street Circuit,17,Bburago 1:43 Race BWT Alpine F1 Team A523 (2023) w/Driver,$9.99,$9.99,$0.00,7,-2,7,Ret
Nov 20 - 22,Heineken Las Vegas GPLas Vegas Street Circuit,18,Speedgear Stake F1 Sauber Kick Team Polo Shirt Black,$49.99,$49.99,$0.00,7,-2,7,Ret
Nov 20 - 22,Heineken Las Vegas GPLas Vegas Street Circuit,19,Red Bull Racing F1 Men's 2024 Team Polo Shirt,$45.26,$45.26,$0.00,7,-2,7,Ret
Nov 20 - 22,Heineken Las Vegas GPLas Vegas Street Circuit,20,Hot Wheels 2024 Formula 1,$28.98,$28.98,$0.00,7,-2,7,Ret
Nov 28 - 30,Qatar Airways Qatar GPLosail International Circuit,1,"CaDA C55082W Kick Sauber F1 Team C45 Building Blocks Car,1:24 Scale Official Licensed Formula 1 Race Car Model,348 Pieces for Adults & Teens",$19.29,$19.29,$0.00,13,+6,Ret,13
Nov 28 - 30,Qatar Airways Qatar GPLosail International Circuit,2,"CaDA C64010W Kick Sauber F1 Team C44 Racing Building Set,MOC 1:8 F1 Building Block Car,Formula 1 Championship Super Car Model for Adults (2553pcs)",$149.99,$149.99,$0.00,13,+6,Ret,13
Nov 28 - 30,Qatar Airways Qatar GPLosail International Circuit,3,"CaDA C55032W Kick Sauber F1 Team C44 Racing Building Set,MOC 1:24 Racing Car Brick Kit,Collectible Display Model for Adults Home Decor（314 pcs）",$18.99,$18.99,$0.00,13,+6,Ret,13
Nov 28 - 30,Qatar Airways Qatar GPLosail International Circuit,4,GTR Simulator GTA Compact V2 Foldable Racing Simulator Cockpit Stake F1® Team Kick Sauber Edition,$199.00,$199.00,$0.00,13,+6,Ret,13
Nov 28 - 30,Qatar Airways Qatar GPLosail International Circuit,5,"CaDA C64010W C44 Kick Sauber & Pirelli Official Licensed 1:8 Scale F1 Racing Car Building Blocks Set 2553 Piece Model Car Kit with DRS System, STEM Educational Toy for Adults & Teens [Authorized]",$127.99,$127.99,$0.00,13,+6,Ret,13
Nov 28 - 30,Qatar Airways Qatar GPLosail International Circuit,6,"Stake Cap for Valtteri Bottas F1 Sauber Team, Black, One Size Fits Most",$19.99,$19.99,$0.00,13,+6,Ret,13
Nov 28 - 30,Qatar Airways Qatar GPLosail International Circuit,7,Speedgear Stake F1 Sauber Kick Team Polo Shirt Black,$49.99,$49.99,$0.00,13,+6,Ret,13
Nov 28 - 30,Qatar Airways Qatar GPLosail International Circuit,8,"Hot Wheels McLaren Formula One Team [Black & Orange] F1 1/5, 20/250, 1:64 Scale Diecast Toy Vehicle",$8.66,$8.66,$0.00,13,+6,Ret,13
Nov 28 - 30,Qatar Airways Qatar GPLosail International Circuit,9,Speedgear Stake F1 Sauber Kick Team Polo Shirt Black,$49.99,$49.99,$0.00,13,+6,Ret,13
Nov 28 - 30,Qatar Airways Qatar GPLosail International Circuit,10,Solido 1:18 Model Car - Kick Clean F1 Team C44 Zhou Guanyu Bahrain GP 2024 Formula 1 Racing Car,$49.95,$49.95,$0.00,13,+6,Ret,13
Nov 28 - 30,Qatar Airways Qatar GPLosail International Circuit,11,"F1 Socks for Racing, F1 Merch for Men, Do Not Disturb I'm Watching for Teen Gift, Fathers Day Dad Gifts from Wife Daughter Son, Stocking Stuffers, and Novelty Gifts for Boyfriend Husband",$6.99,$6.99,$0.00,13,+6,Ret,13
Nov 28 - 30,Qatar Airways Qatar GPLosail International Circuit,12,CMC Motorsports Haas Racing F1 Team Logo Hat - Black,$9.99,$9.99,$0.00,13,+6,Ret,13
Nov 28 - 30,Qatar Airways Qatar GPLosail International Circuit,13,GTR Simulator GTA Compact V2 Foldable Racing Simulator Cockpit Stake F1® Team Kick Sauber Edition (Shifter Holder),$58.99,$58.99,$0.00,13,+6,Ret,13
Nov 28 - 30,Qatar Airways Qatar GPLosail International Circuit,14,CMC Motorsports Stake F1 Kick Sauber 2024 Men's Team Rain Jacket,$99.99,$99.99,$0.00,13,+6,Ret,13
Nov 28 - 30,Qatar Airways Qatar GPLosail International Circuit,15,OPO 10 - Miniature car Formula 1 1/43 Compatible with BMW Sauber F1.08 - Robert Kubica - 2008 - F1 FD050,$24.90,$24.90,$0.00,13,+6,Ret,13
Nov 28 - 30,Qatar Airways Qatar GPLosail International Circuit,16,Stake F1 Sauber Kick Team Zip Sweatshirt Black,$59.99,$59.99,$0.00,13,+6,Ret,13
Nov 28 - 30,Qatar Airways Qatar GPLosail International Circuit,17,Bburago 1:43 Race BWT Alpine F1 Team A523 (2023) w/Driver,$9.99,$9.99,$0.00,13,+6,Ret,13
Nov 28 - 30,Qatar Airways Qatar GPLosail International Circuit,18,Speedgear Stake F1 Sauber Kick Team Polo Shirt Black,$49.99,$49.99,$0.00,13,+6,Ret,13
Nov 28 - 30,Qatar Airways Qatar GPLosail International Circuit,19,Red Bull Racing F1 Men's 2024 Team Polo Shirt,$45.26,$45.26,$0.00,13,+6,Ret,13
Nov 28 - 30,Qatar Airways Qatar GPLosail International Circuit,20,Hot Wheels 2024 Formula 1,$28.98,$28.98,$0.00,13,+6,Ret,13
Dec 5 - 7,Etihad Airways Abu Dhabi GPYas Marina Circuit,1,"CaDA C55082W Kick Sauber F1 Team C45 Building Blocks Car,1:24 Scale Official Licensed Formula 1 Race Car Model,348 Pieces for Adults & Teens",$19.29,$19.29,$0.00,20,+7,9,11
Dec 5 - 7,Etihad Airways Abu Dhabi GPYas Marina Circuit,2,"CaDA C64010W Kick Sauber F1 Team C44 Racing Building Set,MOC 1:8 F1 Building Block Car,Formula 1 Championship Super Car Model for Adults (2553pcs)",$149.99,$149.99,$0.00,20,+7,9,11
Dec 5 - 7,Etihad Airways Abu Dhabi GPYas Marina Circuit,3,"CaDA C55032W Kick Sauber F1 Team C44 Racing Building Set,MOC 1:24 Racing Car Brick Kit,Collectible Display Model for Adults Home Decor（314 pcs）",$18.99,$18.99,$0.00,20,+7,9,11
Dec 5 - 7,Etihad Airways Abu Dhabi GPYas Marina Circuit,4,GTR Simulator GTA Compact V2 Foldable Racing Simulator Cockpit Stake F1® Team Kick Sauber Edition,$199.00,$199.00,$0.00,20,+7,9,11
Dec 5 - 7,Etihad Airways Abu Dhabi GPYas Marina Circuit,5,"CaDA C64010W C44 Kick Sauber & Pirelli Official Licensed 1:8 Scale F1 Racing Car Building Blocks Set 2553 Piece Model Car Kit with DRS System, STEM Educational Toy for Adults & Teens [Authorized]",$127.99,$127.99,$0.00,20,+7,9,11
Dec 5 - 7,Etihad Airways Abu Dhabi GPYas Marina Circuit,6,"Stake Cap for Valtteri Bottas F1 Sauber Team, Black, One Size Fits Most",$19.99,$19.99,$0.00,20,+7,9,11
Dec 5 - 7,Etihad Airways Abu Dhabi GPYas Marina Circuit,7,Speedgear Stake F1 Sauber Kick Team Polo Shirt Black,$49.99,$49.99,$0.00,20,+7,9,11
Dec 5 - 7,Etihad Airways Abu Dhabi GPYas Marina Circuit,8,"Hot Wheels McLaren Formula One Team [Black & Orange] F1 1/5, 20/250, 1:64 Scale Diecast Toy Vehicle",$8.66,$8.66,$0.00,20,+7,9,11
Dec 5 - 7,Etihad Airways Abu Dhabi GPYas Marina Circuit,9,Speedgear Stake F1 Sauber Kick Team Polo Shirt Black,$49.99,$49.99,$0.00,20,+7,9,11
Dec 5 - 7,Etihad Airways Abu Dhabi GPYas Marina Circuit,10,Solido 1:18 Model Car - Kick Clean F1 Team C44 Zhou Guanyu Bahrain GP 2024 Formula 1 Racing Car,$49.95,$49.95,$0.00,20,+7,9,11
Dec 5 - 7,Etihad Airways Abu Dhabi GPYas Marina Circuit,11,"F1 Socks for Racing, F1 Merch for Men, Do Not Disturb I'm Watching for Teen Gift, Fathers Day Dad Gifts from Wife Daughter Son, Stocking Stuffers, and Novelty Gifts for Boyfriend Husband",$6.99,$6.99,$0.00,20,+7,9,11
Dec 5 - 7,Etihad Airways Abu Dhabi GPYas Marina Circuit,12,CMC Motorsports Haas Racing F1 Team Logo Hat - Black,$9.99,$9.99,$0.00,20,+7,9,11
Dec 5 - 7,Etihad Airways Abu Dhabi GPYas Marina Circuit,13,GTR Simulator GTA Compact V2 Foldable Racing Simulator Cockpit Stake F1® Team Kick Sauber Edition (Shifter Holder),$58.99,$58.99,$0.00,20,+7,9,11
Dec 5 - 7,Etihad Airways Abu Dhabi GPYas Marina Circuit,14,CMC Motorsports Stake F1 Kick Sauber 2024 Men's Team Rain Jacket,$99.99,$99.99,$0.00,20,+7,9,11
Dec 5 - 7,Etihad Airways Abu Dhabi GPYas Marina Circuit,15,OPO 10 - Miniature car Formula 1 1/43 Compatible with BMW Sauber F1.08 - Robert Kubica - 2008 - F1 FD050,$24.90,$24.90,$0.00,20,+7,9,11
Dec 5 - 7,Etihad Airways Abu Dhabi GPYas Marina Circuit,16,Stake F1 Sauber Kick Team Zip Sweatshirt Black,$59.99,$59.99,$0.00,20,+7,9,11
Dec 5 - 7,Etihad Airways Abu Dhabi GPYas Marina Circuit,17,Bburago 1:43 Race BWT Alpine F1 Team A523 (2023) w/Driver,$9.99,$9.99,$0.00,20,+7,9,11
Dec 5 - 7,Etihad Airways Abu Dhabi GPYas Marina Circuit,18,Speedgear Stake F1 Sauber Kick Team Polo Shirt Black,$49.99,$49.99,$0.00,20,+7,9,11
Dec 5 - 7,Etihad Airways Abu Dhabi GPYas Marina Circuit,19,Red Bull Racing F1 Men's 2024 Team Polo Shirt,$45.26,$45.26,$0.00,20,+7,9,11
Dec 5 - 7,Etihad Airways Abu Dhabi GPYas Marina Circuit,20,Hot Wheels 2024 Formula 1,$28.98,$28.98,$0.00,20,+7,9,11
