Race Date,Race Name,Product Rank,Product Name,Current Price,Previous Price,Price Change,Team Cumulative Placement,Team Placement Change,Williams Driver ALB Pos,Williams Driver SAI Pos
Mar 13 - 16,Louis Vuitton Australian GPMelbourne Grand Prix Circuit,1,LEGO,$26.97,N/A,N/A,5,N/A,5,Ret
Mar 13 - 16,Louis Vuitton Australian GPMelbourne Grand Prix Circuit,2,Umbro,$34.00,N/A,N/A,5,N/A,5,Ret
Mar 13 - 16,Louis Vuitton Australian GPMelbourne Grand Prix Circuit,3,Umbro,$34.00,$34.00,$0.00,5,N/A,5,Ret
Mar 13 - 16,Louis Vuitton Australian GPMelbourne Grand Prix Circuit,4,Umbro,$54.00,$34.00,+$20.00,5,N/A,5,Ret
Mar 13 - 16,Louis Vuitton Australian GPMelbourne Grand Prix Circuit,5,Umbro,$34.00,$54.00,-$20.00,5,N/A,5,Ret
Mar 13 - 16,Louis Vuitton Australian GPMelbourne Grand Prix Circuit,6,Umbro,$54.00,$34.00,+$20.00,5,N/A,5,Ret
Mar 13 - 16,Louis Vuitton Australian GPMelbourne Grand Prix Circuit,7,Umbro,$42.00,$54.00,-$12.00,5,N/A,5,Ret
Mar 13 - 16,Louis Vuitton Australian GPMelbourne Grand Prix Circuit,8,Mattel,$11.99,N/A,N/A,5,N/A,5,Ret
Mar 13 - 16,Louis Vuitton Australian GPMelbourne Grand Prix Circuit,9,Brandish Market,$15.95,N/A,N/A,5,N/A,5,Ret
Mar 13 - 16,Louis Vuitton Australian GPMelbourne Grand Prix Circuit,10,PUMA,$33.45,N/A,N/A,5,N/A,5,Ret
Mar 13 - 16,Louis Vuitton Australian GPMelbourne Grand Prix Circuit,11,Umbro,$34.00,$42.00,-$8.00,5,N/A,5,Ret
Mar 13 - 16,Louis Vuitton Australian GPMelbourne Grand Prix Circuit,12,Brandish Market,$13.95,$15.95,-$2.00,5,N/A,5,Ret
Mar 13 - 16,Louis Vuitton Australian GPMelbourne Grand Prix Circuit,13,Hot Wheels,$25.00,N/A,N/A,5,N/A,5,Ret
Mar 13 - 16,Louis Vuitton Australian GPMelbourne Grand Prix Circuit,14,OPO 10,$69.90,N/A,N/A,5,N/A,5,Ret
Mar 13 - 16,Louis Vuitton Australian GPMelbourne Grand Prix Circuit,15,Williams Racing,$34.99,N/A,N/A,5,N/A,5,Ret
Mar 13 - 16,Louis Vuitton Australian GPMelbourne Grand Prix Circuit,16,PUMA,$29.40,$33.45,-$4.05,5,N/A,5,Ret
Mar 13 - 16,Louis Vuitton Australian GPMelbourne Grand Prix Circuit,17,Umbro,$42.00,$34.00,+$8.00,5,N/A,5,Ret
Mar 13 - 16,Louis Vuitton Australian GPMelbourne Grand Prix Circuit,18,PUMA,$35.97,$29.40,+$6.57,5,N/A,5,Ret
Mar 13 - 16,Louis Vuitton Australian GPMelbourne Grand Prix Circuit,19,F1,$49.99,N/A,N/A,5,N/A,5,Ret
Mar 13 - 16,Louis Vuitton Australian GPMelbourne Grand Prix Circuit,20,PUMA,$25.75,$35.97,-$10.22,5,N/A,5,Ret
Mar 20 - 23,Heineken Chinese GPShanghai International Circuit,1,LEGO,$26.97,$26.97,$0.00,17,+12,7,10
Mar 20 - 23,Heineken Chinese GPShanghai International Circuit,2,Umbro,$34.00,$42.00,-$8.00,17,+12,7,10
Mar 20 - 23,Heineken Chinese GPShanghai International Circuit,3,Umbro,$34.00,$34.00,$0.00,17,+12,7,10
Mar 20 - 23,Heineken Chinese GPShanghai International Circuit,4,Umbro,$54.00,$34.00,+$20.00,17,+12,7,10
Mar 20 - 23,Heineken Chinese GPShanghai International Circuit,5,Umbro,$34.00,$54.00,-$20.00,17,+12,7,10
Mar 20 - 23,Heineken Chinese GPShanghai International Circuit,6,Umbro,$54.00,$34.00,+$20.00,17,+12,7,10
Mar 20 - 23,Heineken Chinese GPShanghai International Circuit,7,Umbro,$42.00,$54.00,-$12.00,17,+12,7,10
Mar 20 - 23,Heineken Chinese GPShanghai International Circuit,8,Mattel,$11.99,$11.99,$0.00,17,+12,7,10
Mar 20 - 23,Heineken Chinese GPShanghai International Circuit,9,Brandish Market,$15.95,$13.95,+$2.00,17,+12,7,10
Mar 20 - 23,Heineken Chinese GPShanghai International Circuit,10,PUMA,$33.45,$25.75,+$7.70,17,+12,7,10
Mar 20 - 23,Heineken Chinese GPShanghai International Circuit,11,Umbro,$34.00,$42.00,-$8.00,17,+12,7,10
Mar 20 - 23,Heineken Chinese GPShanghai International Circuit,12,Brandish Market,$13.95,$15.95,-$2.00,17,+12,7,10
Mar 20 - 23,Heineken Chinese GPShanghai International Circuit,13,Hot Wheels,$25.00,$25.00,$0.00,17,+12,7,10
Mar 20 - 23,Heineken Chinese GPShanghai International Circuit,14,OPO 10,$69.90,$69.90,$0.00,17,+12,7,10
Mar 20 - 23,Heineken Chinese GPShanghai International Circuit,15,Williams Racing,$34.99,$34.99,$0.00,17,+12,7,10
Mar 20 - 23,Heineken Chinese GPShanghai International Circuit,16,PUMA,$29.40,$33.45,-$4.05,17,+12,7,10
Mar 20 - 23,Heineken Chinese GPShanghai International Circuit,17,Umbro,$42.00,$34.00,+$8.00,17,+12,7,10
Mar 20 - 23,Heineken Chinese GPShanghai International Circuit,18,PUMA,$35.97,$29.40,+$6.57,17,+12,7,10
Mar 20 - 23,Heineken Chinese GPShanghai International Circuit,19,F1,$49.99,$49.99,$0.00,17,+12,7,10
Mar 20 - 23,Heineken Chinese GPShanghai International Circuit,20,PUMA,$25.75,$35.97,-$10.22,17,+12,7,10
Apr 3 - 6,Lenovo Japanese GPSuzuka International Racing Course,1,LEGO,$26.97,$26.97,$0.00,23,+6,9,14
Apr 3 - 6,Lenovo Japanese GPSuzuka International Racing Course,2,Umbro,$34.00,$42.00,-$8.00,23,+6,9,14
Apr 3 - 6,Lenovo Japanese GPSuzuka International Racing Course,3,Umbro,$34.00,$34.00,$0.00,23,+6,9,14
Apr 3 - 6,Lenovo Japanese GPSuzuka International Racing Course,4,Umbro,$54.00,$34.00,+$20.00,23,+6,9,14
Apr 3 - 6,Lenovo Japanese GPSuzuka International Racing Course,5,Umbro,$34.00,$54.00,-$20.00,23,+6,9,14
Apr 3 - 6,Lenovo Japanese GPSuzuka International Racing Course,6,Umbro,$54.00,$34.00,+$20.00,23,+6,9,14
Apr 3 - 6,Lenovo Japanese GPSuzuka International Racing Course,7,Umbro,$42.00,$54.00,-$12.00,23,+6,9,14
Apr 3 - 6,Lenovo Japanese GPSuzuka International Racing Course,8,Mattel,$11.99,$11.99,$0.00,23,+6,9,14
Apr 3 - 6,Lenovo Japanese GPSuzuka International Racing Course,9,Brandish Market,$15.95,$13.95,+$2.00,23,+6,9,14
Apr 3 - 6,Lenovo Japanese GPSuzuka International Racing Course,10,PUMA,$33.45,$25.75,+$7.70,23,+6,9,14
Apr 3 - 6,Lenovo Japanese GPSuzuka International Racing Course,11,Umbro,$34.00,$42.00,-$8.00,23,+6,9,14
Apr 3 - 6,Lenovo Japanese GPSuzuka International Racing Course,12,Brandish Market,$13.95,$15.95,-$2.00,23,+6,9,14
Apr 3 - 6,Lenovo Japanese GPSuzuka International Racing Course,13,Hot Wheels,$25.00,$25.00,$0.00,23,+6,9,14
Apr 3 - 6,Lenovo Japanese GPSuzuka International Racing Course,14,OPO 10,$69.90,$69.90,$0.00,23,+6,9,14
Apr 3 - 6,Lenovo Japanese GPSuzuka International Racing Course,15,Williams Racing,$34.99,$34.99,$0.00,23,+6,9,14
Apr 3 - 6,Lenovo Japanese GPSuzuka International Racing Course,16,PUMA,$29.40,$33.45,-$4.05,23,+6,9,14
Apr 3 - 6,Lenovo Japanese GPSuzuka International Racing Course,17,Umbro,$42.00,$34.00,+$8.00,23,+6,9,14
Apr 3 - 6,Lenovo Japanese GPSuzuka International Racing Course,18,PUMA,$35.97,$29.40,+$6.57,23,+6,9,14
Apr 3 - 6,Lenovo Japanese GPSuzuka International Racing Course,19,F1,$49.99,$49.99,$0.00,23,+6,9,14
Apr 3 - 6,Lenovo Japanese GPSuzuka International Racing Course,20,PUMA,$25.75,$35.97,-$10.22,23,+6,9,14
Apr 11 - 13,Gulf Air Bahrain GPBahrain International Circuit,1,LEGO,$26.97,$26.97,$0.00,12,-11,12,Ret
Apr 11 - 13,Gulf Air Bahrain GPBahrain International Circuit,2,Umbro,$34.00,$42.00,-$8.00,12,-11,12,Ret
Apr 11 - 13,Gulf Air Bahrain GPBahrain International Circuit,3,Umbro,$34.00,$34.00,$0.00,12,-11,12,Ret
Apr 11 - 13,Gulf Air Bahrain GPBahrain International Circuit,4,Umbro,$54.00,$34.00,+$20.00,12,-11,12,Ret
Apr 11 - 13,Gulf Air Bahrain GPBahrain International Circuit,5,Umbro,$34.00,$54.00,-$20.00,12,-11,12,Ret
Apr 11 - 13,Gulf Air Bahrain GPBahrain International Circuit,6,Umbro,$54.00,$34.00,+$20.00,12,-11,12,Ret
Apr 11 - 13,Gulf Air Bahrain GPBahrain International Circuit,7,Umbro,$42.00,$54.00,-$12.00,12,-11,12,Ret
Apr 11 - 13,Gulf Air Bahrain GPBahrain International Circuit,8,Mattel,$11.99,$11.99,$0.00,12,-11,12,Ret
Apr 11 - 13,Gulf Air Bahrain GPBahrain International Circuit,9,Brandish Market,$15.95,$13.95,+$2.00,12,-11,12,Ret
Apr 11 - 13,Gulf Air Bahrain GPBahrain International Circuit,10,PUMA,$33.45,$25.75,+$7.70,12,-11,12,Ret
Apr 11 - 13,Gulf Air Bahrain GPBahrain International Circuit,11,Umbro,$34.00,$42.00,-$8.00,12,-11,12,Ret
Apr 11 - 13,Gulf Air Bahrain GPBahrain International Circuit,12,Brandish Market,$13.95,$15.95,-$2.00,12,-11,12,Ret
Apr 11 - 13,Gulf Air Bahrain GPBahrain International Circuit,13,Hot Wheels,$25.00,$25.00,$0.00,12,-11,12,Ret
Apr 11 - 13,Gulf Air Bahrain GPBahrain International Circuit,14,OPO 10,$69.90,$69.90,$0.00,12,-11,12,Ret
Apr 11 - 13,Gulf Air Bahrain GPBahrain International Circuit,15,Williams Racing,$34.99,$34.99,$0.00,12,-11,12,Ret
Apr 11 - 13,Gulf Air Bahrain GPBahrain International Circuit,16,PUMA,$29.40,$33.45,-$4.05,12,-11,12,Ret
Apr 11 - 13,Gulf Air Bahrain GPBahrain International Circuit,17,Umbro,$42.00,$34.00,+$8.00,12,-11,12,Ret
Apr 11 - 13,Gulf Air Bahrain GPBahrain International Circuit,18,PUMA,$35.97,$29.40,+$6.57,12,-11,12,Ret
Apr 11 - 13,Gulf Air Bahrain GPBahrain International Circuit,19,F1,$49.99,$49.99,$0.00,12,-11,12,Ret
Apr 11 - 13,Gulf Air Bahrain GPBahrain International Circuit,20,PUMA,$25.75,$35.97,-$10.22,12,-11,12,Ret
Apr 18 - 20,STC Saudi Arabian GPJeddah Street Circuit,1,LEGO,$26.97,$26.97,$0.00,17,+5,9,8
Apr 18 - 20,STC Saudi Arabian GPJeddah Street Circuit,2,Umbro,$34.00,$42.00,-$8.00,17,+5,9,8
Apr 18 - 20,STC Saudi Arabian GPJeddah Street Circuit,3,Umbro,$34.00,$34.00,$0.00,17,+5,9,8
Apr 18 - 20,STC Saudi Arabian GPJeddah Street Circuit,4,Umbro,$54.00,$34.00,+$20.00,17,+5,9,8
Apr 18 - 20,STC Saudi Arabian GPJeddah Street Circuit,5,Umbro,$34.00,$54.00,-$20.00,17,+5,9,8
Apr 18 - 20,STC Saudi Arabian GPJeddah Street Circuit,6,Umbro,$54.00,$34.00,+$20.00,17,+5,9,8
Apr 18 - 20,STC Saudi Arabian GPJeddah Street Circuit,7,Umbro,$42.00,$54.00,-$12.00,17,+5,9,8
Apr 18 - 20,STC Saudi Arabian GPJeddah Street Circuit,8,Mattel,$11.99,$11.99,$0.00,17,+5,9,8
Apr 18 - 20,STC Saudi Arabian GPJeddah Street Circuit,9,Brandish Market,$15.95,$13.95,+$2.00,17,+5,9,8
Apr 18 - 20,STC Saudi Arabian GPJeddah Street Circuit,10,PUMA,$33.45,$25.75,+$7.70,17,+5,9,8
Apr 18 - 20,STC Saudi Arabian GPJeddah Street Circuit,11,Umbro,$34.00,$42.00,-$8.00,17,+5,9,8
Apr 18 - 20,STC Saudi Arabian GPJeddah Street Circuit,12,Brandish Market,$13.95,$15.95,-$2.00,17,+5,9,8
Apr 18 - 20,STC Saudi Arabian GPJeddah Street Circuit,13,Hot Wheels,$25.00,$25.00,$0.00,17,+5,9,8
Apr 18 - 20,STC Saudi Arabian GPJeddah Street Circuit,14,OPO 10,$69.90,$69.90,$0.00,17,+5,9,8
Apr 18 - 20,STC Saudi Arabian GPJeddah Street Circuit,15,Williams Racing,$34.99,$34.99,$0.00,17,+5,9,8
Apr 18 - 20,STC Saudi Arabian GPJeddah Street Circuit,16,PUMA,$29.40,$33.45,-$4.05,17,+5,9,8
Apr 18 - 20,STC Saudi Arabian GPJeddah Street Circuit,17,Umbro,$42.00,$34.00,+$8.00,17,+5,9,8
Apr 18 - 20,STC Saudi Arabian GPJeddah Street Circuit,18,PUMA,$35.97,$29.40,+$6.57,17,+5,9,8
Apr 18 - 20,STC Saudi Arabian GPJeddah Street Circuit,19,F1,$49.99,$49.99,$0.00,17,+5,9,8
Apr 18 - 20,STC Saudi Arabian GPJeddah Street Circuit,20,PUMA,$25.75,$35.97,-$10.22,17,+5,9,8
May 2 - 4,Crypto.com Miami GPMiami International Autodrome,1,LEGO,$26.97,$26.97,$0.00,14,-3,5,9
May 2 - 4,Crypto.com Miami GPMiami International Autodrome,2,Umbro,$34.00,$42.00,-$8.00,14,-3,5,9
May 2 - 4,Crypto.com Miami GPMiami International Autodrome,3,Umbro,$34.00,$34.00,$0.00,14,-3,5,9
May 2 - 4,Crypto.com Miami GPMiami International Autodrome,4,Umbro,$54.00,$34.00,+$20.00,14,-3,5,9
May 2 - 4,Crypto.com Miami GPMiami International Autodrome,5,Umbro,$34.00,$54.00,-$20.00,14,-3,5,9
May 2 - 4,Crypto.com Miami GPMiami International Autodrome,6,Umbro,$54.00,$34.00,+$20.00,14,-3,5,9
May 2 - 4,Crypto.com Miami GPMiami International Autodrome,7,Umbro,$42.00,$54.00,-$12.00,14,-3,5,9
May 2 - 4,Crypto.com Miami GPMiami International Autodrome,8,Mattel,$11.99,$11.99,$0.00,14,-3,5,9
May 2 - 4,Crypto.com Miami GPMiami International Autodrome,9,Brandish Market,$15.95,$13.95,+$2.00,14,-3,5,9
May 2 - 4,Crypto.com Miami GPMiami International Autodrome,10,PUMA,$33.45,$25.75,+$7.70,14,-3,5,9
May 2 - 4,Crypto.com Miami GPMiami International Autodrome,11,Umbro,$34.00,$42.00,-$8.00,14,-3,5,9
May 2 - 4,Crypto.com Miami GPMiami International Autodrome,12,Brandish Market,$13.95,$15.95,-$2.00,14,-3,5,9
May 2 - 4,Crypto.com Miami GPMiami International Autodrome,13,Hot Wheels,$25.00,$25.00,$0.00,14,-3,5,9
May 2 - 4,Crypto.com Miami GPMiami International Autodrome,14,OPO 10,$69.90,$69.90,$0.00,14,-3,5,9
May 2 - 4,Crypto.com Miami GPMiami International Autodrome,15,Williams Racing,$34.99,$34.99,$0.00,14,-3,5,9
May 2 - 4,Crypto.com Miami GPMiami International Autodrome,16,PUMA,$29.40,$33.45,-$4.05,14,-3,5,9
May 2 - 4,Crypto.com Miami GPMiami International Autodrome,17,Umbro,$42.00,$34.00,+$8.00,14,-3,5,9
May 2 - 4,Crypto.com Miami GPMiami International Autodrome,18,PUMA,$35.97,$29.40,+$6.57,14,-3,5,9
May 2 - 4,Crypto.com Miami GPMiami International Autodrome,19,F1,$49.99,$49.99,$0.00,14,-3,5,9
May 2 - 4,Crypto.com Miami GPMiami International Autodrome,20,PUMA,$25.75,$35.97,-$10.22,14,-3,5,9
May 16 - 18,AWS Made in Italy Emilia Romagna GPAutodromo Enzo e Dino Ferrari,1,LEGO,$26.97,$26.97,$0.00,13,-1,5,8
May 16 - 18,AWS Made in Italy Emilia Romagna GPAutodromo Enzo e Dino Ferrari,2,Umbro,$34.00,$42.00,-$8.00,13,-1,5,8
May 16 - 18,AWS Made in Italy Emilia Romagna GPAutodromo Enzo e Dino Ferrari,3,Umbro,$34.00,$34.00,$0.00,13,-1,5,8
May 16 - 18,AWS Made in Italy Emilia Romagna GPAutodromo Enzo e Dino Ferrari,4,Umbro,$54.00,$34.00,+$20.00,13,-1,5,8
May 16 - 18,AWS Made in Italy Emilia Romagna GPAutodromo Enzo e Dino Ferrari,5,Umbro,$34.00,$54.00,-$20.00,13,-1,5,8
May 16 - 18,AWS Made in Italy Emilia Romagna GPAutodromo Enzo e Dino Ferrari,6,Umbro,$54.00,$34.00,+$20.00,13,-1,5,8
May 16 - 18,AWS Made in Italy Emilia Romagna GPAutodromo Enzo e Dino Ferrari,7,Umbro,$42.00,$54.00,-$12.00,13,-1,5,8
May 16 - 18,AWS Made in Italy Emilia Romagna GPAutodromo Enzo e Dino Ferrari,8,Mattel,$11.99,$11.99,$0.00,13,-1,5,8
May 16 - 18,AWS Made in Italy Emilia Romagna GPAutodromo Enzo e Dino Ferrari,9,Brandish Market,$15.95,$13.95,+$2.00,13,-1,5,8
May 16 - 18,AWS Made in Italy Emilia Romagna GPAutodromo Enzo e Dino Ferrari,10,PUMA,$33.45,$25.75,+$7.70,13,-1,5,8
May 16 - 18,AWS Made in Italy Emilia Romagna GPAutodromo Enzo e Dino Ferrari,11,Umbro,$34.00,$42.00,-$8.00,13,-1,5,8
May 16 - 18,AWS Made in Italy Emilia Romagna GPAutodromo Enzo e Dino Ferrari,12,Brandish Market,$13.95,$15.95,-$2.00,13,-1,5,8
May 16 - 18,AWS Made in Italy Emilia Romagna GPAutodromo Enzo e Dino Ferrari,13,Hot Wheels,$25.00,$25.00,$0.00,13,-1,5,8
May 16 - 18,AWS Made in Italy Emilia Romagna GPAutodromo Enzo e Dino Ferrari,14,OPO 10,$69.90,$69.90,$0.00,13,-1,5,8
May 16 - 18,AWS Made in Italy Emilia Romagna GPAutodromo Enzo e Dino Ferrari,15,Williams Racing,$34.99,$34.99,$0.00,13,-1,5,8
May 16 - 18,AWS Made in Italy Emilia Romagna GPAutodromo Enzo e Dino Ferrari,16,PUMA,$29.40,$33.45,-$4.05,13,-1,5,8
May 16 - 18,AWS Made in Italy Emilia Romagna GPAutodromo Enzo e Dino Ferrari,17,Umbro,$42.00,$34.00,+$8.00,13,-1,5,8
May 16 - 18,AWS Made in Italy Emilia Romagna GPAutodromo Enzo e Dino Ferrari,18,PUMA,$35.97,$29.40,+$6.57,13,-1,5,8
May 16 - 18,AWS Made in Italy Emilia Romagna GPAutodromo Enzo e Dino Ferrari,19,F1,$49.99,$49.99,$0.00,13,-1,5,8
May 16 - 18,AWS Made in Italy Emilia Romagna GPAutodromo Enzo e Dino Ferrari,20,PUMA,$25.75,$35.97,-$10.22,13,-1,5,8
May 23 - 25,Tag Heuer Monaco GPCircuit de Monaco,1,LEGO,$26.97,$26.97,$0.00,19,+6,9,10
May 23 - 25,Tag Heuer Monaco GPCircuit de Monaco,2,Umbro,$34.00,$42.00,-$8.00,19,+6,9,10
May 23 - 25,Tag Heuer Monaco GPCircuit de Monaco,3,Umbro,$34.00,$34.00,$0.00,19,+6,9,10
May 23 - 25,Tag Heuer Monaco GPCircuit de Monaco,4,Umbro,$54.00,$34.00,+$20.00,19,+6,9,10
May 23 - 25,Tag Heuer Monaco GPCircuit de Monaco,5,Umbro,$34.00,$54.00,-$20.00,19,+6,9,10
May 23 - 25,Tag Heuer Monaco GPCircuit de Monaco,6,Umbro,$54.00,$34.00,+$20.00,19,+6,9,10
May 23 - 25,Tag Heuer Monaco GPCircuit de Monaco,7,Umbro,$42.00,$54.00,-$12.00,19,+6,9,10
May 23 - 25,Tag Heuer Monaco GPCircuit de Monaco,8,Mattel,$11.99,$11.99,$0.00,19,+6,9,10
May 23 - 25,Tag Heuer Monaco GPCircuit de Monaco,9,Brandish Market,$15.95,$13.95,+$2.00,19,+6,9,10
May 23 - 25,Tag Heuer Monaco GPCircuit de Monaco,10,PUMA,$33.45,$25.75,+$7.70,19,+6,9,10
May 23 - 25,Tag Heuer Monaco GPCircuit de Monaco,11,Umbro,$34.00,$42.00,-$8.00,19,+6,9,10
May 23 - 25,Tag Heuer Monaco GPCircuit de Monaco,12,Brandish Market,$13.95,$15.95,-$2.00,19,+6,9,10
May 23 - 25,Tag Heuer Monaco GPCircuit de Monaco,13,Hot Wheels,$25.00,$25.00,$0.00,19,+6,9,10
May 23 - 25,Tag Heuer Monaco GPCircuit de Monaco,14,OPO 10,$69.90,$69.90,$0.00,19,+6,9,10
May 23 - 25,Tag Heuer Monaco GPCircuit de Monaco,15,Williams Racing,$34.99,$34.99,$0.00,19,+6,9,10
May 23 - 25,Tag Heuer Monaco GPCircuit de Monaco,16,PUMA,$29.40,$33.45,-$4.05,19,+6,9,10
May 23 - 25,Tag Heuer Monaco GPCircuit de Monaco,17,Umbro,$42.00,$34.00,+$8.00,19,+6,9,10
May 23 - 25,Tag Heuer Monaco GPCircuit de Monaco,18,PUMA,$35.97,$29.40,+$6.57,19,+6,9,10
May 23 - 25,Tag Heuer Monaco GPCircuit de Monaco,19,F1,$49.99,$49.99,$0.00,19,+6,9,10
May 23 - 25,Tag Heuer Monaco GPCircuit de Monaco,20,PUMA,$25.75,$35.97,-$10.22,19,+6,9,10
May 30 - Jun 1,Aramco Spanish GPMadring,1,LEGO,$26.97,$26.97,$0.00,14,-5,Ret,14
May 30 - Jun 1,Aramco Spanish GPMadring,2,Umbro,$34.00,$42.00,-$8.00,14,-5,Ret,14
May 30 - Jun 1,Aramco Spanish GPMadring,3,Umbro,$34.00,$34.00,$0.00,14,-5,Ret,14
May 30 - Jun 1,Aramco Spanish GPMadring,4,Umbro,$54.00,$34.00,+$20.00,14,-5,Ret,14
May 30 - Jun 1,Aramco Spanish GPMadring,5,Umbro,$34.00,$54.00,-$20.00,14,-5,Ret,14
May 30 - Jun 1,Aramco Spanish GPMadring,6,Umbro,$54.00,$34.00,+$20.00,14,-5,Ret,14
May 30 - Jun 1,Aramco Spanish GPMadring,7,Umbro,$42.00,$54.00,-$12.00,14,-5,Ret,14
May 30 - Jun 1,Aramco Spanish GPMadring,8,Mattel,$11.99,$11.99,$0.00,14,-5,Ret,14
May 30 - Jun 1,Aramco Spanish GPMadring,9,Brandish Market,$15.95,$13.95,+$2.00,14,-5,Ret,14
May 30 - Jun 1,Aramco Spanish GPMadring,10,PUMA,$33.45,$25.75,+$7.70,14,-5,Ret,14
May 30 - Jun 1,Aramco Spanish GPMadring,11,Umbro,$34.00,$42.00,-$8.00,14,-5,Ret,14
May 30 - Jun 1,Aramco Spanish GPMadring,12,Brandish Market,$13.95,$15.95,-$2.00,14,-5,Ret,14
May 30 - Jun 1,Aramco Spanish GPMadring,13,Hot Wheels,$25.00,$25.00,$0.00,14,-5,Ret,14
May 30 - Jun 1,Aramco Spanish GPMadring,14,OPO 10,$69.90,$69.90,$0.00,14,-5,Ret,14
May 30 - Jun 1,Aramco Spanish GPMadring,15,Williams Racing,$34.99,$34.99,$0.00,14,-5,Ret,14
May 30 - Jun 1,Aramco Spanish GPMadring,16,PUMA,$29.40,$33.45,-$4.05,14,-5,Ret,14
May 30 - Jun 1,Aramco Spanish GPMadring,17,Umbro,$42.00,$34.00,+$8.00,14,-5,Ret,14
May 30 - Jun 1,Aramco Spanish GPMadring,18,PUMA,$35.97,$29.40,+$6.57,14,-5,Ret,14
May 30 - Jun 1,Aramco Spanish GPMadring,19,F1,$49.99,$49.99,$0.00,14,-5,Ret,14
May 30 - Jun 1,Aramco Spanish GPMadring,20,PUMA,$25.75,$35.97,-$10.22,14,-5,Ret,14
Jun 13 - 15,Pirelli Canadian GPCircuit Gilles-Villeneuve,1,LEGO,$26.97,$26.97,$0.00,10,-4,Ret,10
Jun 13 - 15,Pirelli Canadian GPCircuit Gilles-Villeneuve,2,Umbro,$34.00,$42.00,-$8.00,10,-4,Ret,10
Jun 13 - 15,Pirelli Canadian GPCircuit Gilles-Villeneuve,3,Umbro,$34.00,$34.00,$0.00,10,-4,Ret,10
Jun 13 - 15,Pirelli Canadian GPCircuit Gilles-Villeneuve,4,Umbro,$54.00,$34.00,+$20.00,10,-4,Ret,10
Jun 13 - 15,Pirelli Canadian GPCircuit Gilles-Villeneuve,5,Umbro,$34.00,$54.00,-$20.00,10,-4,Ret,10
Jun 13 - 15,Pirelli Canadian GPCircuit Gilles-Villeneuve,6,Umbro,$54.00,$34.00,+$20.00,10,-4,Ret,10
Jun 13 - 15,Pirelli Canadian GPCircuit Gilles-Villeneuve,7,Umbro,$42.00,$54.00,-$12.00,10,-4,Ret,10
Jun 13 - 15,Pirelli Canadian GPCircuit Gilles-Villeneuve,8,Mattel,$11.99,$11.99,$0.00,10,-4,Ret,10
Jun 13 - 15,Pirelli Canadian GPCircuit Gilles-Villeneuve,9,Brandish Market,$15.95,$13.95,+$2.00,10,-4,Ret,10
Jun 13 - 15,Pirelli Canadian GPCircuit Gilles-Villeneuve,10,PUMA,$33.45,$25.75,+$7.70,10,-4,Ret,10
Jun 13 - 15,Pirelli Canadian GPCircuit Gilles-Villeneuve,11,Umbro,$34.00,$42.00,-$8.00,10,-4,Ret,10
Jun 13 - 15,Pirelli Canadian GPCircuit Gilles-Villeneuve,12,Brandish Market,$13.95,$15.95,-$2.00,10,-4,Ret,10
Jun 13 - 15,Pirelli Canadian GPCircuit Gilles-Villeneuve,13,Hot Wheels,$25.00,$25.00,$0.00,10,-4,Ret,10
Jun 13 - 15,Pirelli Canadian GPCircuit Gilles-Villeneuve,14,OPO 10,$69.90,$69.90,$0.00,10,-4,Ret,10
Jun 13 - 15,Pirelli Canadian GPCircuit Gilles-Villeneuve,15,Williams Racing,$34.99,$34.99,$0.00,10,-4,Ret,10
Jun 13 - 15,Pirelli Canadian GPCircuit Gilles-Villeneuve,16,PUMA,$29.40,$33.45,-$4.05,10,-4,Ret,10
Jun 13 - 15,Pirelli Canadian GPCircuit Gilles-Villeneuve,17,Umbro,$42.00,$34.00,+$8.00,10,-4,Ret,10
Jun 13 - 15,Pirelli Canadian GPCircuit Gilles-Villeneuve,18,PUMA,$35.97,$29.40,+$6.57,10,-4,Ret,10
Jun 13 - 15,Pirelli Canadian GPCircuit Gilles-Villeneuve,19,F1,$49.99,$49.99,$0.00,10,-4,Ret,10
Jun 13 - 15,Pirelli Canadian GPCircuit Gilles-Villeneuve,20,PUMA,$25.75,$35.97,-$10.22,10,-4,Ret,10
Jun 27 - 29,MSC Cruises Austrian GPRed Bull Ring,1,LEGO,$26.97,$26.97,$0.00,N/A,N/A,Ret,Ret
Jun 27 - 29,MSC Cruises Austrian GPRed Bull Ring,2,Umbro,$34.00,$42.00,-$8.00,N/A,N/A,Ret,Ret
Jun 27 - 29,MSC Cruises Austrian GPRed Bull Ring,3,Umbro,$34.00,$34.00,$0.00,N/A,N/A,Ret,Ret
Jun 27 - 29,MSC Cruises Austrian GPRed Bull Ring,4,Umbro,$54.00,$34.00,+$20.00,N/A,N/A,Ret,Ret
Jun 27 - 29,MSC Cruises Austrian GPRed Bull Ring,5,Umbro,$34.00,$54.00,-$20.00,N/A,N/A,Ret,Ret
Jun 27 - 29,MSC Cruises Austrian GPRed Bull Ring,6,Umbro,$54.00,$34.00,+$20.00,N/A,N/A,Ret,Ret
Jun 27 - 29,MSC Cruises Austrian GPRed Bull Ring,7,Umbro,$42.00,$54.00,-$12.00,N/A,N/A,Ret,Ret
Jun 27 - 29,MSC Cruises Austrian GPRed Bull Ring,8,Mattel,$11.99,$11.99,$0.00,N/A,N/A,Ret,Ret
Jun 27 - 29,MSC Cruises Austrian GPRed Bull Ring,9,Brandish Market,$15.95,$13.95,+$2.00,N/A,N/A,Ret,Ret
Jun 27 - 29,MSC Cruises Austrian GPRed Bull Ring,10,PUMA,$33.45,$25.75,+$7.70,N/A,N/A,Ret,Ret
Jun 27 - 29,MSC Cruises Austrian GPRed Bull Ring,11,Umbro,$34.00,$42.00,-$8.00,N/A,N/A,Ret,Ret
Jun 27 - 29,MSC Cruises Austrian GPRed Bull Ring,12,Brandish Market,$13.95,$15.95,-$2.00,N/A,N/A,Ret,Ret
Jun 27 - 29,MSC Cruises Austrian GPRed Bull Ring,13,Hot Wheels,$25.00,$25.00,$0.00,N/A,N/A,Ret,Ret
Jun 27 - 29,MSC Cruises Austrian GPRed Bull Ring,14,OPO 10,$69.90,$69.90,$0.00,N/A,N/A,Ret,Ret
Jun 27 - 29,MSC Cruises Austrian GPRed Bull Ring,15,Williams Racing,$34.99,$34.99,$0.00,N/A,N/A,Ret,Ret
Jun 27 - 29,MSC Cruises Austrian GPRed Bull Ring,16,PUMA,$29.40,$33.45,-$4.05,N/A,N/A,Ret,Ret
Jun 27 - 29,MSC Cruises Austrian GPRed Bull Ring,17,Umbro,$42.00,$34.00,+$8.00,N/A,N/A,Ret,Ret
Jun 27 - 29,MSC Cruises Austrian GPRed Bull Ring,18,PUMA,$35.97,$29.40,+$6.57,N/A,N/A,Ret,Ret
Jun 27 - 29,MSC Cruises Austrian GPRed Bull Ring,19,F1,$49.99,$49.99,$0.00,N/A,N/A,Ret,Ret
Jun 27 - 29,MSC Cruises Austrian GPRed Bull Ring,20,PUMA,$25.75,$35.97,-$10.22,N/A,N/A,Ret,Ret
Jul 4 - 6,Qatar Airways British GPSilverstone Circuit,1,LEGO,$26.97,$26.97,$0.00,20,+10,8,12
Jul 4 - 6,Qatar Airways British GPSilverstone Circuit,2,Umbro,$34.00,$42.00,-$8.00,20,+10,8,12
Jul 4 - 6,Qatar Airways British GPSilverstone Circuit,3,Umbro,$34.00,$34.00,$0.00,20,+10,8,12
Jul 4 - 6,Qatar Airways British GPSilverstone Circuit,4,Umbro,$54.00,$34.00,+$20.00,20,+10,8,12
Jul 4 - 6,Qatar Airways British GPSilverstone Circuit,5,Umbro,$34.00,$54.00,-$20.00,20,+10,8,12
Jul 4 - 6,Qatar Airways British GPSilverstone Circuit,6,Umbro,$54.00,$34.00,+$20.00,20,+10,8,12
Jul 4 - 6,Qatar Airways British GPSilverstone Circuit,7,Umbro,$42.00,$54.00,-$12.00,20,+10,8,12
Jul 4 - 6,Qatar Airways British GPSilverstone Circuit,8,Mattel,$11.99,$11.99,$0.00,20,+10,8,12
Jul 4 - 6,Qatar Airways British GPSilverstone Circuit,9,Brandish Market,$15.95,$13.95,+$2.00,20,+10,8,12
Jul 4 - 6,Qatar Airways British GPSilverstone Circuit,10,PUMA,$33.45,$25.75,+$7.70,20,+10,8,12
Jul 4 - 6,Qatar Airways British GPSilverstone Circuit,11,Umbro,$34.00,$42.00,-$8.00,20,+10,8,12
Jul 4 - 6,Qatar Airways British GPSilverstone Circuit,12,Brandish Market,$13.95,$15.95,-$2.00,20,+10,8,12
Jul 4 - 6,Qatar Airways British GPSilverstone Circuit,13,Hot Wheels,$25.00,$25.00,$0.00,20,+10,8,12
Jul 4 - 6,Qatar Airways British GPSilverstone Circuit,14,OPO 10,$69.90,$69.90,$0.00,20,+10,8,12
Jul 4 - 6,Qatar Airways British GPSilverstone Circuit,15,Williams Racing,$34.99,$34.99,$0.00,20,+10,8,12
Jul 4 - 6,Qatar Airways British GPSilverstone Circuit,16,PUMA,$29.40,$33.45,-$4.05,20,+10,8,12
Jul 4 - 6,Qatar Airways British GPSilverstone Circuit,17,Umbro,$42.00,$34.00,+$8.00,20,+10,8,12
Jul 4 - 6,Qatar Airways British GPSilverstone Circuit,18,PUMA,$35.97,$29.40,+$6.57,20,+10,8,12
Jul 4 - 6,Qatar Airways British GPSilverstone Circuit,19,F1,$49.99,$49.99,$0.00,20,+10,8,12
Jul 4 - 6,Qatar Airways British GPSilverstone Circuit,20,PUMA,$25.75,$35.97,-$10.22,20,+10,8,12
Jul 25 - 27,Moët & Chandon Belgian GPCircuit de Spa-Francorchamps,1,LEGO,$26.97,$26.97,$0.00,24,+4,6,18
Jul 25 - 27,Moët & Chandon Belgian GPCircuit de Spa-Francorchamps,2,Umbro,$34.00,$42.00,-$8.00,24,+4,6,18
Jul 25 - 27,Moët & Chandon Belgian GPCircuit de Spa-Francorchamps,3,Umbro,$34.00,$34.00,$0.00,24,+4,6,18
Jul 25 - 27,Moët & Chandon Belgian GPCircuit de Spa-Francorchamps,4,Umbro,$54.00,$34.00,+$20.00,24,+4,6,18
Jul 25 - 27,Moët & Chandon Belgian GPCircuit de Spa-Francorchamps,5,Umbro,$34.00,$54.00,-$20.00,24,+4,6,18
Jul 25 - 27,Moët & Chandon Belgian GPCircuit de Spa-Francorchamps,6,Umbro,$54.00,$34.00,+$20.00,24,+4,6,18
Jul 25 - 27,Moët & Chandon Belgian GPCircuit de Spa-Francorchamps,7,Umbro,$42.00,$54.00,-$12.00,24,+4,6,18
Jul 25 - 27,Moët & Chandon Belgian GPCircuit de Spa-Francorchamps,8,Mattel,$11.99,$11.99,$0.00,24,+4,6,18
Jul 25 - 27,Moët & Chandon Belgian GPCircuit de Spa-Francorchamps,9,Brandish Market,$15.95,$13.95,+$2.00,24,+4,6,18
Jul 25 - 27,Moët & Chandon Belgian GPCircuit de Spa-Francorchamps,10,PUMA,$33.45,$25.75,+$7.70,24,+4,6,18
Jul 25 - 27,Moët & Chandon Belgian GPCircuit de Spa-Francorchamps,11,Umbro,$34.00,$42.00,-$8.00,24,+4,6,18
Jul 25 - 27,Moët & Chandon Belgian GPCircuit de Spa-Francorchamps,12,Brandish Market,$13.95,$15.95,-$2.00,24,+4,6,18
Jul 25 - 27,Moët & Chandon Belgian GPCircuit de Spa-Francorchamps,13,Hot Wheels,$25.00,$25.00,$0.00,24,+4,6,18
Jul 25 - 27,Moët & Chandon Belgian GPCircuit de Spa-Francorchamps,14,OPO 10,$69.90,$69.90,$0.00,24,+4,6,18
Jul 25 - 27,Moët & Chandon Belgian GPCircuit de Spa-Francorchamps,15,Williams Racing,$34.99,$34.99,$0.00,24,+4,6,18
Jul 25 - 27,Moët & Chandon Belgian GPCircuit de Spa-Francorchamps,16,PUMA,$29.40,$33.45,-$4.05,24,+4,6,18
Jul 25 - 27,Moët & Chandon Belgian GPCircuit de Spa-Francorchamps,17,Umbro,$42.00,$34.00,+$8.00,24,+4,6,18
Jul 25 - 27,Moët & Chandon Belgian GPCircuit de Spa-Francorchamps,18,PUMA,$35.97,$29.40,+$6.57,24,+4,6,18
Jul 25 - 27,Moët & Chandon Belgian GPCircuit de Spa-Francorchamps,19,F1,$49.99,$49.99,$0.00,24,+4,6,18
Jul 25 - 27,Moët & Chandon Belgian GPCircuit de Spa-Francorchamps,20,PUMA,$25.75,$35.97,-$10.22,24,+4,6,18
Aug 1 - 3,Lenovo Hungarian GPHungaroring,1,LEGO,$26.97,$26.97,$0.00,29,+5,15,14
Aug 1 - 3,Lenovo Hungarian GPHungaroring,2,Umbro,$34.00,$42.00,-$8.00,29,+5,15,14
Aug 1 - 3,Lenovo Hungarian GPHungaroring,3,Umbro,$34.00,$34.00,$0.00,29,+5,15,14
Aug 1 - 3,Lenovo Hungarian GPHungaroring,4,Umbro,$54.00,$34.00,+$20.00,29,+5,15,14
Aug 1 - 3,Lenovo Hungarian GPHungaroring,5,Umbro,$34.00,$54.00,-$20.00,29,+5,15,14
Aug 1 - 3,Lenovo Hungarian GPHungaroring,6,Umbro,$54.00,$34.00,+$20.00,29,+5,15,14
Aug 1 - 3,Lenovo Hungarian GPHungaroring,7,Umbro,$42.00,$54.00,-$12.00,29,+5,15,14
Aug 1 - 3,Lenovo Hungarian GPHungaroring,8,Mattel,$11.99,$11.99,$0.00,29,+5,15,14
Aug 1 - 3,Lenovo Hungarian GPHungaroring,9,Brandish Market,$15.95,$13.95,+$2.00,29,+5,15,14
Aug 1 - 3,Lenovo Hungarian GPHungaroring,10,PUMA,$33.45,$25.75,+$7.70,29,+5,15,14
Aug 1 - 3,Lenovo Hungarian GPHungaroring,11,Umbro,$34.00,$42.00,-$8.00,29,+5,15,14
Aug 1 - 3,Lenovo Hungarian GPHungaroring,12,Brandish Market,$13.95,$15.95,-$2.00,29,+5,15,14
Aug 1 - 3,Lenovo Hungarian GPHungaroring,13,Hot Wheels,$25.00,$25.00,$0.00,29,+5,15,14
Aug 1 - 3,Lenovo Hungarian GPHungaroring,14,OPO 10,$69.90,$69.90,$0.00,29,+5,15,14
Aug 1 - 3,Lenovo Hungarian GPHungaroring,15,Williams Racing,$34.99,$34.99,$0.00,29,+5,15,14
Aug 1 - 3,Lenovo Hungarian GPHungaroring,16,PUMA,$29.40,$33.45,-$4.05,29,+5,15,14
Aug 1 - 3,Lenovo Hungarian GPHungaroring,17,Umbro,$42.00,$34.00,+$8.00,29,+5,15,14
Aug 1 - 3,Lenovo Hungarian GPHungaroring,18,PUMA,$35.97,$29.40,+$6.57,29,+5,15,14
Aug 1 - 3,Lenovo Hungarian GPHungaroring,19,F1,$49.99,$49.99,$0.00,29,+5,15,14
Aug 1 - 3,Lenovo Hungarian GPHungaroring,20,PUMA,$25.75,$35.97,-$10.22,29,+5,15,14
Aug 29 - 31,Heineken Dutch GPCircuit Park Zandvoort,1,LEGO,$26.97,$26.97,$0.00,18,-11,5,13
Aug 29 - 31,Heineken Dutch GPCircuit Park Zandvoort,2,Umbro,$34.00,$42.00,-$8.00,18,-11,5,13
Aug 29 - 31,Heineken Dutch GPCircuit Park Zandvoort,3,Umbro,$34.00,$34.00,$0.00,18,-11,5,13
Aug 29 - 31,Heineken Dutch GPCircuit Park Zandvoort,4,Umbro,$54.00,$34.00,+$20.00,18,-11,5,13
Aug 29 - 31,Heineken Dutch GPCircuit Park Zandvoort,5,Umbro,$34.00,$54.00,-$20.00,18,-11,5,13
Aug 29 - 31,Heineken Dutch GPCircuit Park Zandvoort,6,Umbro,$54.00,$34.00,+$20.00,18,-11,5,13
Aug 29 - 31,Heineken Dutch GPCircuit Park Zandvoort,7,Umbro,$42.00,$54.00,-$12.00,18,-11,5,13
Aug 29 - 31,Heineken Dutch GPCircuit Park Zandvoort,8,Mattel,$11.99,$11.99,$0.00,18,-11,5,13
Aug 29 - 31,Heineken Dutch GPCircuit Park Zandvoort,9,Brandish Market,$15.95,$13.95,+$2.00,18,-11,5,13
Aug 29 - 31,Heineken Dutch GPCircuit Park Zandvoort,10,PUMA,$33.45,$25.75,+$7.70,18,-11,5,13
Aug 29 - 31,Heineken Dutch GPCircuit Park Zandvoort,11,Umbro,$34.00,$42.00,-$8.00,18,-11,5,13
Aug 29 - 31,Heineken Dutch GPCircuit Park Zandvoort,12,Brandish Market,$13.95,$15.95,-$2.00,18,-11,5,13
Aug 29 - 31,Heineken Dutch GPCircuit Park Zandvoort,13,Hot Wheels,$25.00,$25.00,$0.00,18,-11,5,13
Aug 29 - 31,Heineken Dutch GPCircuit Park Zandvoort,14,OPO 10,$69.90,$69.90,$0.00,18,-11,5,13
Aug 29 - 31,Heineken Dutch GPCircuit Park Zandvoort,15,Williams Racing,$34.99,$34.99,$0.00,18,-11,5,13
Aug 29 - 31,Heineken Dutch GPCircuit Park Zandvoort,16,PUMA,$29.40,$33.45,-$4.05,18,-11,5,13
Aug 29 - 31,Heineken Dutch GPCircuit Park Zandvoort,17,Umbro,$42.00,$34.00,+$8.00,18,-11,5,13
Aug 29 - 31,Heineken Dutch GPCircuit Park Zandvoort,18,PUMA,$35.97,$29.40,+$6.57,18,-11,5,13
Aug 29 - 31,Heineken Dutch GPCircuit Park Zandvoort,19,F1,$49.99,$49.99,$0.00,18,-11,5,13
Aug 29 - 31,Heineken Dutch GPCircuit Park Zandvoort,20,PUMA,$25.75,$35.97,-$10.22,18,-11,5,13
Sep 5 - 7,Pirelli Italian GPAutodromo Nazionale Monza,1,LEGO,$26.97,$26.97,$0.00,18,0,7,11
Sep 5 - 7,Pirelli Italian GPAutodromo Nazionale Monza,2,Umbro,$34.00,$42.00,-$8.00,18,0,7,11
Sep 5 - 7,Pirelli Italian GPAutodromo Nazionale Monza,3,Umbro,$34.00,$34.00,$0.00,18,0,7,11
Sep 5 - 7,Pirelli Italian GPAutodromo Nazionale Monza,4,Umbro,$54.00,$34.00,+$20.00,18,0,7,11
Sep 5 - 7,Pirelli Italian GPAutodromo Nazionale Monza,5,Umbro,$34.00,$54.00,-$20.00,18,0,7,11
Sep 5 - 7,Pirelli Italian GPAutodromo Nazionale Monza,6,Umbro,$54.00,$34.00,+$20.00,18,0,7,11
Sep 5 - 7,Pirelli Italian GPAutodromo Nazionale Monza,7,Umbro,$42.00,$54.00,-$12.00,18,0,7,11
Sep 5 - 7,Pirelli Italian GPAutodromo Nazionale Monza,8,Mattel,$11.99,$11.99,$0.00,18,0,7,11
Sep 5 - 7,Pirelli Italian GPAutodromo Nazionale Monza,9,Brandish Market,$15.95,$13.95,+$2.00,18,0,7,11
Sep 5 - 7,Pirelli Italian GPAutodromo Nazionale Monza,10,PUMA,$33.45,$25.75,+$7.70,18,0,7,11
Sep 5 - 7,Pirelli Italian GPAutodromo Nazionale Monza,11,Umbro,$34.00,$42.00,-$8.00,18,0,7,11
Sep 5 - 7,Pirelli Italian GPAutodromo Nazionale Monza,12,Brandish Market,$13.95,$15.95,-$2.00,18,0,7,11
Sep 5 - 7,Pirelli Italian GPAutodromo Nazionale Monza,13,Hot Wheels,$25.00,$25.00,$0.00,18,0,7,11
Sep 5 - 7,Pirelli Italian GPAutodromo Nazionale Monza,14,OPO 10,$69.90,$69.90,$0.00,18,0,7,11
Sep 5 - 7,Pirelli Italian GPAutodromo Nazionale Monza,15,Williams Racing,$34.99,$34.99,$0.00,18,0,7,11
Sep 5 - 7,Pirelli Italian GPAutodromo Nazionale Monza,16,PUMA,$29.40,$33.45,-$4.05,18,0,7,11
Sep 5 - 7,Pirelli Italian GPAutodromo Nazionale Monza,17,Umbro,$42.00,$34.00,+$8.00,18,0,7,11
Sep 5 - 7,Pirelli Italian GPAutodromo Nazionale Monza,18,PUMA,$35.97,$29.40,+$6.57,18,0,7,11
Sep 5 - 7,Pirelli Italian GPAutodromo Nazionale Monza,19,F1,$49.99,$49.99,$0.00,18,0,7,11
Sep 5 - 7,Pirelli Italian GPAutodromo Nazionale Monza,20,PUMA,$25.75,$35.97,-$10.22,18,0,7,11
Sep 19 - 21,Qatar Airways Azerbaijan GPBaku City Circuit,1,LEGO,$26.97,$26.97,$0.00,16,-2,13,3
Sep 19 - 21,Qatar Airways Azerbaijan GPBaku City Circuit,2,Umbro,$34.00,$42.00,-$8.00,16,-2,13,3
Sep 19 - 21,Qatar Airways Azerbaijan GPBaku City Circuit,3,Umbro,$34.00,$34.00,$0.00,16,-2,13,3
Sep 19 - 21,Qatar Airways Azerbaijan GPBaku City Circuit,4,Umbro,$54.00,$34.00,+$20.00,16,-2,13,3
Sep 19 - 21,Qatar Airways Azerbaijan GPBaku City Circuit,5,Umbro,$34.00,$54.00,-$20.00,16,-2,13,3
Sep 19 - 21,Qatar Airways Azerbaijan GPBaku City Circuit,6,Umbro,$54.00,$34.00,+$20.00,16,-2,13,3
Sep 19 - 21,Qatar Airways Azerbaijan GPBaku City Circuit,7,Umbro,$42.00,$54.00,-$12.00,16,-2,13,3
Sep 19 - 21,Qatar Airways Azerbaijan GPBaku City Circuit,8,Mattel,$11.99,$11.99,$0.00,16,-2,13,3
Sep 19 - 21,Qatar Airways Azerbaijan GPBaku City Circuit,9,Brandish Market,$15.95,$13.95,+$2.00,16,-2,13,3
Sep 19 - 21,Qatar Airways Azerbaijan GPBaku City Circuit,10,PUMA,$33.45,$25.75,+$7.70,16,-2,13,3
Sep 19 - 21,Qatar Airways Azerbaijan GPBaku City Circuit,11,Umbro,$34.00,$42.00,-$8.00,16,-2,13,3
Sep 19 - 21,Qatar Airways Azerbaijan GPBaku City Circuit,12,Brandish Market,$13.95,$15.95,-$2.00,16,-2,13,3
Sep 19 - 21,Qatar Airways Azerbaijan GPBaku City Circuit,13,Hot Wheels,$25.00,$25.00,$0.00,16,-2,13,3
Sep 19 - 21,Qatar Airways Azerbaijan GPBaku City Circuit,14,OPO 10,$69.90,$69.90,$0.00,16,-2,13,3
Sep 19 - 21,Qatar Airways Azerbaijan GPBaku City Circuit,15,Williams Racing,$34.99,$34.99,$0.00,16,-2,13,3
Sep 19 - 21,Qatar Airways Azerbaijan GPBaku City Circuit,16,PUMA,$29.40,$33.45,-$4.05,16,-2,13,3
Sep 19 - 21,Qatar Airways Azerbaijan GPBaku City Circuit,17,Umbro,$42.00,$34.00,+$8.00,16,-2,13,3
Sep 19 - 21,Qatar Airways Azerbaijan GPBaku City Circuit,18,PUMA,$35.97,$29.40,+$6.57,16,-2,13,3
Sep 19 - 21,Qatar Airways Azerbaijan GPBaku City Circuit,19,F1,$49.99,$49.99,$0.00,16,-2,13,3
Sep 19 - 21,Qatar Airways Azerbaijan GPBaku City Circuit,20,PUMA,$25.75,$35.97,-$10.22,16,-2,13,3
Oct 3 - 5,Singapore Airlines Singapore GPMarina Bay Street Circuit,1,LEGO,$26.97,$26.97,$0.00,24,+8,14,10
Oct 3 - 5,Singapore Airlines Singapore GPMarina Bay Street Circuit,2,Umbro,$34.00,$42.00,-$8.00,24,+8,14,10
Oct 3 - 5,Singapore Airlines Singapore GPMarina Bay Street Circuit,3,Umbro,$34.00,$34.00,$0.00,24,+8,14,10
Oct 3 - 5,Singapore Airlines Singapore GPMarina Bay Street Circuit,4,Umbro,$54.00,$34.00,+$20.00,24,+8,14,10
Oct 3 - 5,Singapore Airlines Singapore GPMarina Bay Street Circuit,5,Umbro,$34.00,$54.00,-$20.00,24,+8,14,10
Oct 3 - 5,Singapore Airlines Singapore GPMarina Bay Street Circuit,6,Umbro,$54.00,$34.00,+$20.00,24,+8,14,10
Oct 3 - 5,Singapore Airlines Singapore GPMarina Bay Street Circuit,7,Umbro,$42.00,$54.00,-$12.00,24,+8,14,10
Oct 3 - 5,Singapore Airlines Singapore GPMarina Bay Street Circuit,8,Mattel,$11.99,$11.99,$0.00,24,+8,14,10
Oct 3 - 5,Singapore Airlines Singapore GPMarina Bay Street Circuit,9,Brandish Market,$15.95,$13.95,+$2.00,24,+8,14,10
Oct 3 - 5,Singapore Airlines Singapore GPMarina Bay Street Circuit,10,PUMA,$33.45,$25.75,+$7.70,24,+8,14,10
Oct 3 - 5,Singapore Airlines Singapore GPMarina Bay Street Circuit,11,Umbro,$34.00,$42.00,-$8.00,24,+8,14,10
Oct 3 - 5,Singapore Airlines Singapore GPMarina Bay Street Circuit,12,Brandish Market,$13.95,$15.95,-$2.00,24,+8,14,10
Oct 3 - 5,Singapore Airlines Singapore GPMarina Bay Street Circuit,13,Hot Wheels,$25.00,$25.00,$0.00,24,+8,14,10
Oct 3 - 5,Singapore Airlines Singapore GPMarina Bay Street Circuit,14,OPO 10,$69.90,$69.90,$0.00,24,+8,14,10
Oct 3 - 5,Singapore Airlines Singapore GPMarina Bay Street Circuit,15,Williams Racing,$34.99,$34.99,$0.00,24,+8,14,10
Oct 3 - 5,Singapore Airlines Singapore GPMarina Bay Street Circuit,16,PUMA,$29.40,$33.45,-$4.05,24,+8,14,10
Oct 3 - 5,Singapore Airlines Singapore GPMarina Bay Street Circuit,17,Umbro,$42.00,$34.00,+$8.00,24,+8,14,10
Oct 3 - 5,Singapore Airlines Singapore GPMarina Bay Street Circuit,18,PUMA,$35.97,$29.40,+$6.57,24,+8,14,10
Oct 3 - 5,Singapore Airlines Singapore GPMarina Bay Street Circuit,19,F1,$49.99,$49.99,$0.00,24,+8,14,10
Oct 3 - 5,Singapore Airlines Singapore GPMarina Bay Street Circuit,20,PUMA,$25.75,$35.97,-$10.22,24,+8,14,10
Oct 17 - 19,MSC Cruises United States GPCircuit of the Americas,1,LEGO,$26.97,$26.97,$0.00,14,-10,14,Ret
Oct 17 - 19,MSC Cruises United States GPCircuit of the Americas,2,Umbro,$34.00,$42.00,-$8.00,14,-10,14,Ret
Oct 17 - 19,MSC Cruises United States GPCircuit of the Americas,3,Umbro,$34.00,$34.00,$0.00,14,-10,14,Ret
Oct 17 - 19,MSC Cruises United States GPCircuit of the Americas,4,Umbro,$54.00,$34.00,+$20.00,14,-10,14,Ret
Oct 17 - 19,MSC Cruises United States GPCircuit of the Americas,5,Umbro,$34.00,$54.00,-$20.00,14,-10,14,Ret
Oct 17 - 19,MSC Cruises United States GPCircuit of the Americas,6,Umbro,$54.00,$34.00,+$20.00,14,-10,14,Ret
Oct 17 - 19,MSC Cruises United States GPCircuit of the Americas,7,Umbro,$42.00,$54.00,-$12.00,14,-10,14,Ret
Oct 17 - 19,MSC Cruises United States GPCircuit of the Americas,8,Mattel,$11.99,$11.99,$0.00,14,-10,14,Ret
Oct 17 - 19,MSC Cruises United States GPCircuit of the Americas,9,Brandish Market,$15.95,$13.95,+$2.00,14,-10,14,Ret
Oct 17 - 19,MSC Cruises United States GPCircuit of the Americas,10,PUMA,$33.45,$25.75,+$7.70,14,-10,14,Ret
Oct 17 - 19,MSC Cruises United States GPCircuit of the Americas,11,Umbro,$34.00,$42.00,-$8.00,14,-10,14,Ret
Oct 17 - 19,MSC Cruises United States GPCircuit of the Americas,12,Brandish Market,$13.95,$15.95,-$2.00,14,-10,14,Ret
Oct 17 - 19,MSC Cruises United States GPCircuit of the Americas,13,Hot Wheels,$25.00,$25.00,$0.00,14,-10,14,Ret
Oct 17 - 19,MSC Cruises United States GPCircuit of the Americas,14,OPO 10,$69.90,$69.90,$0.00,14,-10,14,Ret
Oct 17 - 19,MSC Cruises United States GPCircuit of the Americas,15,Williams Racing,$34.99,$34.99,$0.00,14,-10,14,Ret
Oct 17 - 19,MSC Cruises United States GPCircuit of the Americas,16,PUMA,$29.40,$33.45,-$4.05,14,-10,14,Ret
Oct 17 - 19,MSC Cruises United States GPCircuit of the Americas,17,Umbro,$42.00,$34.00,+$8.00,14,-10,14,Ret
Oct 17 - 19,MSC Cruises United States GPCircuit of the Americas,18,PUMA,$35.97,$29.40,+$6.57,14,-10,14,Ret
Oct 17 - 19,MSC Cruises United States GPCircuit of the Americas,19,F1,$49.99,$49.99,$0.00,14,-10,14,Ret
Oct 17 - 19,MSC Cruises United States GPCircuit of the Americas,20,PUMA,$25.75,$35.97,-$10.22,14,-10,14,Ret
Oct 24 - 26,Mexico City GPAutodromo Hermanos Rodriguez,1,LEGO,$26.97,$26.97,$0.00,12,-2,12,Ret
Oct 24 - 26,Mexico City GPAutodromo Hermanos Rodriguez,2,Umbro,$34.00,$42.00,-$8.00,12,-2,12,Ret
Oct 24 - 26,Mexico City GPAutodromo Hermanos Rodriguez,3,Umbro,$34.00,$34.00,$0.00,12,-2,12,Ret
Oct 24 - 26,Mexico City GPAutodromo Hermanos Rodriguez,4,Umbro,$54.00,$34.00,+$20.00,12,-2,12,Ret
Oct 24 - 26,Mexico City GPAutodromo Hermanos Rodriguez,5,Umbro,$34.00,$54.00,-$20.00,12,-2,12,Ret
Oct 24 - 26,Mexico City GPAutodromo Hermanos Rodriguez,6,Umbro,$54.00,$34.00,+$20.00,12,-2,12,Ret
Oct 24 - 26,Mexico City GPAutodromo Hermanos Rodriguez,7,Umbro,$42.00,$54.00,-$12.00,12,-2,12,Ret
Oct 24 - 26,Mexico City GPAutodromo Hermanos Rodriguez,8,Mattel,$11.99,$11.99,$0.00,12,-2,12,Ret
Oct 24 - 26,Mexico City GPAutodromo Hermanos Rodriguez,9,Brandish Market,$15.95,$13.95,+$2.00,12,-2,12,Ret
Oct 24 - 26,Mexico City GPAutodromo Hermanos Rodriguez,10,PUMA,$33.45,$25.75,+$7.70,12,-2,12,Ret
Oct 24 - 26,Mexico City GPAutodromo Hermanos Rodriguez,11,Umbro,$34.00,$42.00,-$8.00,12,-2,12,Ret
Oct 24 - 26,Mexico City GPAutodromo Hermanos Rodriguez,12,Brandish Market,$13.95,$15.95,-$2.00,12,-2,12,Ret
Oct 24 - 26,Mexico City GPAutodromo Hermanos Rodriguez,13,Hot Wheels,$25.00,$25.00,$0.00,12,-2,12,Ret
Oct 24 - 26,Mexico City GPAutodromo Hermanos Rodriguez,14,OPO 10,$69.90,$69.90,$0.00,12,-2,12,Ret
Oct 24 - 26,Mexico City GPAutodromo Hermanos Rodriguez,15,Williams Racing,$34.99,$34.99,$0.00,12,-2,12,Ret
Oct 24 - 26,Mexico City GPAutodromo Hermanos Rodriguez,16,PUMA,$29.40,$33.45,-$4.05,12,-2,12,Ret
Oct 24 - 26,Mexico City GPAutodromo Hermanos Rodriguez,17,Umbro,$42.00,$34.00,+$8.00,12,-2,12,Ret
Oct 24 - 26,Mexico City GPAutodromo Hermanos Rodriguez,18,PUMA,$35.97,$29.40,+$6.57,12,-2,12,Ret
Oct 24 - 26,Mexico City GPAutodromo Hermanos Rodriguez,19,F1,$49.99,$49.99,$0.00,12,-2,12,Ret
Oct 24 - 26,Mexico City GPAutodromo Hermanos Rodriguez,20,PUMA,$25.75,$35.97,-$10.22,12,-2,12,Ret
Nov 7 - 9,MSC Cruises São Paulo GPAutodromo Jose Carlos Pace,1,LEGO,$26.97,$26.97,$0.00,24,+12,11,13
Nov 7 - 9,MSC Cruises São Paulo GPAutodromo Jose Carlos Pace,2,Umbro,$34.00,$42.00,-$8.00,24,+12,11,13
Nov 7 - 9,MSC Cruises São Paulo GPAutodromo Jose Carlos Pace,3,Umbro,$34.00,$34.00,$0.00,24,+12,11,13
Nov 7 - 9,MSC Cruises São Paulo GPAutodromo Jose Carlos Pace,4,Umbro,$54.00,$34.00,+$20.00,24,+12,11,13
Nov 7 - 9,MSC Cruises São Paulo GPAutodromo Jose Carlos Pace,5,Umbro,$34.00,$54.00,-$20.00,24,+12,11,13
Nov 7 - 9,MSC Cruises São Paulo GPAutodromo Jose Carlos Pace,6,Umbro,$54.00,$34.00,+$20.00,24,+12,11,13
Nov 7 - 9,MSC Cruises São Paulo GPAutodromo Jose Carlos Pace,7,Umbro,$42.00,$54.00,-$12.00,24,+12,11,13
Nov 7 - 9,MSC Cruises São Paulo GPAutodromo Jose Carlos Pace,8,Mattel,$11.99,$11.99,$0.00,24,+12,11,13
Nov 7 - 9,MSC Cruises São Paulo GPAutodromo Jose Carlos Pace,9,Brandish Market,$15.95,$13.95,+$2.00,24,+12,11,13
Nov 7 - 9,MSC Cruises São Paulo GPAutodromo Jose Carlos Pace,10,PUMA,$33.45,$25.75,+$7.70,24,+12,11,13
Nov 7 - 9,MSC Cruises São Paulo GPAutodromo Jose Carlos Pace,11,Umbro,$34.00,$42.00,-$8.00,24,+12,11,13
Nov 7 - 9,MSC Cruises São Paulo GPAutodromo Jose Carlos Pace,12,Brandish Market,$13.95,$15.95,-$2.00,24,+12,11,13
Nov 7 - 9,MSC Cruises São Paulo GPAutodromo Jose Carlos Pace,13,Hot Wheels,$25.00,$25.00,$0.00,24,+12,11,13
Nov 7 - 9,MSC Cruises São Paulo GPAutodromo Jose Carlos Pace,14,OPO 10,$69.90,$69.90,$0.00,24,+12,11,13
Nov 7 - 9,MSC Cruises São Paulo GPAutodromo Jose Carlos Pace,15,Williams Racing,$34.99,$34.99,$0.00,24,+12,11,13
Nov 7 - 9,MSC Cruises São Paulo GPAutodromo Jose Carlos Pace,16,PUMA,$29.40,$33.45,-$4.05,24,+12,11,13
Nov 7 - 9,MSC Cruises São Paulo GPAutodromo Jose Carlos Pace,17,Umbro,$42.00,$34.00,+$8.00,24,+12,11,13
Nov 7 - 9,MSC Cruises São Paulo GPAutodromo Jose Carlos Pace,18,PUMA,$35.97,$29.40,+$6.57,24,+12,11,13
Nov 7 - 9,MSC Cruises São Paulo GPAutodromo Jose Carlos Pace,19,F1,$49.99,$49.99,$0.00,24,+12,11,13
Nov 7 - 9,MSC Cruises São Paulo GPAutodromo Jose Carlos Pace,20,PUMA,$25.75,$35.97,-$10.22,24,+12,11,13
Nov 20 - 22,Heineken Las Vegas GPLas Vegas Street Circuit,1,LEGO,$26.97,$26.97,$0.00,5,-19,Ret,5
Nov 20 - 22,Heineken Las Vegas GPLas Vegas Street Circuit,2,Umbro,$34.00,$42.00,-$8.00,5,-19,Ret,5
Nov 20 - 22,Heineken Las Vegas GPLas Vegas Street Circuit,3,Umbro,$34.00,$34.00,$0.00,5,-19,Ret,5
Nov 20 - 22,Heineken Las Vegas GPLas Vegas Street Circuit,4,Umbro,$54.00,$34.00,+$20.00,5,-19,Ret,5
Nov 20 - 22,Heineken Las Vegas GPLas Vegas Street Circuit,5,Umbro,$34.00,$54.00,-$20.00,5,-19,Ret,5
Nov 20 - 22,Heineken Las Vegas GPLas Vegas Street Circuit,6,Umbro,$54.00,$34.00,+$20.00,5,-19,Ret,5
Nov 20 - 22,Heineken Las Vegas GPLas Vegas Street Circuit,7,Umbro,$42.00,$54.00,-$12.00,5,-19,Ret,5
Nov 20 - 22,Heineken Las Vegas GPLas Vegas Street Circuit,8,Mattel,$11.99,$11.99,$0.00,5,-19,Ret,5
Nov 20 - 22,Heineken Las Vegas GPLas Vegas Street Circuit,9,Brandish Market,$15.95,$13.95,+$2.00,5,-19,Ret,5
Nov 20 - 22,Heineken Las Vegas GPLas Vegas Street Circuit,10,PUMA,$33.45,$25.75,+$7.70,5,-19,Ret,5
Nov 20 - 22,Heineken Las Vegas GPLas Vegas Street Circuit,11,Umbro,$34.00,$42.00,-$8.00,5,-19,Ret,5
Nov 20 - 22,Heineken Las Vegas GPLas Vegas Street Circuit,12,Brandish Market,$13.95,$15.95,-$2.00,5,-19,Ret,5
Nov 20 - 22,Heineken Las Vegas GPLas Vegas Street Circuit,13,Hot Wheels,$25.00,$25.00,$0.00,5,-19,Ret,5
Nov 20 - 22,Heineken Las Vegas GPLas Vegas Street Circuit,14,OPO 10,$69.90,$69.90,$0.00,5,-19,Ret,5
Nov 20 - 22,Heineken Las Vegas GPLas Vegas Street Circuit,15,Williams Racing,$34.99,$34.99,$0.00,5,-19,Ret,5
Nov 20 - 22,Heineken Las Vegas GPLas Vegas Street Circuit,16,PUMA,$29.40,$33.45,-$4.05,5,-19,Ret,5
Nov 20 - 22,Heineken Las Vegas GPLas Vegas Street Circuit,17,Umbro,$42.00,$34.00,+$8.00,5,-19,Ret,5
Nov 20 - 22,Heineken Las Vegas GPLas Vegas Street Circuit,18,PUMA,$35.97,$29.40,+$6.57,5,-19,Ret,5
Nov 20 - 22,Heineken Las Vegas GPLas Vegas Street Circuit,19,F1,$49.99,$49.99,$0.00,5,-19,Ret,5
Nov 20 - 22,Heineken Las Vegas GPLas Vegas Street Circuit,20,PUMA,$25.75,$35.97,-$10.22,5,-19,Ret,5
Nov 28 - 30,Qatar Airways Qatar GPLosail International Circuit,1,LEGO,$26.97,$26.97,$0.00,14,+9,11,3
Nov 28 - 30,Qatar Airways Qatar GPLosail International Circuit,2,Umbro,$34.00,$42.00,-$8.00,14,+9,11,3
Nov 28 - 30,Qatar Airways Qatar GPLosail International Circuit,3,Umbro,$34.00,$34.00,$0.00,14,+9,11,3
Nov 28 - 30,Qatar Airways Qatar GPLosail International Circuit,4,Umbro,$54.00,$34.00,+$20.00,14,+9,11,3
Nov 28 - 30,Qatar Airways Qatar GPLosail International Circuit,5,Umbro,$34.00,$54.00,-$20.00,14,+9,11,3
Nov 28 - 30,Qatar Airways Qatar GPLosail International Circuit,6,Umbro,$54.00,$34.00,+$20.00,14,+9,11,3
Nov 28 - 30,Qatar Airways Qatar GPLosail International Circuit,7,Umbro,$42.00,$54.00,-$12.00,14,+9,11,3
Nov 28 - 30,Qatar Airways Qatar GPLosail International Circuit,8,Mattel,$11.99,$11.99,$0.00,14,+9,11,3
Nov 28 - 30,Qatar Airways Qatar GPLosail International Circuit,9,Brandish Market,$15.95,$13.95,+$2.00,14,+9,11,3
Nov 28 - 30,Qatar Airways Qatar GPLosail International Circuit,10,PUMA,$33.45,$25.75,+$7.70,14,+9,11,3
Nov 28 - 30,Qatar Airways Qatar GPLosail International Circuit,11,Umbro,$34.00,$42.00,-$8.00,14,+9,11,3
Nov 28 - 30,Qatar Airways Qatar GPLosail International Circuit,12,Brandish Market,$13.95,$15.95,-$2.00,14,+9,11,3
Nov 28 - 30,Qatar Airways Qatar GPLosail International Circuit,13,Hot Wheels,$25.00,$25.00,$0.00,14,+9,11,3
Nov 28 - 30,Qatar Airways Qatar GPLosail International Circuit,14,OPO 10,$69.90,$69.90,$0.00,14,+9,11,3
Nov 28 - 30,Qatar Airways Qatar GPLosail International Circuit,15,Williams Racing,$34.99,$34.99,$0.00,14,+9,11,3
Nov 28 - 30,Qatar Airways Qatar GPLosail International Circuit,16,PUMA,$29.40,$33.45,-$4.05,14,+9,11,3
Nov 28 - 30,Qatar Airways Qatar GPLosail International Circuit,17,Umbro,$42.00,$34.00,+$8.00,14,+9,11,3
Nov 28 - 30,Qatar Airways Qatar GPLosail International Circuit,18,PUMA,$35.97,$29.40,+$6.57,14,+9,11,3
Nov 28 - 30,Qatar Airways Qatar GPLosail International Circuit,19,F1,$49.99,$49.99,$0.00,14,+9,11,3
Nov 28 - 30,Qatar Airways Qatar GPLosail International Circuit,20,PUMA,$25.75,$35.97,-$10.22,14,+9,11,3
Dec 5 - 7,Etihad Airways Abu Dhabi GPYas Marina Circuit,1,LEGO,$26.97,$26.97,$0.00,29,+15,16,13
Dec 5 - 7,Etihad Airways Abu Dhabi GPYas Marina Circuit,2,Umbro,$34.00,$42.00,-$8.00,29,+15,16,13
Dec 5 - 7,Etihad Airways Abu Dhabi GPYas Marina Circuit,3,Umbro,$34.00,$34.00,$0.00,29,+15,16,13
Dec 5 - 7,Etihad Airways Abu Dhabi GPYas Marina Circuit,4,Umbro,$54.00,$34.00,+$20.00,29,+15,16,13
Dec 5 - 7,Etihad Airways Abu Dhabi GPYas Marina Circuit,5,Umbro,$34.00,$54.00,-$20.00,29,+15,16,13
Dec 5 - 7,Etihad Airways Abu Dhabi GPYas Marina Circuit,6,Umbro,$54.00,$34.00,+$20.00,29,+15,16,13
Dec 5 - 7,Etihad Airways Abu Dhabi GPYas Marina Circuit,7,Umbro,$42.00,$54.00,-$12.00,29,+15,16,13
Dec 5 - 7,Etihad Airways Abu Dhabi GPYas Marina Circuit,8,Mattel,$11.99,$11.99,$0.00,29,+15,16,13
Dec 5 - 7,Etihad Airways Abu Dhabi GPYas Marina Circuit,9,Brandish Market,$15.95,$13.95,+$2.00,29,+15,16,13
Dec 5 - 7,Etihad Airways Abu Dhabi GPYas Marina Circuit,10,PUMA,$33.45,$25.75,+$7.70,29,+15,16,13
Dec 5 - 7,Etihad Airways Abu Dhabi GPYas Marina Circuit,11,Umbro,$34.00,$42.00,-$8.00,29,+15,16,13
Dec 5 - 7,Etihad Airways Abu Dhabi GPYas Marina Circuit,12,Brandish Market,$13.95,$15.95,-$2.00,29,+15,16,13
Dec 5 - 7,Etihad Airways Abu Dhabi GPYas Marina Circuit,13,Hot Wheels,$25.00,$25.00,$0.00,29,+15,16,13
Dec 5 - 7,Etihad Airways Abu Dhabi GPYas Marina Circuit,14,OPO 10,$69.90,$69.90,$0.00,29,+15,16,13
Dec 5 - 7,Etihad Airways Abu Dhabi GPYas Marina Circuit,15,Williams Racing,$34.99,$34.99,$0.00,29,+15,16,13
Dec 5 - 7,Etihad Airways Abu Dhabi GPYas Marina Circuit,16,PUMA,$29.40,$33.45,-$4.05,29,+15,16,13
Dec 5 - 7,Etihad Airways Abu Dhabi GPYas Marina Circuit,17,Umbro,$42.00,$34.00,+$8.00,29,+15,16,13
Dec 5 - 7,Etihad Airways Abu Dhabi GPYas Marina Circuit,18,PUMA,$35.97,$29.40,+$6.57,29,+15,16,13
Dec 5 - 7,Etihad Airways Abu Dhabi GPYas Marina Circuit,19,F1,$49.99,$49.99,$0.00,29,+15,16,13
Dec 5 - 7,Etihad Airways Abu Dhabi GPYas Marina Circuit,20,PUMA,$25.75,$35.97,-$10.22,29,+15,16,13
